product_id,maker_company_id,name,product_type,hs_code,unit_price_usd,annual_units,annual_revenue_usd
E00001,C00255,Obroant IX-700,ai_inference_server,847150,316000.0,4863,1536708000
E00002,C00255,Obroant TR-710,ai_training_rack,847150,3923000.0,541,2122343000
E00003,C00255,Obroant GS-520,general_server,847150,38000.0,21082,801116000
E00004,C00255,Obroant TR-830,ai_training_rack,847150,3586000.0,774,2775564000
E00005,C00255,Obroant IX-240,ai_inference_server,847150,271000.0,4178,1132238000
E00006,C00256,Vorelet GS-600,general_server,847150,23000.0,21763,500549000
E00007,C00256,Vorelet IX-110,ai_inference_server,847150,242000.0,3944,954448000
E00008,C00256,Vorelet IX-320,ai_inference_server,847150,385000.0,4566,1757910000
E00009,C00256,Vorelet GS-730,general_server,847150,39000.0,10328,402792000
E00010,C00256,Vorelet TR-240,ai_training_rack,847150,2377000.0,746,1773242000
E00011,C00257,Zelelion GS-400,general_server,847150,32000.0,56128,1796096000
E00012,C00257,Zelelion TR-710,ai_training_rack,847150,3284000.0,541,1776644000
E00013,C00258,Daviane IX-600,ai_inference_server,847150,204000.0,1618,330072000
E00014,C00258,Daviane IX-510,ai_inference_server,847150,237000.0,2891,685167000
E00015,C00258,Daviane TR-420,ai_training_rack,847150,2458000.0,681,1673898000
E00016,C00258,Daviane IX-930,ai_inference_server,847150,233000.0,2442,568986000
E00017,C00258,Daviane IX-940,ai_inference_server,847150,341000.0,3540,1207140000
E00018,C00258,Daviane GS-450,general_server,847150,21000.0,16274,341754000
E00019,C00258,Daviane TR-360,ai_training_rack,847150,3221000.0,793,2554253000
E00020,C00259,Seliane GS-700,general_server,847150,20000.0,57960,1159200000
E00021,C00259,Seliane GS-510,general_server,847150,36000.0,35648,1283328000
E00022,C00259,Seliane TR-820,ai_training_rack,847150,3085000.0,638,1968230000
E00023,C00260,Vorisent IX-200,ai_inference_server,847150,327000.0,5050,1651350000
E00024,C00260,Vorisent TR-910,ai_training_rack,847150,3923000.0,699,2742177000
E00025,C00261,Quineth GS-800,general_server,847150,40000.0,25239,1009560000
E00026,C00261,Quineth IX-110,ai_inference_server,847150,428000.0,3448,1475744000
E00027,C00261,Quineth GS-320,general_server,847150,34000.0,18582,631788000
E00028,C00261,Quineth GS-630,general_server,847150,40000.0,12507,500280000
E00029,C00261,Quineth IX-840,ai_inference_server,847150,427000.0,2969,1267763000
E00030,C00261,Quineth IX-650,ai_inference_server,847150,430000.0,5924,2547320000
E00031,C00262,Jorux GS-900,general_server,847150,36000.0,47263,1701468000
E00032,C00262,Jorux TR-710,ai_training_rack,847150,2771000.0,463,1282973000
E00033,C00263,Wynorios IX-600,ai_inference_server,847150,247000.0,2300,568100000
E00034,C00263,Wynorios IX-810,ai_inference_server,847150,317000.0,5155,1634135000
E00035,C00263,Wynorios TR-520,ai_training_rack,847150,2404000.0,628,1509712000
E00036,C00263,Wynorios GS-330,general_server,847150,38000.0,27784,1055792000
E00037,C00263,Wynorios IX-240,ai_inference_server,847150,344000.0,4980,1713120000
E00038,C00263,Wynorios IX-650,ai_inference_server,847150,264000.0,4838,1277232000
E00039,C00263,Wynorios GS-160,general_server,847150,10000.0,37433,374330000
E00040,C00264,Pyriux GS-300,general_server,847150,22000.0,18312,402864000
E00041,C00264,Pyriux GS-910,general_server,847150,38000.0,19649,746662000
E00042,C00264,Pyriux TR-820,ai_training_rack,847150,3332000.0,547,1822604000
E00043,C00264,Pyriux GS-430,general_server,847150,14000.0,38614,540596000
E00044,C00264,Pyriux IX-640,ai_inference_server,847150,468000.0,2916,1364688000
E00045,C00265,Falanex IX-900,ai_inference_server,847150,326000.0,5468,1782568000
E00046,C00265,Falanex GS-510,general_server,847150,28000.0,30518,854504000
E00047,C00265,Falanex GS-420,general_server,847150,15000.0,34433,516495000
E00048,C00265,Falanex TR-330,ai_training_rack,847150,3676000.0,295,1084420000
E00049,C00265,Falanex GS-340,general_server,847150,15000.0,30750,461250000
E00050,C00266,Aroeth GS-400,general_server,847150,13000.0,48319,628147000
E00051,C00266,Aroeth TR-110,ai_training_rack,847150,2386000.0,471,1123806000
E00052,C00266,Aroeth IX-620,ai_inference_server,847150,454000.0,2549,1157246000
E00053,C00266,Aroeth GS-130,general_server,847150,25000.0,55626,1390650000
E00054,C00266,Aroeth IX-940,ai_inference_server,847150,419000.0,5947,2491793000
E00055,C00266,Aroeth IX-250,ai_inference_server,847150,441000.0,5546,2445786000
E00056,C00266,Aroeth IX-660,ai_inference_server,847150,244000.0,1092,266448000
E00057,C00267,Itharell TR-300,ai_training_rack,847150,3087000.0,782,2414034000
E00058,C00267,Itharell TR-310,ai_training_rack,847150,3487000.0,238,829906000
E00059,C00267,Itharell GS-120,general_server,847150,11000.0,47455,522005000
E00060,C00267,Itharell TR-930,ai_training_rack,847150,3452000.0,377,1301404000
E00061,C00267,Itharell IX-740,ai_inference_server,847150,425000.0,1025,435625000
E00062,C00267,Itharell IX-250,ai_inference_server,847150,389000.0,1514,588946000
E00063,C00267,Itharell TR-160,ai_training_rack,847150,3774000.0,641,2419134000
E00064,C00268,Caelaell IX-800,ai_inference_server,847150,446000.0,4469,1993174000
E00065,C00268,Caelaell IX-110,ai_inference_server,847150,405000.0,3790,1534950000
E00066,C00268,Caelaell IX-620,ai_inference_server,847150,455000.0,2387,1086085000
E00067,C00268,Caelaell IX-930,ai_inference_server,847150,403000.0,1606,647218000
E00068,C00268,Caelaell GS-940,general_server,847150,10000.0,10393,103930000
E00069,C00269,Peliark TR-500,ai_training_rack,847150,3068000.0,771,2365428000
E00070,C00269,Peliark IX-910,ai_inference_server,847150,300000.0,5227,1568100000
E00071,C00269,Peliark GS-920,general_server,847150,31000.0,36042,1117302000
E00072,C00270,Sylent TR-300,ai_training_rack,847150,3368000.0,212,714016000
E00073,C00270,Sylent GS-710,general_server,847150,24000.0,43945,1054680000
E00074,C00270,Sylent GS-620,general_server,847150,32000.0,44504,1424128000
E00075,C00271,Nyryn TR-700,ai_training_rack,847150,3637000.0,441,1603917000
E00076,C00271,Nyryn TR-210,ai_training_rack,847150,2750000.0,538,1479500000
E00077,C00271,Nyryn GS-320,general_server,847150,30000.0,42840,1285200000
E00078,C00272,Kelenora TR-200,ai_training_rack,847150,2817000.0,646,1819782000
E00079,C00272,Kelenora IX-510,ai_inference_server,847150,249000.0,5478,1364022000
E00080,C00273,Velelium IX-100,ai_inference_server,847150,410000.0,5326,2183660000
E00081,C00273,Velelium GS-810,general_server,847150,21000.0,53589,1125369000
E00082,C00273,Velelium GS-620,general_server,847150,35000.0,45578,1595230000
E00083,C00273,Velelium GS-330,general_server,847150,16000.0,43831,701296000
E00084,C00274,Brynelux IX-400,ai_inference_server,847150,364000.0,737,268268000
E00085,C00274,Brynelux IX-510,ai_inference_server,847150,476000.0,4845,2306220000
E00086,C00274,Brynelux TR-220,ai_training_rack,847150,2626000.0,896,2352896000
E00087,C00274,Brynelux IX-430,ai_inference_server,847150,234000.0,4948,1157832000
E00088,C00274,Brynelux TR-340,ai_training_rack,847150,3889000.0,798,3103422000
E00089,C00274,Brynelux TR-850,ai_training_rack,847150,3422000.0,381,1303782000
E00090,C00275,Brynaix IX-600,ai_inference_server,847150,449000.0,5514,2475786000
E00091,C00275,Brynaix IX-210,ai_inference_server,847150,492000.0,5991,2947572000
E00092,C00275,Brynaix IX-920,ai_inference_server,847150,473000.0,5327,2519671000
E00093,C00275,Brynaix TR-530,ai_training_rack,847150,2982000.0,477,1422414000
E00094,C00275,Brynaix TR-440,ai_training_rack,847150,3957000.0,728,2880696000
E00095,C00275,Brynaix GS-350,general_server,847150,24000.0,39231,941544000
E00096,C00276,Lorieth GS-200,general_server,847150,14000.0,57618,806652000
E00097,C00276,Lorieth TR-410,ai_training_rack,847150,3718000.0,745,2769910000
E00098,C00276,Lorieth GS-920,general_server,847150,16000.0,31898,510368000
E00099,C00277,Galarova GS-600,general_server,847150,21000.0,52315,1098615000
E00100,C00277,Galarova IX-310,ai_inference_server,847150,234000.0,3871,905814000
E00101,C00278,Gryaneth GS-500,general_server,847150,19000.0,56034,1064646000
E00102,C00278,Gryaneth TR-310,ai_training_rack,847150,3573000.0,83,296559000
E00103,C00279,Pyroant TR-600,ai_training_rack,847150,3209000.0,683,2191747000
E00104,C00279,Pyroant GS-810,general_server,847150,23000.0,26887,618401000
E00105,C00279,Pyroant GS-720,general_server,847150,34000.0,16111,547774000
E00106,C00279,Pyroant GS-530,general_server,847150,12000.0,25365,304380000
E00107,C00279,Pyroant TR-240,ai_training_rack,847150,2105000.0,154,324170000
E00108,C00279,Pyroant TR-350,ai_training_rack,847150,2078000.0,192,398976000
E00109,C00279,Pyroant GS-460,general_server,847150,15000.0,56131,841965000
E00110,C00280,Taviond GS-700,general_server,847150,30000.0,5251,157530000
E00111,C00280,Taviond GS-810,general_server,847150,31000.0,38511,1193841000
E00112,C00281,Ithelet GS-600,general_server,847150,39000.0,7303,284817000
E00113,C00281,Ithelet TR-910,ai_training_rack,847150,2158000.0,263,567554000
E00114,C00281,Ithelet IX-420,ai_inference_server,847150,286000.0,5724,1637064000
E00115,C00281,Ithelet TR-430,ai_training_rack,847150,3253000.0,667,2169751000
E00116,C00281,Ithelet GS-940,general_server,847150,28000.0,47010,1316280000
E00117,C00281,Ithelet GS-950,general_server,847150,36000.0,40589,1461204000
E00118,C00281,Ithelet GS-760,general_server,847150,39000.0,52362,2042118000
E00119,C00282,Kavelium IX-600,ai_inference_server,847150,219000.0,5779,1265601000
E00120,C00282,Kavelium IX-110,ai_inference_server,847150,263000.0,3502,921026000
E00121,C00283,Wynirys TR-200,ai_training_rack,847150,3628000.0,882,3199896000
E00122,C00283,Wynirys IX-210,ai_inference_server,847150,450000.0,5741,2583450000
E00123,C00283,Wynirys TR-520,ai_training_rack,847150,2094000.0,286,598884000
E00124,C00283,Wynirys GS-730,general_server,847150,26000.0,27221,707746000
E00125,C00284,Veluora TR-900,ai_training_rack,847150,3637000.0,889,3233293000
E00126,C00284,Veluora GS-710,general_server,847150,35000.0,7393,258755000
E00127,C00285,Xanarix TR-100,ai_training_rack,847150,3320000.0,300,996000000
E00128,C00285,Xanarix GS-910,general_server,847150,19000.0,19298,366662000
E00129,C00285,Xanarix GS-520,general_server,847150,26000.0,27098,704548000
E00130,C00285,Xanarix IX-130,ai_inference_server,847150,438000.0,4489,1966182000
E00131,C00286,Coroix IX-100,ai_inference_server,847150,211000.0,5718,1206498000
E00132,C00286,Coroix TR-810,ai_training_rack,847150,2335000.0,616,1438360000
E00133,C00287,Wenenova TR-900,ai_training_rack,847150,3036000.0,723,2195028000
E00134,C00287,Wenenova TR-610,ai_training_rack,847150,2307000.0,973,2244711000
E00135,C00287,Wenenova TR-920,ai_training_rack,847150,2672000.0,198,529056000
E00136,C00287,Wenenova TR-430,ai_training_rack,847150,3862000.0,748,2888776000
E00137,C00287,Wenenova GS-640,general_server,847150,28000.0,16906,473368000
E00138,C00287,Wenenova TR-150,ai_training_rack,847150,2197000.0,472,1036984000
E00139,C00288,Obrarios IX-600,ai_inference_server,847150,397000.0,5597,2222009000
E00140,C00288,Obrarios IX-310,ai_inference_server,847150,440000.0,5779,2542760000
E00141,C00289,Quineon IX-800,ai_inference_server,847150,448000.0,2397,1073856000
E00142,C00289,Quineon GS-610,general_server,847150,11000.0,25163,276793000
E00143,C00289,Quineon IX-620,ai_inference_server,847150,490000.0,5484,2687160000
E00144,C00289,Quineon GS-430,general_server,847150,34000.0,36779,1250486000
E00145,C00289,Quineon IX-640,ai_inference_server,847150,289000.0,5059,1462051000
E00146,C00290,Lorenium GS-600,general_server,847150,38000.0,14157,537966000
E00147,C00290,Lorenium TR-510,ai_training_rack,847150,2408000.0,920,2215360000
E00148,C00291,Xaneark GS-500,general_server,847150,28000.0,40716,1140048000
E00149,C00291,Xaneark GS-310,general_server,847150,17000.0,7461,126837000
E00150,C00291,Xaneark IX-420,ai_inference_server,847150,419000.0,5767,2416373000
E00151,C00292,Lunirora IX-100,ai_inference_server,847150,260000.0,3081,801060000
E00152,C00292,Lunirora IX-410,ai_inference_server,847150,288000.0,3021,870048000
E00153,C00292,Lunirora IX-720,ai_inference_server,847150,223000.0,4023,897129000
E00154,C00292,Lunirora IX-130,ai_inference_server,847150,352000.0,4739,1668128000
E00155,C00292,Lunirora TR-840,ai_training_rack,847150,3646000.0,223,813058000
E00156,C00292,Lunirora TR-250,ai_training_rack,847150,2738000.0,667,1826246000
E00157,C00292,Lunirora GS-960,general_server,847150,26000.0,24229,629954000
E00158,C00293,Norarova TR-800,ai_training_rack,847150,3665000.0,857,3140905000
E00159,C00293,Norarova TR-510,ai_training_rack,847150,3845000.0,574,2207030000
E00160,C00293,Norarova IX-820,ai_inference_server,847150,481000.0,2809,1351129000
E00161,C00293,Norarova TR-730,ai_training_rack,847150,3182000.0,476,1514632000
E00162,C00294,Ararux GS-600,general_server,847150,36000.0,17814,641304000
E00163,C00294,Ararux TR-410,ai_training_rack,847150,2094000.0,810,1696140000
