facility_id,company_id,name,facility_type,city,country,latitude,longitude,status,hvm_start_year,domain,process_node,process_node_nm,wafer_size_mm,capacity,capacity_unit,time_to_recover_weeks,capacity_source,capacity_confidence
F00001,C00001,Nyroux Icheon Plant 1,materials_plant,Icheon,KOR,37.2237,127.4591,operating,2018,wafers,,,,18633,tonnes_per_year,5,third_party,estimated
F00002,C00001,Nyroux Chitose Plant 2,materials_plant,Chitose,JPN,42.8703,141.695,under_construction,2027,wafers,,,,19310,tonnes_per_year,5,third_party,estimated
F00003,C00002,Nyrenium Singapore Plant 1,materials_plant,Singapore,SGP,1.3,103.8068,operating,1999,wafers,,,,4817,tonnes_per_year,5,third_party,estimated
F00004,C00003,Noriant Tokyo Plant 1,materials_plant,Tokyo,JPN,35.6969,139.7111,operating,2015,wafers,,,,959,tonnes_per_year,12,third_party,estimated
F00005,C00004,Faloark Yokkaichi Plant 1,materials_plant,Yokkaichi,JPN,34.9953,136.6388,operating,2008,wafers,,,,15368,tonnes_per_year,10,third_party,estimated
F00006,C00005,Sylanark Yokkaichi Plant 1,materials_plant,Yokkaichi,JPN,34.9295,136.5999,operating,2017,wafers,,,,13827,tonnes_per_year,5,third_party,estimated
F00007,C00005,Sylanark Yokkaichi Plant 2,materials_plant,Yokkaichi,JPN,34.9927,136.6733,operating,1998,wafers,,,,2417,tonnes_per_year,10,third_party,estimated
F00008,C00006,Norarent Kitakami Plant 1,materials_plant,Kitakami,JPN,39.3312,141.0568,operating,2017,wafers,,,,6415,tonnes_per_year,9,third_party,estimated
F00009,C00007,Davenys Kumamoto Plant 1,materials_plant,Kumamoto,JPN,32.8392,130.7267,operating,1996,wafers,,,,17240,tonnes_per_year,6,third_party,estimated
F00010,C00008,Coreux Singapore Plant 1,materials_plant,Singapore,SGP,1.3618,103.8025,operating,2006,wafers,,,,1401,tonnes_per_year,4,third_party,estimated
F00011,C00009,Halirios Kumamoto Plant 1,materials_plant,Kumamoto,JPN,32.7775,130.7679,under_construction,2026,wafers,,,,2014,tonnes_per_year,9,third_party,estimated
F00012,C00009,Halirios Yokkaichi Plant 2,materials_plant,Yokkaichi,JPN,34.9326,136.5692,operating,1997,wafers,,,,13604,tonnes_per_year,5,third_party,estimated
F00013,C00010,Fenirell Hwaseong Plant 1,materials_plant,Hwaseong,KOR,37.1448,126.874,operating,2014,polysilicon,,,,10391,tonnes_per_year,9,third_party,estimated
F00014,C00010,Fenirell Xi'an Plant 2,materials_plant,Xi'an,CHN,34.339,108.9009,operating,2023,polysilicon,,,,3347,tonnes_per_year,11,third_party,estimated
F00015,C00011,Joriseon Beijing Plant 1,materials_plant,Beijing,CHN,39.8634,116.3432,operating,2009,polysilicon,,,,15319,tonnes_per_year,7,third_party,estimated
F00016,C00012,Pyraent Kulim Plant 1,materials_plant,Kulim,MYS,5.3285,100.6118,operating,2003,polysilicon,,,,14961,tonnes_per_year,9,third_party,estimated
F00017,C00013,Falelys Dallas Plant 1,materials_plant,Dallas,USA,32.7204,-96.8525,operating,2023,polysilicon,,,,3897,tonnes_per_year,10,third_party,estimated
F00018,C00013,Falelys Dallas Plant 2,materials_plant,Dallas,USA,32.7376,-96.7703,operating,2012,polysilicon,,,,5971,tonnes_per_year,4,third_party,estimated
F00019,C00014,Brynisys Kitakami Plant 1,materials_plant,Kitakami,JPN,39.3212,141.1335,operating,2018,photoresist,,,,13705,tonnes_per_year,8,third_party,estimated
F00020,C00015,Alvuix Hiroshima Plant 1,materials_plant,Hiroshima,JPN,34.3827,132.4135,operating,2009,photoresist,,,,3703,tonnes_per_year,4,third_party,estimated
F00021,C00016,Falirara Yokkaichi Plant 1,materials_plant,Yokkaichi,JPN,34.9526,136.5986,ramping,2025,photoresist,,,,18424,tonnes_per_year,11,third_party,estimated
F00022,C00017,Selenion Xi'an Plant 1,materials_plant,Xi'an,CHN,34.3215,108.9762,ramping,2024,photoresist,,,,19442,tonnes_per_year,8,third_party,estimated
F00023,C00018,Rynirux Yongin Plant 1,materials_plant,Yongin,KOR,37.1845,127.2165,operating,2009,photoresist,,,,11524,tonnes_per_year,5,third_party,estimated
F00024,C00018,Rynirux Penang Plant 2,materials_plant,Penang,MYS,5.4335,100.2786,operating,2019,photoresist,,,,10238,tonnes_per_year,5,third_party,estimated
F00025,C00019,Breveara Cheongju Plant 1,materials_plant,Cheongju,KOR,36.5968,127.5452,operating,2000,photoresist,,,,11590,tonnes_per_year,10,third_party,estimated
F00026,C00019,Breveara Austin Plant 2,materials_plant,Austin,USA,30.274,-97.7611,operating,2009,photoresist,,,,1155,tonnes_per_year,4,third_party,estimated
F00027,C00020,Caelirara Penang Plant 1,materials_plant,Penang,MYS,5.4266,100.3454,operating,2000,photoresist,,,,8951,tonnes_per_year,8,third_party,estimated
F00028,C00021,Quinorium Hefei Plant 1,materials_plant,Hefei,CHN,31.819,117.2284,under_construction,2027,specialty_gases,,,,10191,tonnes_per_year,11,third_party,estimated
F00029,C00022,Caelelet Singapore Plant 1,materials_plant,Singapore,SGP,1.4031,103.7983,operating,2020,specialty_gases,,,,7044,tonnes_per_year,4,third_party,estimated
F00030,C00023,Brynorond Singapore Plant 1,materials_plant,Singapore,SGP,1.362,103.7686,under_construction,2027,specialty_gases,,,,11148,tonnes_per_year,11,third_party,estimated
F00031,C00023,Brynorond Regensburg Plant 2,materials_plant,Regensburg,DEU,48.9577,12.1285,operating,1997,specialty_gases,,,,6872,tonnes_per_year,4,third_party,estimated
F00032,C00024,Rynent Munich Plant 1,materials_plant,Munich,DEU,48.1762,11.5925,ramping,2024,specialty_gases,,,,17805,tonnes_per_year,8,third_party,estimated
F00033,C00024,Rynent Pyeongtaek Plant 2,materials_plant,Pyeongtaek,KOR,36.963,127.0531,operating,2022,specialty_gases,,,,7351,tonnes_per_year,7,third_party,estimated
F00034,C00025,Kavorium Chitose Plant 1,materials_plant,Chitose,JPN,42.8225,141.6308,ramping,2024,specialty_gases,,,,2518,tonnes_per_year,10,third_party,estimated
F00035,C00025,Kavorium Kitakami Plant 2,materials_plant,Kitakami,JPN,39.3255,141.1208,operating,2004,specialty_gases,,,,10746,tonnes_per_year,5,third_party,estimated
F00036,C00026,Irarium Kumamoto Plant 1,materials_plant,Kumamoto,JPN,32.7995,130.6928,operating,2022,specialty_gases,,,,3897,tonnes_per_year,10,third_party,estimated
F00037,C00026,Irarium Yokkaichi Plant 2,materials_plant,Yokkaichi,JPN,34.9802,136.6316,operating,2005,specialty_gases,,,,14034,tonnes_per_year,6,third_party,estimated
F00038,C00027,Wynaret Wuhan Plant 1,materials_plant,Wuhan,CHN,30.6371,114.2544,ramping,2024,specialty_gases,,,,10391,tonnes_per_year,10,third_party,estimated
F00039,C00027,Wynaret Singapore Plant 2,materials_plant,Singapore,SGP,1.3998,103.8146,under_construction,2026,specialty_gases,,,,17393,tonnes_per_year,8,third_party,estimated
F00040,C00028,Fenirond Taichung Plant 1,materials_plant,Taichung,TWN,24.1722,120.6759,under_construction,2026,specialty_gases,,,,5736,tonnes_per_year,11,third_party,estimated
F00041,C00028,Fenirond Hsinchu Plant 2,materials_plant,Hsinchu,TWN,24.8569,120.9134,operating,2020,specialty_gases,,,,14729,tonnes_per_year,4,third_party,estimated
F00042,C00029,Thalell Hefei Plant 1,materials_plant,Hefei,CHN,31.7683,117.2701,operating,2009,wet_chemicals,,,,16420,tonnes_per_year,11,third_party,estimated
F00043,C00030,Davuark Wuxi Plant 1,materials_plant,Wuxi,CHN,31.4907,120.2621,operating,2023,wet_chemicals,,,,10999,tonnes_per_year,4,third_party,estimated
F00044,C00031,Iriell Icheon Plant 1,materials_plant,Icheon,KOR,37.2844,127.4744,operating,1996,wet_chemicals,,,,10235,tonnes_per_year,7,third_party,estimated
F00045,C00032,Velisix Kitakami Plant 1,materials_plant,Kitakami,JPN,39.2485,141.1134,operating,2020,wet_chemicals,,,,8845,tonnes_per_year,11,third_party,estimated
F00046,C00033,Thalanios Taichung Plant 1,materials_plant,Taichung,TWN,24.2082,120.6397,operating,1999,wet_chemicals,,,,9145,tonnes_per_year,6,third_party,estimated
F00047,C00033,Thalanios Singapore Plant 2,materials_plant,Singapore,SGP,1.3615,103.7917,operating,1996,wet_chemicals,,,,2485,tonnes_per_year,11,third_party,estimated
F00048,C00034,Obrirex Tainan Plant 1,materials_plant,Tainan,TWN,23.0208,120.1894,ramping,2025,wet_chemicals,,,,12978,tonnes_per_year,4,third_party,estimated
F00049,C00035,Kavaora Pyeongtaek Plant 1,materials_plant,Pyeongtaek,KOR,37.0239,127.1625,under_construction,2026,wet_chemicals,,,,5521,tonnes_per_year,8,third_party,estimated
F00050,C00036,Wynareon Singapore Plant 1,materials_plant,Singapore,SGP,1.3246,103.8502,operating,2017,wet_chemicals,,,,6374,tonnes_per_year,8,third_party,estimated
F00051,C00037,Gryanane Chitose Plant 1,materials_plant,Chitose,JPN,42.8137,141.6563,operating,2007,substrates,,,,8930,tonnes_per_year,11,third_party,estimated
F00052,C00038,Mevorant Yokkaichi Plant 1,materials_plant,Yokkaichi,JPN,34.9777,136.6131,operating,2022,substrates,,,,11478,tonnes_per_year,8,third_party,estimated
F00053,C00038,Mevorant Chitose Plant 2,materials_plant,Chitose,JPN,42.8412,141.6795,operating,2012,substrates,,,,19857,tonnes_per_year,4,third_party,estimated
F00054,C00039,Velenet Tokyo Plant 1,materials_plant,Tokyo,JPN,35.6355,139.728,operating,2016,substrates,,,,8616,tonnes_per_year,11,third_party,estimated
F00055,C00039,Velenet Tokyo Plant 2,materials_plant,Tokyo,JPN,35.6201,139.7074,operating,2011,substrates,,,,10183,tonnes_per_year,7,third_party,estimated
F00056,C00040,Ithaeth Hwaseong Plant 1,materials_plant,Hwaseong,KOR,37.2551,126.8549,planned,2028,substrates,,,,18419,tonnes_per_year,12,third_party,estimated
F00057,C00040,Ithaeth Cheongju Plant 2,materials_plant,Cheongju,KOR,36.6007,127.4952,operating,2010,substrates,,,,16916,tonnes_per_year,4,third_party,estimated
F00058,C00041,Loraux Icheon Plant 1,materials_plant,Icheon,KOR,37.2619,127.393,operating,2005,substrates,,,,9952,tonnes_per_year,4,third_party,estimated
F00059,C00041,Loraux Singapore Plant 2,materials_plant,Singapore,SGP,1.3468,103.7797,operating,2003,substrates,,,,14393,tonnes_per_year,9,third_party,estimated
F00060,C00042,Quinell Pyeongtaek Plant 1,materials_plant,Pyeongtaek,KOR,37.0367,127.1153,ramping,2024,substrates,,,,13239,tonnes_per_year,8,third_party,estimated
F00061,C00042,Quinell Yongin Plant 2,materials_plant,Yongin,KOR,37.1937,127.2222,ramping,2025,substrates,,,,7209,tonnes_per_year,5,third_party,estimated
F00062,C00043,Draell Hsinchu Plant 1,materials_plant,Hsinchu,TWN,24.7998,121.0211,operating,2018,substrates,,,,14366,tonnes_per_year,9,third_party,estimated
F00063,C00043,Draell Taichung Plant 2,materials_plant,Taichung,TWN,24.1121,120.7268,ramping,2025,substrates,,,,11528,tonnes_per_year,11,third_party,estimated
F00064,C00044,Pelelium Tainan Plant 1,materials_plant,Tainan,TWN,22.9469,120.1868,operating,2003,substrates,,,,3238,tonnes_per_year,11,third_party,estimated
F00065,C00045,Ithorark Yokkaichi Plant 1,materials_plant,Yokkaichi,JPN,34.9188,136.6519,operating,2013,cmp_slurry,,,,8277,tonnes_per_year,12,third_party,estimated
F00066,C00046,Thalirys Chitose Plant 1,materials_plant,Chitose,JPN,42.8181,141.6835,operating,2007,cmp_slurry,,,,4982,tonnes_per_year,11,third_party,estimated
F00067,C00046,Thalirys Penang Plant 2,materials_plant,Penang,MYS,5.4697,100.3743,ramping,2024,cmp_slurry,,,,9047,tonnes_per_year,10,third_party,estimated
F00068,C00047,Wynoryn Shanghai Plant 1,materials_plant,Shanghai,CHN,31.1964,121.5223,operating,2009,cmp_slurry,,,,5306,tonnes_per_year,9,third_party,estimated
F00069,C00048,Ithenane Icheon Plant 1,materials_plant,Icheon,KOR,37.2493,127.4538,ramping,2025,cmp_slurry,,,,14044,tonnes_per_year,7,third_party,estimated
F00070,C00049,Elanark Columbus Plant 1,materials_plant,Columbus,USA,40.0157,-82.9854,operating,2004,cmp_slurry,,,,16793,tonnes_per_year,7,third_party,estimated
F00071,C00050,Syluix Columbus Plant 1,materials_plant,Columbus,USA,39.9807,-82.9829,operating,2020,cmp_slurry,,,,19321,tonnes_per_year,8,third_party,estimated
F00072,C00050,Syluix Malta Plant 2,materials_plant,Malta,USA,42.9907,-73.8426,ramping,2024,cmp_slurry,,,,10340,tonnes_per_year,8,third_party,estimated
F00073,C00051,Yarenent Singapore Plant 1,equipment_plant,Singapore,SGP,1.3879,103.7812,operating,2003,lithography,,,,452,tools_per_year,8,third_party,estimated
F00074,C00051,Yarenent Hiroshima Plant 2,equipment_plant,Hiroshima,JPN,34.4331,132.4357,operating,2021,lithography,,,,927,tools_per_year,9,third_party,estimated
F00075,C00052,Quinoane Pyeongtaek Plant 1,equipment_plant,Pyeongtaek,KOR,36.98,127.1555,operating,2001,lithography,,,,598,tools_per_year,15,third_party,estimated
F00076,C00052,Quinoane Hiroshima Plant 2,equipment_plant,Hiroshima,JPN,34.3804,132.4253,operating,2001,lithography,,,,712,tools_per_year,15,third_party,estimated
F00077,C00053,Wynanux Nijmegen Plant 1,equipment_plant,Nijmegen,NLD,51.8215,5.8849,ramping,2024,lithography,,,,707,tools_per_year,9,third_party,estimated
F00078,C00054,Brynuant Singapore Plant 1,equipment_plant,Singapore,SGP,1.3785,103.7805,operating,2016,lithography,,,,926,tools_per_year,7,third_party,estimated
F00079,C00055,Eskisent Wuhan Plant 1,equipment_plant,Wuhan,CHN,30.6038,114.2958,operating,2001,etch,,,,956,tools_per_year,11,third_party,estimated
F00080,C00055,Eskisent Xi'an Plant 2,equipment_plant,Xi'an,CHN,34.3159,108.8857,operating,2007,etch,,,,1066,tools_per_year,6,third_party,estimated
F00081,C00056,Wenaex Xi'an Plant 1,equipment_plant,Xi'an,CHN,34.2873,108.8984,operating,2014,etch,,,,555,tools_per_year,15,third_party,estimated
F00082,C00057,Davenora Yokkaichi Plant 1,equipment_plant,Yokkaichi,JPN,35.0291,136.6505,ramping,2025,etch,,,,890,tools_per_year,10,third_party,estimated
F00083,C00057,Davenora Chitose Plant 2,equipment_plant,Chitose,JPN,42.817,141.6666,operating,2014,etch,,,,881,tools_per_year,15,third_party,estimated
F00084,C00058,Mevoex Chitose Plant 1,equipment_plant,Chitose,JPN,42.7899,141.6752,operating,2010,etch,,,,565,tools_per_year,12,third_party,estimated
F00085,C00058,Mevoex Tokyo Plant 2,equipment_plant,Tokyo,JPN,35.737,139.6606,operating,1999,etch,,,,557,tools_per_year,13,third_party,estimated
F00086,C00059,Thaleark Pyeongtaek Plant 1,equipment_plant,Pyeongtaek,KOR,36.9913,127.0608,operating,2019,etch,,,,1058,tools_per_year,14,third_party,estimated
F00087,C00060,Thalireth Yongin Plant 1,equipment_plant,Yongin,KOR,37.2414,127.1741,operating,1997,etch,,,,445,tools_per_year,11,third_party,estimated
F00088,C00061,Yarorion Phoenix Plant 1,equipment_plant,Phoenix,USA,33.4098,-112.0114,operating,2021,etch,,,,336,tools_per_year,14,third_party,estimated
F00089,C00062,Brevanys Columbus Plant 1,equipment_plant,Columbus,USA,39.9404,-82.9806,operating,2009,etch,,,,1156,tools_per_year,10,third_party,estimated
F00090,C00063,Nyroane Hillsboro Plant 1,equipment_plant,Hillsboro,USA,45.519,-122.9655,operating,2017,etch,,,,1157,tools_per_year,13,third_party,estimated
F00091,C00063,Nyroane Phoenix Plant 2,equipment_plant,Phoenix,USA,33.502,-112.1029,operating,2014,etch,,,,657,tools_per_year,7,third_party,estimated
F00092,C00064,Araeth Wuhan Plant 1,equipment_plant,Wuhan,CHN,30.5566,114.289,operating,2018,deposition,,,,186,tools_per_year,13,third_party,estimated
F00093,C00064,Araeth Shenzhen Plant 2,equipment_plant,Shenzhen,CHN,22.5298,114.0328,operating,2017,deposition,,,,409,tools_per_year,11,third_party,estimated
F00094,C00065,Mevoell Singapore Plant 1,equipment_plant,Singapore,SGP,1.3089,103.8399,operating,2012,deposition,,,,1128,tools_per_year,12,third_party,estimated
F00095,C00066,Fenelium Dresden Plant 1,equipment_plant,Dresden,DEU,50.9974,13.7317,operating,2023,deposition,,,,217,tools_per_year,13,third_party,estimated
F00096,C00066,Fenelium Regensburg Plant 2,equipment_plant,Regensburg,DEU,49.0253,12.1046,operating,2017,deposition,,,,677,tools_per_year,9,third_party,estimated
F00097,C00067,Rynorond Jena Plant 1,equipment_plant,Jena,DEU,50.9449,11.5871,operating,2022,deposition,,,,591,tools_per_year,9,third_party,estimated
F00098,C00068,Faleant Chitose Plant 1,equipment_plant,Chitose,JPN,42.7648,141.6854,operating,2014,deposition,,,,789,tools_per_year,11,third_party,estimated
F00099,C00069,Yaryn Kumamoto Plant 1,equipment_plant,Kumamoto,JPN,32.801,130.7379,operating,2022,deposition,,,,376,tools_per_year,11,third_party,estimated
F00100,C00069,Yaryn Hiroshima Plant 2,equipment_plant,Hiroshima,JPN,34.374,132.4469,operating,2002,deposition,,,,216,tools_per_year,10,third_party,estimated
F00101,C00070,Wynaryn Singapore Plant 1,equipment_plant,Singapore,SGP,1.3464,103.7634,operating,2015,deposition,,,,1142,tools_per_year,12,third_party,estimated
F00102,C00070,Wynaryn Icheon Plant 2,equipment_plant,Icheon,KOR,37.2409,127.4544,operating,1999,deposition,,,,238,tools_per_year,7,third_party,estimated
F00103,C00071,Uliara Pyeongtaek Plant 1,equipment_plant,Pyeongtaek,KOR,36.9795,127.0502,under_construction,2027,deposition,,,,460,tools_per_year,13,third_party,estimated
F00104,C00071,Uliara Hwaseong Plant 2,equipment_plant,Hwaseong,KOR,37.1956,126.8869,operating,2015,deposition,,,,1027,tools_per_year,15,third_party,estimated
F00105,C00072,Selisent Malta Plant 1,equipment_plant,Malta,USA,42.9996,-73.7881,operating,1999,deposition,,,,763,tools_per_year,14,third_party,estimated
F00106,C00072,Selisent Boise Plant 2,equipment_plant,Boise,USA,43.576,-116.2369,operating,2016,deposition,,,,320,tools_per_year,11,third_party,estimated
F00107,C00073,Draelios Boise Plant 1,equipment_plant,Boise,USA,43.6575,-116.1543,operating,2015,deposition,,,,84,tools_per_year,11,third_party,estimated
F00108,C00074,Sylient Nanjing Plant 1,equipment_plant,Nanjing,CHN,32.0475,118.7766,operating,2021,metrology,,,,939,tools_per_year,10,third_party,estimated
F00109,C00074,Sylient Nanjing Plant 2,equipment_plant,Nanjing,CHN,32.0415,118.8508,operating,2020,metrology,,,,667,tools_per_year,14,third_party,estimated
F00110,C00075,Nyroet Penang Plant 1,equipment_plant,Penang,MYS,5.4138,100.3403,operating,2021,metrology,,,,622,tools_per_year,6,third_party,estimated
F00111,C00075,Nyroet Wuhan Plant 2,equipment_plant,Wuhan,CHN,30.6079,114.3097,operating,2005,metrology,,,,993,tools_per_year,8,third_party,estimated
F00112,C00076,Falireth Cheongju Plant 1,equipment_plant,Cheongju,KOR,36.6858,127.4552,operating,2020,metrology,,,,181,tools_per_year,10,third_party,estimated
F00113,C00077,Coranix Jena Plant 1,equipment_plant,Jena,DEU,50.9558,11.5383,operating,2000,metrology,,,,818,tools_per_year,7,third_party,estimated
F00114,C00078,Araret Hiroshima Plant 1,equipment_plant,Hiroshima,JPN,34.3456,132.4834,operating,2022,metrology,,,,537,tools_per_year,11,third_party,estimated
F00115,C00079,Arenion Kumamoto Plant 1,equipment_plant,Kumamoto,JPN,32.7572,130.7645,operating,2023,metrology,,,,715,tools_per_year,6,third_party,estimated
F00116,C00079,Arenion Tokyo Plant 2,equipment_plant,Tokyo,JPN,35.6367,139.6892,operating,1996,metrology,,,,557,tools_per_year,6,third_party,estimated
F00117,C00080,Kavoet Phoenix Plant 1,equipment_plant,Phoenix,USA,33.3986,-112.1036,operating,2005,metrology,,,,1196,tools_per_year,15,third_party,estimated
F00118,C00080,Kavoet Dallas Plant 2,equipment_plant,Dallas,USA,32.7297,-96.8212,operating,2002,metrology,,,,1024,tools_per_year,10,third_party,estimated
F00119,C00081,Zoriora Icheon Plant 1,equipment_plant,Icheon,KOR,37.2959,127.4229,ramping,2024,metrology,,,,702,tools_per_year,8,third_party,estimated
F00120,C00081,Zoriora Columbus Plant 2,equipment_plant,Columbus,USA,39.9194,-82.9865,operating,1999,metrology,,,,1120,tools_per_year,12,third_party,estimated
F00121,C00082,Rosayn Munich Plant 1,equipment_plant,Munich,DEU,48.1101,11.5743,operating,2010,cleaning,,,,305,tools_per_year,16,third_party,estimated
F00122,C00083,Caeloreth Munich Plant 1,equipment_plant,Munich,DEU,48.1756,11.6336,operating,2021,cleaning,,,,602,tools_per_year,13,third_party,estimated
F00123,C00084,Brynix Yokkaichi Plant 1,equipment_plant,Yokkaichi,JPN,34.9868,136.6255,operating,2005,cleaning,,,,410,tools_per_year,15,third_party,estimated
F00124,C00084,Brynix Tokyo Plant 2,equipment_plant,Tokyo,JPN,35.7186,139.6831,operating,2015,cleaning,,,,914,tools_per_year,11,third_party,estimated
F00125,C00085,Brynoark Yokkaichi Plant 1,equipment_plant,Yokkaichi,JPN,34.9418,136.604,operating,2007,cleaning,,,,256,tools_per_year,12,third_party,estimated
F00126,C00085,Brynoark Kitakami Plant 2,equipment_plant,Kitakami,JPN,39.332,141.0852,under_construction,2026,cleaning,,,,970,tools_per_year,11,third_party,estimated
F00127,C00086,Thaloys Columbus Plant 1,equipment_plant,Columbus,USA,39.9703,-83.0457,operating,1999,cleaning,,,,850,tools_per_year,14,third_party,estimated
F00128,C00086,Thaloys Yongin Plant 2,equipment_plant,Yongin,KOR,37.2271,127.1977,operating,2023,cleaning,,,,987,tools_per_year,10,third_party,estimated
F00129,C00087,Meviet Santa Clara Plant 1,equipment_plant,Santa Clara,USA,37.3087,-121.9659,operating,2004,cleaning,,,,172,tools_per_year,9,third_party,estimated
F00130,C00088,Mevenark Wuxi Plant 1,equipment_plant,Wuxi,CHN,31.4947,120.324,operating,2014,ion_implant,,,,908,tools_per_year,14,third_party,estimated
F00131,C00089,Wynirark Yongin Plant 1,equipment_plant,Yongin,KOR,37.2063,127.1588,operating,1999,ion_implant,,,,640,tools_per_year,15,third_party,estimated
F00132,C00089,Wynirark Wuxi Plant 2,equipment_plant,Wuxi,CHN,31.4972,120.2867,under_construction,2026,ion_implant,,,,869,tools_per_year,6,third_party,estimated
F00133,C00090,Quinorane Hillsboro Plant 1,equipment_plant,Hillsboro,USA,45.4986,-122.9507,operating,2010,ion_implant,,,,933,tools_per_year,9,third_party,estimated
F00134,C00090,Quinorane Boise Plant 2,equipment_plant,Boise,USA,43.6638,-116.2218,operating,2015,ion_implant,,,,735,tools_per_year,15,third_party,estimated
F00135,C00091,Ireara Hillsboro Plant 1,equipment_plant,Hillsboro,USA,45.4783,-122.9877,operating,2011,ion_implant,,,,784,tools_per_year,14,third_party,estimated
F00136,C00092,Keleix Santa Clara Plant 1,equipment_plant,Santa Clara,USA,37.3512,-121.9589,operating,1998,ion_implant,,,,923,tools_per_year,13,third_party,estimated
F00137,C00092,Keleix Santa Clara Plant 2,equipment_plant,Santa Clara,USA,37.3535,-122.016,operating,2006,ion_implant,,,,343,tools_per_year,6,third_party,estimated
F00138,C00093,Nyrelios Chitose Plant 1,equipment_plant,Chitose,JPN,42.8099,141.62,operating,2007,assembly_tools,,,,595,tools_per_year,13,third_party,estimated
F00139,C00094,Falueth Singapore Plant 1,equipment_plant,Singapore,SGP,1.3989,103.7685,operating,2001,assembly_tools,,,,784,tools_per_year,9,third_party,estimated
F00140,C00094,Falueth Yokkaichi Plant 2,equipment_plant,Yokkaichi,JPN,34.9867,136.5899,operating,2006,assembly_tools,,,,667,tools_per_year,13,third_party,estimated
F00141,C00095,Mevorova Yokkaichi Plant 1,equipment_plant,Yokkaichi,JPN,35.0295,136.5954,operating,2015,assembly_tools,,,,754,tools_per_year,12,third_party,estimated
F00142,C00096,Arenell Chitose Plant 1,equipment_plant,Chitose,JPN,42.8471,141.6053,operating,2021,assembly_tools,,,,1107,tools_per_year,16,third_party,estimated
F00143,C00096,Arenell Kuala Lumpur Plant 2,equipment_plant,Kuala Lumpur,MYS,3.0961,101.6384,operating,2001,assembly_tools,,,,1194,tools_per_year,12,third_party,estimated
F00144,C00097,Rosisora Singapore Plant 1,equipment_plant,Singapore,SGP,1.3523,103.7741,ramping,2025,assembly_tools,,,,167,tools_per_year,13,third_party,estimated
F00145,C00097,Rosisora Singapore Plant 2,equipment_plant,Singapore,SGP,1.3027,103.8337,operating,2000,assembly_tools,,,,268,tools_per_year,13,third_party,estimated
F00146,C00098,Pelarova Singapore Plant 1,equipment_plant,Singapore,SGP,1.3143,103.8439,operating,1996,assembly_tools,,,,694,tools_per_year,12,third_party,estimated
F00147,C00099,Obriux Austin Plant 1,equipment_plant,Austin,USA,30.2185,-97.6829,operating,2008,assembly_tools,,,,909,tools_per_year,9,third_party,estimated
F00148,C00100,Nyrenant Austin Plant 1,equipment_plant,Austin,USA,30.3147,-97.7276,operating,2022,assembly_tools,,,,907,tools_per_year,16,third_party,estimated
F00149,C00101,Caelanyn Shanghai Fab 1,front_end_fab,Shanghai,CHN,31.2628,121.4181,operating,2009,logic,28nm,28.0,300.0,75000,wafer_starts_per_month,13,third_party,estimated
F00150,C00101,Caelanyn Beijing Fab 2,front_end_fab,Beijing,CHN,39.9011,116.4262,operating,2008,logic,7nm,7.0,300.0,16000,wafer_starts_per_month,19,public,confirmed
F00151,C00101,Caelanyn Chitose Fab 3,front_end_fab,Chitose,JPN,42.7824,141.6537,ramping,2024,logic,28nm,28.0,300.0,63000,wafer_starts_per_month,16,public,confirmed
F00152,C00101,Caelanyn Hefei Fab 4,front_end_fab,Hefei,CHN,31.794,117.268,operating,2020,logic,65nm,65.0,200.0,55000,wafer_starts_per_month,6,third_party,estimated
F00153,C00101,Caelanyn Nanjing Fab 5,front_end_fab,Nanjing,CHN,32.0968,118.8435,operating,2020,logic,65nm,65.0,300.0,71000,wafer_starts_per_month,13,public,confirmed
F00154,C00102,Gryenyn Wuhan Fab 1,front_end_fab,Wuhan,CHN,30.5456,114.3576,operating,2021,logic,130nm,130.0,200.0,33000,wafer_starts_per_month,6,public,confirmed
F00155,C00102,Gryenyn Columbus Fab 2,front_end_fab,Columbus,USA,39.9971,-83.0116,operating,2012,logic,40nm,40.0,300.0,66000,wafer_starts_per_month,15,third_party,estimated
F00156,C00102,Gryenyn Shenzhen Fab 3,front_end_fab,Shenzhen,CHN,22.522,114.0015,operating,2006,logic,130nm,130.0,200.0,17000,wafer_starts_per_month,11,third_party,estimated
F00157,C00102,Gryenyn Singapore Fab 4,front_end_fab,Singapore,SGP,1.3884,103.7604,operating,2007,logic,65nm,65.0,300.0,71000,wafer_starts_per_month,15,third_party,estimated
F00158,C00102,Gryenyn Hefei Fab 5,front_end_fab,Hefei,CHN,31.7842,117.2361,operating,1996,logic,130nm,130.0,300.0,95000,wafer_starts_per_month,13,public,confirmed
F00159,C00102,Gryenyn Xi'an Fab 6,front_end_fab,Xi'an,CHN,34.3808,108.8884,operating,2022,logic,65nm,65.0,300.0,16000,wafer_starts_per_month,7,third_party,estimated
F00160,C00103,Kavirion Beijing Fab 1,front_end_fab,Beijing,CHN,39.954,116.4319,ramping,2025,logic,7nm,7.0,300.0,110000,wafer_starts_per_month,11,third_party,estimated
F00161,C00103,Kavirion Hillsboro Fab 2,front_end_fab,Hillsboro,USA,45.543,-122.9357,operating,2020,logic,7nm,7.0,300.0,86000,wafer_starts_per_month,21,third_party,estimated
F00162,C00104,Lorirux Xi'an Fab 1,front_end_fab,Xi'an,CHN,34.2942,108.937,operating,2016,logic,16nm,16.0,300.0,56000,wafer_starts_per_month,15,third_party,estimated
F00163,C00104,Lorirux Kumamoto Fab 2,front_end_fab,Kumamoto,JPN,32.8109,130.6704,operating,2016,logic,5nm,5.0,300.0,107000,wafer_starts_per_month,17,public,confirmed
F00164,C00104,Lorirux Yokkaichi Fab 3,front_end_fab,Yokkaichi,JPN,35.011,136.6698,operating,2008,logic,28nm,28.0,300.0,84000,wafer_starts_per_month,11,third_party,estimated
F00165,C00104,Lorirux Yokkaichi Fab 4,front_end_fab,Yokkaichi,JPN,34.9884,136.6031,operating,2012,logic,7nm,7.0,300.0,96000,wafer_starts_per_month,21,third_party,estimated
F00166,C00105,Mevorell Santa Clara Fab 1,front_end_fab,Santa Clara,USA,37.3228,-121.9638,operating,2010,logic,130nm,130.0,300.0,62000,wafer_starts_per_month,10,public,confirmed
F00167,C00105,Mevorell Yokkaichi Fab 2,front_end_fab,Yokkaichi,JPN,34.9408,136.653,operating,1999,logic,28nm,28.0,300.0,15000,wafer_starts_per_month,9,public,confirmed
F00168,C00105,Mevorell Yokkaichi Fab 3,front_end_fab,Yokkaichi,JPN,34.9374,136.6311,operating,2010,logic,7nm,7.0,300.0,42000,wafer_starts_per_month,10,public,confirmed
F00169,C00105,Mevorell Jena Fab 4,front_end_fab,Jena,DEU,50.9146,11.5991,operating,2019,logic,16nm,16.0,300.0,37000,wafer_starts_per_month,9,public,confirmed
F00170,C00105,Mevorell Yokkaichi Fab 5,front_end_fab,Yokkaichi,JPN,35.0153,136.6694,operating,2021,logic,28nm,28.0,300.0,42000,wafer_starts_per_month,12,public,confirmed
F00171,C00106,Lunenion Yongin Fab 1,front_end_fab,Yongin,KOR,37.2584,127.1993,operating,2001,logic,28nm,28.0,300.0,44000,wafer_starts_per_month,6,third_party,estimated
F00172,C00106,Lunenion Cheongju Fab 2,front_end_fab,Cheongju,KOR,36.6193,127.5463,operating,2007,logic,40nm,40.0,300.0,30000,wafer_starts_per_month,16,public,confirmed
F00173,C00107,Lunaex Yongin Fab 1,front_end_fab,Yongin,KOR,37.2577,127.1249,operating,2003,logic,7nm,7.0,300.0,66000,wafer_starts_per_month,19,third_party,estimated
F00174,C00107,Lunaex Yongin Fab 2,front_end_fab,Yongin,KOR,37.2563,127.2148,operating,2006,logic,65nm,65.0,300.0,88000,wafer_starts_per_month,9,third_party,estimated
F00175,C00107,Lunaex Yongin Fab 3,front_end_fab,Yongin,KOR,37.2995,127.1329,operating,2019,logic,16nm,16.0,300.0,60000,wafer_starts_per_month,8,third_party,estimated
F00176,C00107,Lunaex Columbus Fab 4,front_end_fab,Columbus,USA,39.9546,-82.9858,operating,1995,logic,16nm,16.0,300.0,97000,wafer_starts_per_month,8,third_party,estimated
F00177,C00107,Lunaex Cheongju Fab 5,front_end_fab,Cheongju,KOR,36.6419,127.5353,operating,2012,logic,16nm,16.0,300.0,43000,wafer_starts_per_month,15,third_party,estimated
F00178,C00107,Lunaex Singapore Fab 6,front_end_fab,Singapore,SGP,1.3002,103.8097,operating,2003,logic,28nm,28.0,300.0,85000,wafer_starts_per_month,6,third_party,estimated
F00179,C00108,Lunova Singapore Fab 1,front_end_fab,Singapore,SGP,1.3561,103.8525,operating,2012,logic,28nm,28.0,300.0,25000,wafer_starts_per_month,6,third_party,estimated
F00180,C00108,Lunova Cheongju Fab 2,front_end_fab,Cheongju,KOR,36.6239,127.4358,operating,1999,logic,7nm,7.0,300.0,62000,wafer_starts_per_month,17,third_party,estimated
F00181,C00108,Lunova Singapore Fab 3,front_end_fab,Singapore,SGP,1.3771,103.7941,operating,2002,logic,40nm,40.0,300.0,15000,wafer_starts_per_month,9,third_party,estimated
F00182,C00108,Lunova Icheon Fab 4,front_end_fab,Icheon,KOR,37.2969,127.3829,operating,2013,logic,7nm,7.0,300.0,99000,wafer_starts_per_month,22,public,confirmed
F00183,C00108,Lunova Yongin Fab 5,front_end_fab,Yongin,KOR,37.1845,127.1865,operating,2016,logic,5nm,5.0,300.0,99000,wafer_starts_per_month,20,third_party,estimated
F00184,C00109,Gryiseon Munich Fab 1,front_end_fab,Munich,DEU,48.0895,11.5787,operating,2018,logic,65nm,65.0,200.0,90000,wafer_starts_per_month,13,third_party,estimated
F00185,C00109,Gryiseon Cheongju Fab 2,front_end_fab,Cheongju,KOR,36.6895,127.5073,ramping,2024,logic,40nm,40.0,300.0,18000,wafer_starts_per_month,8,public,confirmed
F00186,C00109,Gryiseon Yongin Fab 3,front_end_fab,Yongin,KOR,37.2018,127.1598,operating,2007,logic,130nm,130.0,200.0,103000,wafer_starts_per_month,10,public,confirmed
F00187,C00110,Loruyn Taoyuan Fab 1,front_end_fab,Taoyuan,TWN,24.9428,121.3568,ramping,2024,logic,5nm,5.0,300.0,79000,wafer_starts_per_month,22,public,confirmed
F00188,C00110,Loruyn Yokkaichi Fab 2,front_end_fab,Yokkaichi,JPN,34.9759,136.6136,operating,2003,logic,40nm,40.0,300.0,103000,wafer_starts_per_month,15,public,confirmed
F00189,C00110,Loruyn Tainan Fab 3,front_end_fab,Tainan,TWN,22.9697,120.1734,operating,2019,logic,3nm,3.0,300.0,57000,wafer_starts_per_month,18,third_party,estimated
F00190,C00110,Loruyn Boise Fab 4,front_end_fab,Boise,USA,43.6008,-116.1772,operating,2023,logic,3nm,3.0,300.0,16000,wafer_starts_per_month,17,public,confirmed
F00191,C00110,Loruyn Wuxi Fab 5,front_end_fab,Wuxi,CHN,31.5402,120.2758,operating,2023,logic,65nm,65.0,300.0,96000,wafer_starts_per_month,13,third_party,estimated
F00192,C00111,Coriex Taichung Fab 1,front_end_fab,Taichung,TWN,24.1029,120.6789,operating,2020,logic,5nm,5.0,300.0,102000,wafer_starts_per_month,12,third_party,estimated
F00193,C00111,Coriex Hsinchu Fab 2,front_end_fab,Hsinchu,TWN,24.8373,120.9508,ramping,2024,logic,3nm,3.0,300.0,110000,wafer_starts_per_month,10,public,confirmed
F00194,C00112,Nyreix Kitakami Fab 1,front_end_fab,Kitakami,JPN,39.2434,141.0659,operating,2017,logic,7nm,7.0,300.0,47000,wafer_starts_per_month,21,third_party,estimated
F00195,C00112,Nyreix Tainan Fab 2,front_end_fab,Tainan,TWN,22.9643,120.2044,ramping,2025,logic,3nm,3.0,300.0,60000,wafer_starts_per_month,16,third_party,estimated
F00196,C00113,Alvays Tainan Fab 1,front_end_fab,Tainan,TWN,22.978,120.2074,operating,2014,logic,5nm,5.0,300.0,108000,wafer_starts_per_month,21,third_party,estimated
F00197,C00113,Alvays Hiroshima Fab 2,front_end_fab,Hiroshima,JPN,34.3656,132.4104,operating,2007,logic,65nm,65.0,300.0,40000,wafer_starts_per_month,12,third_party,estimated
F00198,C00113,Alvays Hsinchu Fab 3,front_end_fab,Hsinchu,TWN,24.7814,120.9808,operating,2000,logic,5nm,5.0,300.0,57000,wafer_starts_per_month,21,third_party,estimated
F00199,C00113,Alvays Boise Fab 4,front_end_fab,Boise,USA,43.6004,-116.1635,operating,1996,logic,16nm,16.0,300.0,53000,wafer_starts_per_month,16,public,confirmed
F00200,C00113,Alvays Singapore Fab 5,front_end_fab,Singapore,SGP,1.3991,103.8495,operating,2000,logic,40nm,40.0,300.0,71000,wafer_starts_per_month,8,public,confirmed
F00201,C00114,Mevient Nanjing Fab 1,front_end_fab,Nanjing,CHN,32.0086,118.7444,operating,2011,logic,7nm,7.0,300.0,103000,wafer_starts_per_month,12,third_party,estimated
F00202,C00114,Mevient Hsinchu Fab 2,front_end_fab,Hsinchu,TWN,24.8509,120.9754,operating,2008,logic,65nm,65.0,200.0,21000,wafer_starts_per_month,15,third_party,estimated
F00203,C00114,Mevient Taichung Fab 3,front_end_fab,Taichung,TWN,24.1426,120.6427,operating,1997,logic,5nm,5.0,300.0,19000,wafer_starts_per_month,19,third_party,estimated
F00204,C00114,Mevient Phoenix Fab 4,front_end_fab,Phoenix,USA,33.3907,-112.121,operating,2007,logic,40nm,40.0,300.0,41000,wafer_starts_per_month,12,third_party,estimated
F00205,C00115,Fenelant Singapore Fab 1,front_end_fab,Singapore,SGP,1.3602,103.876,ramping,2024,logic,7nm,7.0,300.0,28000,wafer_starts_per_month,20,third_party,estimated
F00206,C00115,Fenelant Columbus Fab 2,front_end_fab,Columbus,USA,40.0146,-83.0221,operating,2002,logic,65nm,65.0,200.0,61000,wafer_starts_per_month,12,public,confirmed
F00207,C00115,Fenelant Hillsboro Fab 3,front_end_fab,Hillsboro,USA,45.5155,-122.9522,operating,1997,logic,16nm,16.0,300.0,53000,wafer_starts_per_month,12,third_party,estimated
F00208,C00116,Syliset Santa Clara Fab 1,front_end_fab,Santa Clara,USA,37.4029,-121.9686,operating,2001,logic,28nm,28.0,300.0,101000,wafer_starts_per_month,12,third_party,estimated
F00209,C00116,Syliset Hillsboro Fab 2,front_end_fab,Hillsboro,USA,45.5445,-123.0006,operating,2014,logic,65nm,65.0,200.0,54000,wafer_starts_per_month,8,public,confirmed
F00210,C00116,Syliset Malta Fab 3,front_end_fab,Malta,USA,43.0088,-73.8101,ramping,2024,logic,5nm,5.0,300.0,93000,wafer_starts_per_month,12,third_party,estimated
F00211,C00117,Davova Shenzhen Fab 1,memory_fab,Shenzhen,CHN,22.5315,114.0474,operating,2012,dram_hbm,1b DRAM,,300.0,59000,wafer_starts_per_month,17,public,confirmed
F00212,C00117,Davova Nanjing Fab 2,memory_fab,Nanjing,CHN,32.0967,118.755,operating,1998,dram_hbm,1c DRAM,,300.0,128000,wafer_starts_per_month,15,public,confirmed
F00213,C00117,Davova Shanghai Fab 3,memory_fab,Shanghai,CHN,31.2763,121.4426,operating,2019,dram_hbm,1b DRAM,,300.0,81000,wafer_starts_per_month,13,third_party,estimated
F00214,C00118,Hesirant Wuhan Fab 1,memory_fab,Wuhan,CHN,30.5593,114.3335,operating,2007,dram_hbm,1b DRAM,,300.0,151000,wafer_starts_per_month,10,third_party,estimated
F00215,C00118,Hesirant Xi'an Fab 2,memory_fab,Xi'an,CHN,34.298,108.9516,operating,2005,dram_hbm,1c DRAM,,300.0,57000,wafer_starts_per_month,18,public,confirmed
F00216,C00119,Caelisane Chitose Fab 1,memory_fab,Chitose,JPN,42.88,141.617,operating,2008,dram_hbm,1c DRAM,,300.0,137000,wafer_starts_per_month,10,public,confirmed
F00217,C00119,Caelisane Hiroshima Fab 2,memory_fab,Hiroshima,JPN,34.4367,132.4951,operating,2013,dram_hbm,1c DRAM,,300.0,163000,wafer_starts_per_month,9,third_party,estimated
F00218,C00120,Ryniell Kitakami Fab 1,memory_fab,Kitakami,JPN,39.3119,141.076,operating,1998,dram_hbm,1b DRAM,,300.0,168000,wafer_starts_per_month,20,public,confirmed
F00219,C00120,Ryniell Hiroshima Fab 2,memory_fab,Hiroshima,JPN,34.4102,132.5104,operating,2016,dram_hbm,1a DRAM,,300.0,142000,wafer_starts_per_month,11,third_party,estimated
F00220,C00120,Ryniell Yokkaichi Fab 3,memory_fab,Yokkaichi,JPN,34.9359,136.6182,operating,2004,dram_hbm,1c DRAM,,300.0,161000,wafer_starts_per_month,16,third_party,estimated
F00221,C00120,Ryniell Hiroshima Fab 4,memory_fab,Hiroshima,JPN,34.3484,132.4437,operating,2013,dram_hbm,1a DRAM,,300.0,96000,wafer_starts_per_month,19,public,confirmed
F00222,C00121,Zelaond Kitakami Fab 1,memory_fab,Kitakami,JPN,39.2938,141.1461,operating,2008,dram_hbm,1b DRAM,,300.0,137000,wafer_starts_per_month,15,third_party,estimated
F00223,C00121,Zelaond Yokkaichi Fab 2,memory_fab,Yokkaichi,JPN,35.0277,136.5873,operating,2007,dram_hbm,1a DRAM,,300.0,90000,wafer_starts_per_month,16,public,confirmed
F00224,C00122,Hesorios Phoenix Fab 1,memory_fab,Phoenix,USA,33.4192,-112.1017,operating,2009,dram_hbm,1a DRAM,,300.0,121000,wafer_starts_per_month,8,third_party,estimated
F00225,C00122,Hesorios Yongin Fab 2,memory_fab,Yongin,KOR,37.218,127.2247,operating,1997,dram_hbm,1b DRAM,,300.0,112000,wafer_starts_per_month,10,third_party,estimated
F00226,C00122,Hesorios Pyeongtaek Fab 3,memory_fab,Pyeongtaek,KOR,36.9569,127.0873,operating,2021,dram_hbm,1a DRAM,,300.0,124000,wafer_starts_per_month,16,public,confirmed
F00227,C00122,Hesorios Icheon Fab 4,memory_fab,Icheon,KOR,37.2108,127.4826,operating,1997,dram_hbm,1b DRAM,,300.0,84000,wafer_starts_per_month,10,public,confirmed
F00228,C00123,Zelelios Hwaseong Fab 1,memory_fab,Hwaseong,KOR,37.2138,126.7962,operating,2002,dram_hbm,1c DRAM,,300.0,46000,wafer_starts_per_month,16,third_party,estimated
F00229,C00123,Zelelios Hwaseong Fab 2,memory_fab,Hwaseong,KOR,37.2242,126.8183,operating,2012,dram_hbm,1c DRAM,,300.0,142000,wafer_starts_per_month,17,public,confirmed
F00230,C00123,Zelelios Pyeongtaek Fab 3,memory_fab,Pyeongtaek,KOR,36.9884,127.1221,operating,2012,dram_hbm,1b DRAM,,300.0,163000,wafer_starts_per_month,14,third_party,estimated
F00231,C00123,Zelelios Cheongju Fab 4,memory_fab,Cheongju,KOR,36.6322,127.4687,operating,2009,dram_hbm,1c DRAM,,300.0,160000,wafer_starts_per_month,8,third_party,estimated
F00232,C00123,Zelelios Pyeongtaek Fab 5,memory_fab,Pyeongtaek,KOR,36.9538,127.1575,operating,2011,dram_hbm,1a DRAM,,300.0,73000,wafer_starts_per_month,10,public,confirmed
F00233,C00124,Lunarora Hwaseong Fab 1,memory_fab,Hwaseong,KOR,37.2599,126.7976,ramping,2025,dram_hbm,1c DRAM,,300.0,153000,wafer_starts_per_month,10,third_party,estimated
F00234,C00124,Lunarora Cheongju Fab 2,memory_fab,Cheongju,KOR,36.678,127.463,operating,1998,dram_hbm,1b DRAM,,300.0,111000,wafer_starts_per_month,8,public,confirmed
F00235,C00125,Tavoant Kumamoto Fab 1,memory_fab,Kumamoto,JPN,32.7574,130.7606,operating,2023,nand,1b NAND,,300.0,78000,wafer_starts_per_month,11,public,confirmed
F00236,C00125,Tavoant Kitakami Fab 2,memory_fab,Kitakami,JPN,39.2843,141.1107,planned,2028,nand,1b NAND,,300.0,61000,wafer_starts_per_month,9,third_party,estimated
F00237,C00125,Tavoant Boise Fab 3,memory_fab,Boise,USA,43.6298,-116.21,operating,2019,nand,1b NAND,,300.0,150000,wafer_starts_per_month,20,third_party,estimated
F00238,C00125,Tavoant Hiroshima Fab 4,memory_fab,Hiroshima,JPN,34.3795,132.4911,operating,2008,nand,1a NAND,,300.0,118000,wafer_starts_per_month,8,third_party,estimated
F00239,C00126,Belarent Tokyo Fab 1,memory_fab,Tokyo,JPN,35.6876,139.6653,operating,2019,nand,1c NAND,,300.0,70000,wafer_starts_per_month,13,public,confirmed
F00240,C00126,Belarent Kitakami Fab 2,memory_fab,Kitakami,JPN,39.3304,141.0706,operating,2009,nand,1c NAND,,300.0,51000,wafer_starts_per_month,9,third_party,estimated
F00241,C00126,Belarent Chitose Fab 3,memory_fab,Chitose,JPN,42.7665,141.6507,operating,2017,nand,1b NAND,,300.0,76000,wafer_starts_per_month,15,third_party,estimated
F00242,C00126,Belarent Hefei Fab 4,memory_fab,Hefei,CHN,31.7857,117.28,planned,2029,nand,1a NAND,,300.0,132000,wafer_starts_per_month,10,third_party,estimated
F00243,C00127,Lunorova Yongin Fab 1,memory_fab,Yongin,KOR,37.1866,127.1248,operating,2004,nand,1a NAND,,300.0,119000,wafer_starts_per_month,15,third_party,estimated
F00244,C00127,Lunorova Icheon Fab 2,memory_fab,Icheon,KOR,37.3102,127.4875,operating,2011,nand,1a NAND,,300.0,132000,wafer_starts_per_month,9,third_party,estimated
F00245,C00127,Lunorova Pyeongtaek Fab 3,memory_fab,Pyeongtaek,KOR,36.9375,127.0504,operating,2010,nand,1a NAND,,300.0,82000,wafer_starts_per_month,20,third_party,estimated
F00246,C00128,Xaniys Singapore Fab 1,memory_fab,Singapore,SGP,1.3398,103.8379,operating,2009,nand,1a NAND,,300.0,57000,wafer_starts_per_month,19,third_party,estimated
F00247,C00128,Xaniys Icheon Fab 2,memory_fab,Icheon,KOR,37.3105,127.3856,operating,2020,nand,1b NAND,,300.0,40000,wafer_starts_per_month,8,third_party,estimated
F00248,C00128,Xaniys Hwaseong Fab 3,memory_fab,Hwaseong,KOR,37.1862,126.7704,operating,2004,nand,1a NAND,,300.0,43000,wafer_starts_per_month,17,third_party,estimated
F00249,C00128,Xaniys Hwaseong Fab 4,memory_fab,Hwaseong,KOR,37.213,126.8518,operating,1999,nand,1a NAND,,300.0,177000,wafer_starts_per_month,16,public,confirmed
F00250,C00128,Xaniys Hwaseong Fab 5,memory_fab,Hwaseong,KOR,37.2051,126.8009,operating,2019,nand,1b NAND,,300.0,63000,wafer_starts_per_month,16,public,confirmed
F00251,C00129,Draelane Austin Fab 1,memory_fab,Austin,USA,30.2188,-97.7459,operating,1997,nand,1c NAND,,300.0,85000,wafer_starts_per_month,13,third_party,estimated
F00252,C00129,Draelane Malta Fab 2,memory_fab,Malta,USA,42.9551,-73.8353,operating,1996,nand,1a NAND,,300.0,101000,wafer_starts_per_month,9,third_party,estimated
F00253,C00130,Zoruark Singapore Fab 1,memory_fab,Singapore,SGP,1.2905,103.7832,operating,2007,nand,1c NAND,,300.0,68000,wafer_starts_per_month,13,third_party,estimated
F00254,C00130,Zoruark Malta Fab 2,memory_fab,Malta,USA,42.9421,-73.8371,operating,2013,nand,1a NAND,,300.0,177000,wafer_starts_per_month,11,public,confirmed
F00255,C00130,Zoruark Dallas Fab 3,memory_fab,Dallas,USA,32.7984,-96.7989,operating,2008,nand,1c NAND,,300.0,53000,wafer_starts_per_month,14,public,confirmed
F00256,C00130,Zoruark Phoenix Fab 4,memory_fab,Phoenix,USA,33.4802,-112.0249,operating,2018,nand,1b NAND,,300.0,113000,wafer_starts_per_month,10,third_party,estimated
F00257,C00130,Zoruark Hillsboro Fab 5,memory_fab,Hillsboro,USA,45.5663,-123.0058,operating,1999,nand,1c NAND,,300.0,58000,wafer_starts_per_month,19,third_party,estimated
F00258,C00131,Maraet Xi'an Packaging Plant 1,packaging_plant,Xi'an,CHN,34.379,108.9832,operating,2023,advanced_packaging,,,,38000,interposer_wafers_per_month,12,supplier_disclosed,confirmed
F00259,C00131,Maraet Nanjing Packaging Plant 2,packaging_plant,Nanjing,CHN,32.0363,118.8583,operating,2022,advanced_packaging,,,,9000,interposer_wafers_per_month,7,third_party,estimated
F00260,C00132,Joroex Wuxi Packaging Plant 1,packaging_plant,Wuxi,CHN,31.4699,120.3038,ramping,2024,advanced_packaging,,,,32000,interposer_wafers_per_month,14,third_party,estimated
F00261,C00132,Joroex Wuxi Packaging Plant 2,packaging_plant,Wuxi,CHN,31.4615,120.2611,operating,1997,advanced_packaging,,,,24000,interposer_wafers_per_month,9,supplier_disclosed,confirmed
F00262,C00132,Joroex Shanghai Packaging Plant 3,packaging_plant,Shanghai,CHN,31.2053,121.4321,operating,2023,advanced_packaging,,,,14000,interposer_wafers_per_month,14,third_party,estimated
F00263,C00132,Joroex Wuhan Packaging Plant 4,packaging_plant,Wuhan,CHN,30.5775,114.2548,under_construction,2027,advanced_packaging,,,,22000,interposer_wafers_per_month,6,third_party,estimated
F00264,C00133,Seleova Taoyuan Packaging Plant 1,packaging_plant,Taoyuan,TWN,24.9474,121.2576,operating,2002,advanced_packaging,,,,10000,interposer_wafers_per_month,9,third_party,estimated
F00265,C00133,Seleova Icheon Packaging Plant 2,packaging_plant,Icheon,KOR,37.2293,127.4229,operating,2002,advanced_packaging,,,,28000,interposer_wafers_per_month,8,supplier_disclosed,confirmed
F00266,C00133,Seleova Yongin Packaging Plant 3,packaging_plant,Yongin,KOR,37.1851,127.2242,operating,2019,advanced_packaging,,,,30000,interposer_wafers_per_month,12,third_party,estimated
F00267,C00133,Seleova Cheongju Packaging Plant 4,packaging_plant,Cheongju,KOR,36.6896,127.5204,operating,2000,advanced_packaging,,,,37000,interposer_wafers_per_month,8,third_party,estimated
F00268,C00134,Fenanant Cheongju Packaging Plant 1,packaging_plant,Cheongju,KOR,36.6783,127.5074,operating,2005,advanced_packaging,,,,37000,interposer_wafers_per_month,10,third_party,estimated
F00269,C00134,Fenanant Yongin Packaging Plant 2,packaging_plant,Yongin,KOR,37.2741,127.2194,operating,2012,advanced_packaging,,,,34000,interposer_wafers_per_month,6,third_party,estimated
F00270,C00134,Fenanant Hwaseong Packaging Plant 3,packaging_plant,Hwaseong,KOR,37.1707,126.8566,operating,2014,advanced_packaging,,,,12000,interposer_wafers_per_month,13,third_party,estimated
F00271,C00134,Fenanant Cheongju Packaging Plant 4,packaging_plant,Cheongju,KOR,36.6086,127.5235,operating,2000,advanced_packaging,,,,15000,interposer_wafers_per_month,14,third_party,estimated
F00272,C00135,Norelys Hillsboro Packaging Plant 1,packaging_plant,Hillsboro,USA,45.5156,-122.998,operating,2003,advanced_packaging,,,,18000,interposer_wafers_per_month,12,supplier_disclosed,confirmed
F00273,C00135,Norelys Tainan Packaging Plant 2,packaging_plant,Tainan,TWN,22.9761,120.1676,operating,2000,advanced_packaging,,,,17000,interposer_wafers_per_month,7,supplier_disclosed,confirmed
F00274,C00136,Nyranios Taoyuan Packaging Plant 1,packaging_plant,Taoyuan,TWN,25.023,121.2797,operating,2002,advanced_packaging,,,,21000,interposer_wafers_per_month,9,third_party,estimated
F00275,C00137,Corisent Hsinchu Packaging Plant 1,packaging_plant,Hsinchu,TWN,24.7862,120.9687,operating,2005,advanced_packaging,,,,38000,interposer_wafers_per_month,7,third_party,estimated
F00276,C00138,Thalirell Kaohsiung Packaging Plant 1,packaging_plant,Kaohsiung,TWN,22.6421,120.2829,operating,2021,advanced_packaging,,,,20000,interposer_wafers_per_month,9,supplier_disclosed,confirmed
F00277,C00138,Thalirell Kaohsiung Packaging Plant 2,packaging_plant,Kaohsiung,TWN,22.5945,120.3533,operating,1997,advanced_packaging,,,,10000,interposer_wafers_per_month,13,third_party,estimated
F00278,C00138,Thalirell Hillsboro Packaging Plant 3,packaging_plant,Hillsboro,USA,45.5592,-123.0078,operating,2002,advanced_packaging,,,,5000,interposer_wafers_per_month,6,third_party,estimated
F00279,C00139,Lunirium Dallas Packaging Plant 1,packaging_plant,Dallas,USA,32.7836,-96.8386,operating,2022,advanced_packaging,,,,7000,interposer_wafers_per_month,11,supplier_disclosed,confirmed
F00280,C00139,Lunirium Santa Clara Packaging Plant 2,packaging_plant,Santa Clara,USA,37.3788,-122.0134,ramping,2025,advanced_packaging,,,,38000,interposer_wafers_per_month,10,supplier_disclosed,confirmed
F00281,C00139,Lunirium Santa Clara Packaging Plant 3,packaging_plant,Santa Clara,USA,37.4033,-121.9951,operating,1996,advanced_packaging,,,,12000,interposer_wafers_per_month,6,third_party,estimated
F00282,C00140,Corenix Columbus Packaging Plant 1,packaging_plant,Columbus,USA,39.9,-83.018,operating,1995,advanced_packaging,,,,37000,interposer_wafers_per_month,12,supplier_disclosed,confirmed
F00283,C00140,Corenix Dallas Packaging Plant 2,packaging_plant,Dallas,USA,32.8095,-96.8225,operating,2020,advanced_packaging,,,,21000,interposer_wafers_per_month,13,supplier_disclosed,confirmed
F00284,C00141,Galorios Xi'an Packaging Plant 1,packaging_plant,Xi'an,CHN,34.2828,108.9106,operating,2013,standard_packaging,,,,307000000,packages_per_month,8,third_party,estimated
F00285,C00141,Galorios Shanghai Packaging Plant 2,packaging_plant,Shanghai,CHN,31.218,121.5043,operating,1999,standard_packaging,,,,345000000,packages_per_month,3,third_party,estimated
F00286,C00141,Galorios Kulim Packaging Plant 3,packaging_plant,Kulim,MYS,5.4277,100.5211,operating,2007,standard_packaging,,,,399000000,packages_per_month,6,supplier_disclosed,confirmed
F00287,C00141,Galorios Shenzhen Packaging Plant 4,packaging_plant,Shenzhen,CHN,22.5138,114.1098,operating,2014,standard_packaging,,,,575000000,packages_per_month,10,third_party,estimated
F00288,C00142,Zoriara Ho Chi Minh City Packaging Plant 1,packaging_plant,Ho Chi Minh City,VNM,10.8016,106.6708,operating,2010,standard_packaging,,,,384000000,packages_per_month,6,supplier_disclosed,confirmed
F00289,C00142,Zoriara Icheon Packaging Plant 2,packaging_plant,Icheon,KOR,37.276,127.4518,operating,1996,standard_packaging,,,,80000000,packages_per_month,10,third_party,estimated
F00290,C00142,Zoriara Beijing Packaging Plant 3,packaging_plant,Beijing,CHN,39.8745,116.3477,operating,2008,standard_packaging,,,,414000000,packages_per_month,5,third_party,estimated
F00291,C00142,Zoriara Xi'an Packaging Plant 4,packaging_plant,Xi'an,CHN,34.3604,108.8979,under_construction,2027,standard_packaging,,,,197000000,packages_per_month,4,third_party,estimated
F00292,C00143,Aririum Beijing Packaging Plant 1,packaging_plant,Beijing,CHN,39.8587,116.3633,ramping,2024,standard_packaging,,,,427000000,packages_per_month,7,third_party,estimated
F00293,C00143,Aririum Shanghai Packaging Plant 2,packaging_plant,Shanghai,CHN,31.2879,121.4912,ramping,2025,standard_packaging,,,,434000000,packages_per_month,7,third_party,estimated
F00294,C00143,Aririum Shenzhen Packaging Plant 3,packaging_plant,Shenzhen,CHN,22.566,114.1141,operating,1997,standard_packaging,,,,568000000,packages_per_month,7,third_party,estimated
F00295,C00143,Aririum Wuhan Packaging Plant 4,packaging_plant,Wuhan,CHN,30.5311,114.3184,operating,2011,standard_packaging,,,,277000000,packages_per_month,4,third_party,estimated
F00296,C00144,Velisova Hwaseong Packaging Plant 1,packaging_plant,Hwaseong,KOR,37.2477,126.8792,operating,1996,standard_packaging,,,,81000000,packages_per_month,6,third_party,estimated
F00297,C00144,Velisova Hwaseong Packaging Plant 2,packaging_plant,Hwaseong,KOR,37.1457,126.8553,operating,2021,standard_packaging,,,,530000000,packages_per_month,4,third_party,estimated
F00298,C00144,Velisova Yongin Packaging Plant 3,packaging_plant,Yongin,KOR,37.1882,127.1731,operating,2012,standard_packaging,,,,388000000,packages_per_month,10,third_party,estimated
F00299,C00145,Velaneth Cheongju Packaging Plant 1,packaging_plant,Cheongju,KOR,36.5871,127.4664,operating,2017,standard_packaging,,,,281000000,packages_per_month,4,supplier_disclosed,confirmed
F00300,C00146,Pyrion Taichung Packaging Plant 1,packaging_plant,Taichung,TWN,24.1754,120.6158,operating,2002,standard_packaging,,,,489000000,packages_per_month,8,third_party,estimated
F00301,C00147,Eskiseon Taoyuan Packaging Plant 1,packaging_plant,Taoyuan,TWN,24.9996,121.2498,operating,2001,standard_packaging,,,,536000000,packages_per_month,4,third_party,estimated
F00302,C00147,Eskiseon Kulim Packaging Plant 2,packaging_plant,Kulim,MYS,5.3446,100.5244,under_construction,2026,standard_packaging,,,,481000000,packages_per_month,8,third_party,estimated
F00303,C00147,Eskiseon Penang Packaging Plant 3,packaging_plant,Penang,MYS,5.3656,100.2952,operating,2010,standard_packaging,,,,541000000,packages_per_month,5,third_party,estimated
F00304,C00147,Eskiseon Kulim Packaging Plant 4,packaging_plant,Kulim,MYS,5.4143,100.5434,operating,2001,standard_packaging,,,,369000000,packages_per_month,4,third_party,estimated
F00305,C00148,Lunirex Singapore Packaging Plant 1,packaging_plant,Singapore,SGP,1.3941,103.8048,operating,2016,standard_packaging,,,,281000000,packages_per_month,9,supplier_disclosed,confirmed
F00306,C00148,Lunirex Hsinchu Packaging Plant 2,packaging_plant,Hsinchu,TWN,24.8323,121.017,operating,1997,standard_packaging,,,,349000000,packages_per_month,9,third_party,estimated
F00307,C00149,Eskiet Tainan Packaging Plant 1,packaging_plant,Tainan,TWN,23.0381,120.2525,operating,2005,standard_packaging,,,,509000000,packages_per_month,3,third_party,estimated
F00308,C00150,Coriane Taichung Packaging Plant 1,packaging_plant,Taichung,TWN,24.1985,120.7107,operating,2012,standard_packaging,,,,540000000,packages_per_month,7,third_party,estimated
F00309,C00150,Coriane Kaohsiung Packaging Plant 2,packaging_plant,Kaohsiung,TWN,22.5938,120.3391,planned,2029,standard_packaging,,,,105000000,packages_per_month,8,supplier_disclosed,confirmed
F00310,C00150,Coriane Kuala Lumpur Packaging Plant 3,packaging_plant,Kuala Lumpur,MYS,3.1867,101.7261,ramping,2025,standard_packaging,,,,277000000,packages_per_month,10,supplier_disclosed,confirmed
F00311,C00151,Wynond Singapore Packaging Plant 1,packaging_plant,Singapore,SGP,1.3717,103.8675,operating,2002,standard_packaging,,,,387000000,packages_per_month,10,third_party,estimated
F00312,C00152,Calaneth Tainan Packaging Plant 1,packaging_plant,Tainan,TWN,23.0068,120.2445,ramping,2024,standard_packaging,,,,87000000,packages_per_month,3,third_party,estimated
F00313,C00152,Calaneth Pyeongtaek Packaging Plant 2,packaging_plant,Pyeongtaek,KOR,37.0461,127.0544,operating,2003,standard_packaging,,,,157000000,packages_per_month,3,third_party,estimated
F00314,C00152,Calaneth Kaohsiung Packaging Plant 3,packaging_plant,Kaohsiung,TWN,22.5988,120.2464,operating,2009,standard_packaging,,,,460000000,packages_per_month,5,third_party,estimated
F00315,C00153,Rynenion Laguna Packaging Plant 1,packaging_plant,Laguna,PHL,14.184,121.3122,operating,2005,standard_packaging,,,,532000000,packages_per_month,9,third_party,estimated
F00316,C00153,Rynenion Beijing Packaging Plant 2,packaging_plant,Beijing,CHN,39.8445,116.4249,operating,2005,standard_packaging,,,,260000000,packages_per_month,10,third_party,estimated
F00317,C00153,Rynenion Pyeongtaek Packaging Plant 3,packaging_plant,Pyeongtaek,KOR,36.9592,127.1385,ramping,2025,standard_packaging,,,,497000000,packages_per_month,10,third_party,estimated
F00318,C00153,Rynenion Hillsboro Packaging Plant 4,packaging_plant,Hillsboro,USA,45.4759,-123.0363,operating,1997,standard_packaging,,,,383000000,packages_per_month,10,third_party,estimated
F00319,C00154,Elelark Manila Packaging Plant 1,packaging_plant,Manila,PHL,14.6126,121.0112,operating,2012,standard_packaging,,,,534000000,packages_per_month,8,third_party,estimated
F00320,C00154,Elelark Kulim Packaging Plant 2,packaging_plant,Kulim,MYS,5.3717,100.509,operating,2016,standard_packaging,,,,338000000,packages_per_month,7,third_party,estimated
F00321,C00154,Elelark Kaohsiung Packaging Plant 3,packaging_plant,Kaohsiung,TWN,22.6121,120.2892,operating,2003,standard_packaging,,,,113000000,packages_per_month,4,third_party,estimated
F00322,C00255,Obroant Guadalajara Assembly 1,server_assembly,Guadalajara,MEX,20.6298,-103.347,operating,2006,ai_servers,,,,9965,racks_per_month,2,supplier_disclosed,confirmed
F00323,C00255,Obroant Ciudad Juarez Assembly 2,server_assembly,Ciudad Juarez,MEX,31.6416,-106.3751,operating,2010,ai_servers,,,,2782,racks_per_month,2,supplier_disclosed,confirmed
F00324,C00256,Vorelet Wuxi Assembly 1,server_assembly,Wuxi,CHN,31.4981,120.3055,ramping,2025,ai_servers,,,,3024,racks_per_month,3,supplier_disclosed,confirmed
F00325,C00256,Vorelet Guadalajara Assembly 2,server_assembly,Guadalajara,MEX,20.7194,-103.3064,operating,2022,ai_servers,,,,7665,racks_per_month,4,supplier_disclosed,confirmed
F00326,C00257,Zelelion Regensburg Assembly 1,server_assembly,Regensburg,DEU,49.0165,12.0703,operating,2011,ai_servers,,,,8482,racks_per_month,3,supplier_disclosed,confirmed
F00327,C00257,Zelelion Ciudad Juarez Assembly 2,server_assembly,Ciudad Juarez,MEX,31.7292,-106.3941,operating,2004,ai_servers,,,,7827,racks_per_month,3,supplier_disclosed,confirmed
F00328,C00257,Zelelion Tainan Assembly 3,server_assembly,Tainan,TWN,22.9486,120.1699,operating,2010,ai_servers,,,,740,racks_per_month,3,supplier_disclosed,confirmed
F00329,C00257,Zelelion Beijing Assembly 4,server_assembly,Beijing,CHN,39.8668,116.4342,under_construction,2026,ai_servers,,,,983,racks_per_month,2,supplier_disclosed,confirmed
F00330,C00258,Daviane Kaohsiung Assembly 1,server_assembly,Kaohsiung,TWN,22.5802,120.356,operating,2019,ai_servers,,,,10245,racks_per_month,3,supplier_disclosed,confirmed
F00331,C00258,Daviane Guadalajara Assembly 2,server_assembly,Guadalajara,MEX,20.614,-103.3091,operating,2022,ai_servers,,,,6712,racks_per_month,1,supplier_disclosed,confirmed
F00332,C00259,Seliane Guadalajara Assembly 1,server_assembly,Guadalajara,MEX,20.6558,-103.3042,operating,1998,ai_servers,,,,9319,racks_per_month,1,supplier_disclosed,confirmed
F00333,C00259,Seliane Ciudad Juarez Assembly 2,server_assembly,Ciudad Juarez,MEX,31.6935,-106.4473,operating,1998,ai_servers,,,,9677,racks_per_month,4,supplier_disclosed,confirmed
F00334,C00259,Seliane Monterrey Assembly 3,server_assembly,Monterrey,MEX,25.6651,-100.3241,operating,1999,ai_servers,,,,4076,racks_per_month,3,supplier_disclosed,confirmed
F00335,C00260,Vorisent Guadalajara Assembly 1,server_assembly,Guadalajara,MEX,20.6981,-103.3047,operating,1998,ai_servers,,,,10322,racks_per_month,2,supplier_disclosed,confirmed
F00336,C00260,Vorisent Shanghai Assembly 2,server_assembly,Shanghai,CHN,31.2363,121.4388,operating,2002,ai_servers,,,,10115,racks_per_month,1,supplier_disclosed,confirmed
F00337,C00261,Quineth Ho Chi Minh City Assembly 1,server_assembly,Ho Chi Minh City,VNM,10.8579,106.5745,operating,1999,ai_servers,,,,8176,racks_per_month,3,supplier_disclosed,confirmed
F00338,C00261,Quineth Ciudad Juarez Assembly 2,server_assembly,Ciudad Juarez,MEX,31.6716,-106.4253,operating,2019,ai_servers,,,,2925,racks_per_month,3,supplier_disclosed,confirmed
F00339,C00261,Quineth Penang Assembly 3,server_assembly,Penang,MYS,5.4302,100.3071,operating,1997,ai_servers,,,,6222,racks_per_month,1,supplier_disclosed,confirmed
F00340,C00262,Jorux Guadalajara Assembly 1,server_assembly,Guadalajara,MEX,20.6927,-103.3756,operating,2001,ai_servers,,,,4934,racks_per_month,2,supplier_disclosed,confirmed
F00341,C00262,Jorux Singapore Assembly 2,server_assembly,Singapore,SGP,1.4094,103.8763,operating,1996,ai_servers,,,,4467,racks_per_month,4,supplier_disclosed,confirmed
F00342,C00263,Wynorios Monterrey Assembly 1,server_assembly,Monterrey,MEX,25.6947,-100.2807,operating,2009,ai_servers,,,,4711,racks_per_month,3,supplier_disclosed,confirmed
F00343,C00264,Pyriux Malta Assembly 1,server_assembly,Malta,USA,42.978,-73.837,operating,2022,ai_servers,,,,10942,racks_per_month,4,supplier_disclosed,confirmed
F00344,C00265,Falanex Columbus Assembly 1,server_assembly,Columbus,USA,39.9979,-82.9567,ramping,2025,ai_servers,,,,1866,racks_per_month,3,supplier_disclosed,confirmed
F00345,C00265,Falanex Taichung Assembly 2,server_assembly,Taichung,TWN,24.0973,120.6698,operating,2023,ai_servers,,,,1600,racks_per_month,4,supplier_disclosed,confirmed
F00346,C00265,Falanex Monterrey Assembly 3,server_assembly,Monterrey,MEX,25.6312,-100.3049,operating,2015,ai_servers,,,,2298,racks_per_month,2,supplier_disclosed,confirmed
F00347,C00266,Aroeth Monterrey Assembly 1,server_assembly,Monterrey,MEX,25.7475,-100.2728,operating,2022,ai_servers,,,,10145,racks_per_month,1,supplier_disclosed,confirmed
F00348,C00266,Aroeth Taoyuan Assembly 2,server_assembly,Taoyuan,TWN,24.944,121.3509,operating,2007,ai_servers,,,,3485,racks_per_month,1,supplier_disclosed,confirmed
F00349,C00266,Aroeth Taoyuan Assembly 3,server_assembly,Taoyuan,TWN,25.0352,121.3495,operating,2023,ai_servers,,,,5397,racks_per_month,2,supplier_disclosed,confirmed
F00350,C00266,Aroeth Taichung Assembly 4,server_assembly,Taichung,TWN,24.1835,120.7296,operating,2008,ai_servers,,,,7085,racks_per_month,1,supplier_disclosed,confirmed
F00351,C00267,Itharell Munich Assembly 1,server_assembly,Munich,DEU,48.1318,11.5854,ramping,2024,ai_servers,,,,4691,racks_per_month,1,supplier_disclosed,confirmed
F00352,C00267,Itharell Kaohsiung Assembly 2,server_assembly,Kaohsiung,TWN,22.667,120.3464,operating,2011,ai_servers,,,,2277,racks_per_month,4,supplier_disclosed,confirmed
F00353,C00268,Caelaell Xi'an Assembly 1,server_assembly,Xi'an,CHN,34.3384,108.9071,operating,2020,ai_servers,,,,11064,racks_per_month,1,supplier_disclosed,confirmed
F00354,C00268,Caelaell Hsinchu Assembly 2,server_assembly,Hsinchu,TWN,24.762,121.0073,operating,2015,ai_servers,,,,10722,racks_per_month,1,supplier_disclosed,confirmed
F00355,C00269,Peliark Taoyuan Assembly 1,server_assembly,Taoyuan,TWN,24.934,121.3087,operating,2022,ai_servers,,,,6489,racks_per_month,2,supplier_disclosed,confirmed
F00356,C00270,Sylent Beijing Assembly 1,server_assembly,Beijing,CHN,39.9275,116.348,operating,1996,ai_servers,,,,2525,racks_per_month,4,supplier_disclosed,confirmed
F00357,C00271,Nyryn Tainan Assembly 1,server_assembly,Tainan,TWN,22.9945,120.2266,operating,2010,ai_servers,,,,6795,racks_per_month,4,supplier_disclosed,confirmed
F00358,C00271,Nyryn Monterrey Assembly 2,server_assembly,Monterrey,MEX,25.746,-100.2624,operating,2007,ai_servers,,,,7404,racks_per_month,3,supplier_disclosed,confirmed
F00359,C00271,Nyryn Phoenix Assembly 3,server_assembly,Phoenix,USA,33.4213,-112.0158,operating,1997,ai_servers,,,,8170,racks_per_month,1,supplier_disclosed,confirmed
F00360,C00272,Kelenora Taoyuan Assembly 1,server_assembly,Taoyuan,TWN,24.9367,121.2837,operating,2000,ai_servers,,,,3348,racks_per_month,2,supplier_disclosed,confirmed
F00361,C00272,Kelenora Xi'an Assembly 2,server_assembly,Xi'an,CHN,34.3442,108.894,operating,1995,ai_servers,,,,8839,racks_per_month,2,supplier_disclosed,confirmed
F00362,C00272,Kelenora Wuhan Assembly 3,server_assembly,Wuhan,CHN,30.5596,114.3648,operating,2020,ai_servers,,,,8450,racks_per_month,1,supplier_disclosed,confirmed
F00363,C00273,Velelium Hsinchu Assembly 1,server_assembly,Hsinchu,TWN,24.8168,120.9834,operating,2006,ai_servers,,,,8935,racks_per_month,4,supplier_disclosed,confirmed
F00364,C00273,Velelium Monterrey Assembly 2,server_assembly,Monterrey,MEX,25.7165,-100.337,operating,2018,ai_servers,,,,1615,racks_per_month,3,supplier_disclosed,confirmed
F00365,C00273,Velelium Taichung Assembly 3,server_assembly,Taichung,TWN,24.0905,120.7218,operating,1995,ai_servers,,,,2767,racks_per_month,3,supplier_disclosed,confirmed
F00366,C00273,Velelium Monterrey Assembly 4,server_assembly,Monterrey,MEX,25.7023,-100.3248,operating,2013,ai_servers,,,,11782,racks_per_month,2,supplier_disclosed,confirmed
F00367,C00274,Brynelux Columbus Assembly 1,server_assembly,Columbus,USA,39.9511,-82.9411,operating,2007,ai_servers,,,,4772,racks_per_month,4,supplier_disclosed,confirmed
F00368,C00274,Brynelux Taichung Assembly 2,server_assembly,Taichung,TWN,24.1533,120.7074,operating,2014,ai_servers,,,,750,racks_per_month,3,supplier_disclosed,confirmed
F00369,C00275,Brynaix Bangkok Assembly 1,server_assembly,Bangkok,THA,13.7733,100.5408,operating,2020,ai_servers,,,,9350,racks_per_month,1,supplier_disclosed,confirmed
F00370,C00276,Lorieth Ciudad Juarez Assembly 1,server_assembly,Ciudad Juarez,MEX,31.6478,-106.4248,planned,2028,ai_servers,,,,4064,racks_per_month,3,supplier_disclosed,confirmed
F00371,C00277,Galarova Hsinchu Assembly 1,server_assembly,Hsinchu,TWN,24.8213,120.9575,operating,2021,ai_servers,,,,6484,racks_per_month,1,supplier_disclosed,confirmed
F00372,C00277,Galarova Ciudad Juarez Assembly 2,server_assembly,Ciudad Juarez,MEX,31.7018,-106.4503,operating,2006,ai_servers,,,,8500,racks_per_month,2,supplier_disclosed,confirmed
F00373,C00278,Gryaneth Hillsboro Assembly 1,server_assembly,Hillsboro,USA,45.4859,-122.9822,operating,2007,ai_servers,,,,1804,racks_per_month,4,supplier_disclosed,confirmed
F00374,C00279,Pyroant Beijing Assembly 1,server_assembly,Beijing,CHN,39.892,116.449,operating,2008,ai_servers,,,,3095,racks_per_month,2,supplier_disclosed,confirmed
F00375,C00279,Pyroant Tainan Assembly 2,server_assembly,Tainan,TWN,22.9805,120.2302,ramping,2025,ai_servers,,,,756,racks_per_month,1,supplier_disclosed,confirmed
F00376,C00280,Taviond Guadalajara Assembly 1,server_assembly,Guadalajara,MEX,20.62,-103.3991,under_construction,2026,ai_servers,,,,3243,racks_per_month,2,supplier_disclosed,confirmed
F00377,C00280,Taviond Guadalajara Assembly 2,server_assembly,Guadalajara,MEX,20.6515,-103.3672,under_construction,2027,ai_servers,,,,7985,racks_per_month,4,supplier_disclosed,confirmed
F00378,C00281,Ithelet Nijmegen Assembly 1,server_assembly,Nijmegen,NLD,51.8862,5.8066,operating,2002,ai_servers,,,,5713,racks_per_month,2,supplier_disclosed,confirmed
F00379,C00282,Kavelium Hsinchu Assembly 1,server_assembly,Hsinchu,TWN,24.7445,120.9134,operating,2018,ai_servers,,,,7328,racks_per_month,4,supplier_disclosed,confirmed
F00380,C00282,Kavelium Hsinchu Assembly 2,server_assembly,Hsinchu,TWN,24.8273,120.9352,operating,2000,ai_servers,,,,4992,racks_per_month,4,supplier_disclosed,confirmed
F00381,C00282,Kavelium Nanjing Assembly 3,server_assembly,Nanjing,CHN,32.0104,118.8406,operating,2006,ai_servers,,,,11639,racks_per_month,2,supplier_disclosed,confirmed
F00382,C00282,Kavelium Ciudad Juarez Assembly 4,server_assembly,Ciudad Juarez,MEX,31.7164,-106.3686,under_construction,2027,ai_servers,,,,1803,racks_per_month,4,supplier_disclosed,confirmed
F00383,C00283,Wynirys Monterrey Assembly 1,server_assembly,Monterrey,MEX,25.6635,-100.2642,operating,2022,ai_servers,,,,7445,racks_per_month,1,supplier_disclosed,confirmed
F00384,C00283,Wynirys Monterrey Assembly 2,server_assembly,Monterrey,MEX,25.7132,-100.2782,operating,1997,ai_servers,,,,2303,racks_per_month,2,supplier_disclosed,confirmed
F00385,C00284,Veluora Monterrey Assembly 1,server_assembly,Monterrey,MEX,25.713,-100.3193,operating,1999,ai_servers,,,,6121,racks_per_month,3,supplier_disclosed,confirmed
F00386,C00284,Veluora Wuxi Assembly 2,server_assembly,Wuxi,CHN,31.4754,120.3538,operating,2012,ai_servers,,,,10274,racks_per_month,4,supplier_disclosed,confirmed
F00387,C00284,Veluora Penang Assembly 3,server_assembly,Penang,MYS,5.38,100.3224,under_construction,2027,ai_servers,,,,5899,racks_per_month,4,supplier_disclosed,confirmed
F00388,C00284,Veluora Santa Clara Assembly 4,server_assembly,Santa Clara,USA,37.3413,-121.9796,operating,2011,ai_servers,,,,11951,racks_per_month,4,supplier_disclosed,confirmed
F00389,C00285,Xanarix Dallas Assembly 1,server_assembly,Dallas,USA,32.7541,-96.7834,under_construction,2027,ai_servers,,,,9006,racks_per_month,3,supplier_disclosed,confirmed
F00390,C00286,Coroix Monterrey Assembly 1,server_assembly,Monterrey,MEX,25.7216,-100.328,operating,2020,ai_servers,,,,5341,racks_per_month,4,supplier_disclosed,confirmed
F00391,C00286,Coroix Jena Assembly 2,server_assembly,Jena,DEU,50.9118,11.6067,operating,2008,ai_servers,,,,10496,racks_per_month,4,supplier_disclosed,confirmed
F00392,C00286,Coroix Boise Assembly 3,server_assembly,Boise,USA,43.5847,-116.1936,operating,2008,ai_servers,,,,4088,racks_per_month,4,supplier_disclosed,confirmed
F00393,C00286,Coroix Monterrey Assembly 4,server_assembly,Monterrey,MEX,25.6545,-100.3445,ramping,2024,ai_servers,,,,5822,racks_per_month,3,supplier_disclosed,confirmed
F00394,C00287,Wenenova Ciudad Juarez Assembly 1,server_assembly,Ciudad Juarez,MEX,31.7204,-106.4592,ramping,2025,ai_servers,,,,1976,racks_per_month,4,supplier_disclosed,confirmed
F00395,C00287,Wenenova Xi'an Assembly 2,server_assembly,Xi'an,CHN,34.2964,108.9551,operating,2000,ai_servers,,,,1266,racks_per_month,4,supplier_disclosed,confirmed
F00396,C00287,Wenenova Ciudad Juarez Assembly 3,server_assembly,Ciudad Juarez,MEX,31.6968,-106.3824,operating,1999,ai_servers,,,,527,racks_per_month,1,supplier_disclosed,confirmed
F00397,C00288,Obrarios Kumamoto Assembly 1,server_assembly,Kumamoto,JPN,32.8555,130.6751,operating,2016,ai_servers,,,,707,racks_per_month,2,supplier_disclosed,confirmed
F00398,C00288,Obrarios Columbus Assembly 2,server_assembly,Columbus,USA,40.0136,-82.9959,operating,1997,ai_servers,,,,1874,racks_per_month,4,supplier_disclosed,confirmed
F00399,C00288,Obrarios Guadalajara Assembly 3,server_assembly,Guadalajara,MEX,20.6633,-103.3297,operating,2004,ai_servers,,,,758,racks_per_month,2,supplier_disclosed,confirmed
F00400,C00289,Quineon Austin Assembly 1,server_assembly,Austin,USA,30.2264,-97.7507,operating,2008,ai_servers,,,,11042,racks_per_month,3,supplier_disclosed,confirmed
F00401,C00290,Lorenium Phoenix Assembly 1,server_assembly,Phoenix,USA,33.4277,-112.0275,operating,2009,ai_servers,,,,10976,racks_per_month,3,supplier_disclosed,confirmed
F00402,C00290,Lorenium Monterrey Assembly 2,server_assembly,Monterrey,MEX,25.6571,-100.3616,operating,2009,ai_servers,,,,4689,racks_per_month,4,supplier_disclosed,confirmed
F00403,C00290,Lorenium Shanghai Assembly 3,server_assembly,Shanghai,CHN,31.2289,121.4428,operating,2003,ai_servers,,,,5928,racks_per_month,1,supplier_disclosed,confirmed
F00404,C00291,Xaneark Dresden Assembly 1,server_assembly,Dresden,DEU,51.017,13.7687,operating,2015,ai_servers,,,,6894,racks_per_month,2,supplier_disclosed,confirmed
F00405,C00291,Xaneark Nanjing Assembly 2,server_assembly,Nanjing,CHN,32.0883,118.8545,ramping,2024,ai_servers,,,,9297,racks_per_month,4,supplier_disclosed,confirmed
F00406,C00291,Xaneark Kulim Assembly 3,server_assembly,Kulim,MYS,5.3155,100.5948,operating,1998,ai_servers,,,,4498,racks_per_month,3,supplier_disclosed,confirmed
F00407,C00292,Lunirora Nijmegen Assembly 1,server_assembly,Nijmegen,NLD,51.8682,5.9069,ramping,2025,ai_servers,,,,8079,racks_per_month,2,supplier_disclosed,confirmed
F00408,C00292,Lunirora Leixlip Assembly 2,server_assembly,Leixlip,IRL,53.3413,-6.4702,ramping,2025,ai_servers,,,,10251,racks_per_month,1,supplier_disclosed,confirmed
F00409,C00292,Lunirora Phoenix Assembly 3,server_assembly,Phoenix,USA,33.4466,-112.0851,operating,2014,ai_servers,,,,3541,racks_per_month,3,supplier_disclosed,confirmed
F00410,C00292,Lunirora Monterrey Assembly 4,server_assembly,Monterrey,MEX,25.6349,-100.2669,operating,2017,ai_servers,,,,7117,racks_per_month,4,supplier_disclosed,confirmed
F00411,C00293,Norarova Kaohsiung Assembly 1,server_assembly,Kaohsiung,TWN,22.6603,120.2579,operating,2000,ai_servers,,,,7989,racks_per_month,4,supplier_disclosed,confirmed
F00412,C00293,Norarova Beijing Assembly 2,server_assembly,Beijing,CHN,39.9563,116.3938,operating,2021,ai_servers,,,,2153,racks_per_month,4,supplier_disclosed,confirmed
F00413,C00293,Norarova Wuhan Assembly 3,server_assembly,Wuhan,CHN,30.5916,114.26,operating,1995,ai_servers,,,,8604,racks_per_month,4,supplier_disclosed,confirmed
F00414,C00293,Norarova Phoenix Assembly 4,server_assembly,Phoenix,USA,33.4106,-112.1152,operating,1996,ai_servers,,,,3639,racks_per_month,4,supplier_disclosed,confirmed
F00415,C00294,Ararux Guadalajara Assembly 1,server_assembly,Guadalajara,MEX,20.6622,-103.3789,ramping,2024,ai_servers,,,,994,racks_per_month,3,supplier_disclosed,confirmed
