part_id,part_number,part_type,designer_company_id,hs_code,process_node_nm,unit_price_usd
P00001,GRY-AI0100,ai_accelerator,C00161,854231,3.0,18095.21
P00002,GRY-AI0101,ai_accelerator,C00161,854231,7.0,29021.21
P00003,RRT-AI0102,ai_accelerator,C00162,854231,7.0,20818.25
P00004,RRT-AI0103,ai_accelerator,C00162,854231,3.0,10005.14
P00005,RRT-AI0104,ai_accelerator,C00162,854231,3.0,27287.19
P00006,CLN-AI0105,ai_accelerator,C00163,854231,5.0,29414.54
P00007,CLN-AI0106,ai_accelerator,C00163,854231,5.0,10895.99
P00008,CLN-AI0107,ai_accelerator,C00163,854231,5.0,35122.89
P00009,DVR-AI0108,ai_accelerator,C00164,854231,3.0,19915.99
P00010,DVR-AI0109,ai_accelerator,C00164,854231,3.0,30948.14
P00011,DVR-AI0110,ai_accelerator,C00164,854231,3.0,33423.11
P00012,DVR-AI0111,ai_accelerator,C00164,854231,3.0,38903.15
P00013,DVR-AI0112,ai_accelerator,C00164,854231,7.0,18722.68
P00014,MVV-AI0113,ai_accelerator,C00165,854231,7.0,12195.72
P00015,MVV-AI0114,ai_accelerator,C00165,854231,3.0,16566.58
P00016,MVV-AI0115,ai_accelerator,C00165,854231,7.0,23766.15
P00017,WNR-AI0116,ai_accelerator,C00166,854231,3.0,25938.47
P00018,WNR-AI0117,ai_accelerator,C00166,854231,3.0,27522.42
P00019,RTX-AI0118,ai_accelerator,C00167,854231,7.0,38417.56
P00020,RTX-AI0119,ai_accelerator,C00167,854231,3.0,28350.79
P00021,LTX-AI0120,ai_accelerator,C00168,854231,3.0,23059.6
P00022,LTX-AI0121,ai_accelerator,C00168,854231,3.0,19014.4
P00023,LTX-AI0122,ai_accelerator,C00168,854231,3.0,19203.02
P00024,ZRR-AI0123,ai_accelerator,C00169,854231,7.0,15131.95
P00025,ZRR-AI0124,ai_accelerator,C00169,854231,7.0,11173.4
P00026,ZRR-AI0125,ai_accelerator,C00169,854231,7.0,18917.05
P00027,ZRR-AI0126,ai_accelerator,C00169,854231,3.0,15259.29
P00028,ZRR-AI0127,ai_accelerator,C00169,854231,5.0,38569.51
P00029,NRR-AI0128,ai_accelerator,C00170,854231,7.0,10931.08
P00030,NRR-AI0129,ai_accelerator,C00170,854231,7.0,31701.91
P00031,NRR-AI0130,ai_accelerator,C00170,854231,5.0,38240.1
P00032,NRR-AI0131,ai_accelerator,C00170,854231,5.0,31975.94
P00033,MVR-AI0132,ai_accelerator,C00171,854231,3.0,37617.39
P00034,MVR-AI0133,ai_accelerator,C00171,854231,3.0,20877.73
P00035,LNL-AI0134,ai_accelerator,C00172,854231,5.0,38932.03
P00036,LNL-AI0135,ai_accelerator,C00172,854231,3.0,28575.63
P00037,LNL-AI0136,ai_accelerator,C00172,854231,7.0,20910.65
P00038,LNL-AI0137,ai_accelerator,C00172,854231,7.0,36181.08
P00039,LNL-AI0138,ai_accelerator,C00172,854231,5.0,30434.11
P00040,NRN-AI0139,ai_accelerator,C00173,854231,5.0,16309.15
P00041,NRN-AI0140,ai_accelerator,C00173,854231,5.0,25520.78
P00042,NRN-AI0141,ai_accelerator,C00173,854231,7.0,38517.92
P00043,NRN-AI0142,ai_accelerator,C00173,854231,5.0,35509.15
P00044,NRN-AI0143,ai_accelerator,C00173,854231,3.0,25747.46
P00045,NRY-AI0144,ai_accelerator,C00174,854231,3.0,32337.84
P00046,NRY-AI0145,ai_accelerator,C00174,854231,7.0,17073.63
P00047,NRY-AI0146,ai_accelerator,C00174,854231,7.0,29190.14
P00048,NRY-AI0147,ai_accelerator,C00174,854231,5.0,15211.46
P00049,NRY-AI0148,ai_accelerator,C00174,854231,3.0,14715.55
P00050,RRN-AI0149,ai_accelerator,C00175,854231,5.0,20670.73
P00051,RRN-AI0150,ai_accelerator,C00175,854231,3.0,33792.19
P00052,CRR-AI0151,ai_accelerator,C00176,854231,3.0,32781.17
P00053,CRR-AI0152,ai_accelerator,C00176,854231,3.0,24120.73
P00054,CRR-AI0153,ai_accelerator,C00176,854231,3.0,21179.2
P00055,LXX-AI0154,ai_accelerator,C00177,854231,3.0,13166.34
P00056,LXX-AI0155,ai_accelerator,C00177,854231,7.0,26128.39
P00057,SYL-AI0156,ai_accelerator,C00178,854231,5.0,25145.12
P00058,SYL-AI0157,ai_accelerator,C00178,854231,7.0,31555.46
P00059,SYL-AI0158,ai_accelerator,C00178,854231,7.0,35631.36
P00060,SYL-AI0159,ai_accelerator,C00178,854231,5.0,19428.55
P00061,SYL-AI0160,ai_accelerator,C00178,854231,3.0,19226.92
P00062,HLL-AI0161,ai_accelerator,C00179,854231,7.0,11177.74
P00063,HLL-AI0162,ai_accelerator,C00179,854231,3.0,22037.42
P00064,KVN-AI0163,ai_accelerator,C00180,854231,7.0,13353.52
P00065,KVN-AI0164,ai_accelerator,C00180,854231,7.0,13907.85
P00066,KVN-AI0165,ai_accelerator,C00180,854231,7.0,30158.83
P00067,KVN-AI0166,ai_accelerator,C00180,854231,5.0,20784.2
P00068,VRS-AI0167,ai_accelerator,C00181,854231,3.0,33056.46
P00069,VRS-AI0168,ai_accelerator,C00181,854231,3.0,31179.01
P00070,VRS-AI0169,ai_accelerator,C00181,854231,3.0,31694.92
P00071,WYN-AI0170,ai_accelerator,C00182,854231,7.0,13965.87
P00072,WYN-AI0171,ai_accelerator,C00182,854231,7.0,12123.12
P00073,WYN-AI0172,ai_accelerator,C00182,854231,3.0,14117.24
P00074,WYN-AI0173,ai_accelerator,C00182,854231,7.0,10335.15
P00075,THN-AI0174,ai_accelerator,C00183,854231,3.0,28977.19
P00076,THN-AI0175,ai_accelerator,C00183,854231,5.0,21254.73
P00077,THN-AI0176,ai_accelerator,C00183,854231,5.0,38708.43
P00078,VRN-AI0177,ai_accelerator,C00184,854231,7.0,32016.94
P00079,VRN-AI0178,ai_accelerator,C00184,854231,5.0,23609.34
P00080,NYR-AI0179,ai_accelerator,C00185,854231,3.0,13236.16
P00081,NYR-AI0180,ai_accelerator,C00185,854231,3.0,23619.2
P00082,NYR-AI0181,ai_accelerator,C00185,854231,3.0,26151.18
P00083,NYR-AI0182,ai_accelerator,C00185,854231,5.0,20377.38
P00084,NYR-AI0183,ai_accelerator,C00185,854231,7.0,29454.31
P00085,SYL-CP0184,cpu,C00186,854231,5.0,1070.34
P00086,SYL-CP0185,cpu,C00186,854231,3.0,1486.48
P00087,SYL-CP0186,cpu,C00186,854231,5.0,5658.86
P00088,SYL-CP0187,cpu,C00186,854231,3.0,5615.37
P00089,KLR-CP0188,cpu,C00187,854231,7.0,1222.33
P00090,KLR-CP0189,cpu,C00187,854231,7.0,5815.4
P00091,KLR-CP0190,cpu,C00187,854231,5.0,5194.82
P00092,KLR-CP0191,cpu,C00187,854231,5.0,10759.98
P00093,LTH-CP0192,cpu,C00188,854231,7.0,4940.44
P00094,LTH-CP0193,cpu,C00188,854231,7.0,8984.82
P00095,LTH-CP0194,cpu,C00188,854231,3.0,10939.94
P00096,BRV-CP0195,cpu,C00189,854231,7.0,8883.17
P00097,BRV-CP0196,cpu,C00189,854231,5.0,9536.49
P00098,BRV-CP0197,cpu,C00189,854231,7.0,6948.06
P00099,QNL-CP0198,cpu,C00190,854231,5.0,2114.56
P00100,QNL-CP0199,cpu,C00190,854231,7.0,8432.74
P00101,HSR-CP0200,cpu,C00191,854231,7.0,3722.34
P00102,HSR-CP0201,cpu,C00191,854231,3.0,5886.72
P00103,HSR-CP0202,cpu,C00191,854231,3.0,9532.08
P00104,TVR-CP0203,cpu,C00192,854231,7.0,6949.39
P00105,TVR-CP0204,cpu,C00192,854231,7.0,1984.56
P00106,TVR-CP0205,cpu,C00192,854231,3.0,6724.78
P00107,QNL-CP0206,cpu,C00193,854231,3.0,3999.29
P00108,QNL-CP0207,cpu,C00193,854231,5.0,4954.06
P00109,QNL-CP0208,cpu,C00193,854231,3.0,5639.09
P00110,QNL-CP0209,cpu,C00193,854231,7.0,8681.19
P00111,MRN-CP0210,cpu,C00194,854231,7.0,9698.91
P00112,MRN-CP0211,cpu,C00194,854231,3.0,4472.32
P00113,MRN-CP0212,cpu,C00194,854231,7.0,2799.43
P00114,NRR-CP0213,cpu,C00195,854231,3.0,11809.29
P00115,NRR-CP0214,cpu,C00195,854231,3.0,8982.18
P00116,NRR-CP0215,cpu,C00195,854231,7.0,6086.47
P00117,NRR-CP0216,cpu,C00195,854231,7.0,9293.32
P00118,LNX-CP0217,cpu,C00196,854231,3.0,3858.54
P00119,LNX-CP0218,cpu,C00196,854231,7.0,2174.96
P00120,RST-CP0219,cpu,C00197,854231,5.0,10213.9
P00121,RST-CP0220,cpu,C00197,854231,3.0,10703.33
P00122,FNR-CP0221,cpu,C00198,854231,3.0,6018.57
P00123,FNR-CP0222,cpu,C00198,854231,7.0,9047.34
P00124,FNR-CP0223,cpu,C00198,854231,3.0,2233.95
P00125,FNR-CP0224,cpu,C00198,854231,5.0,2718.72
P00126,GRY-CP0225,cpu,C00199,854231,5.0,1656.66
P00127,GRY-CP0226,cpu,C00199,854231,3.0,4511.91
P00128,MVR-CP0227,cpu,C00200,854231,7.0,5022.85
P00129,MVR-CP0228,cpu,C00200,854231,3.0,5233.9
P00130,MVR-CP0229,cpu,C00200,854231,3.0,9523.31
P00131,MVR-CP0230,cpu,C00200,854231,3.0,6369.94
P00132,RNN-NE0231,network_chip,C00201,854239,5.0,2218.47
P00133,RNN-NE0232,network_chip,C00201,854239,16.0,497.55
P00134,RNN-NE0233,network_chip,C00201,854239,7.0,1269.84
P00135,TVR-NE0234,network_chip,C00202,854239,5.0,1913.36
P00136,TVR-NE0235,network_chip,C00202,854239,7.0,1799.3
P00137,THL-NE0236,network_chip,C00203,854239,7.0,2945.56
P00138,THL-NE0237,network_chip,C00203,854239,7.0,1329.79
P00139,THL-NE0238,network_chip,C00204,854239,16.0,2159.28
P00140,THL-NE0239,network_chip,C00204,854239,7.0,1490.43
P00141,THL-NE0240,network_chip,C00204,854239,7.0,2431.77
P00142,THL-NE0241,network_chip,C00204,854239,16.0,300.51
P00143,THL-NE0242,network_chip,C00204,854239,7.0,2886.96
P00144,KLX-NE0243,network_chip,C00205,854239,16.0,2464.11
P00145,KLX-NE0244,network_chip,C00205,854239,16.0,2168.48
P00146,KLX-NE0245,network_chip,C00205,854239,16.0,1932.11
P00147,KLX-NE0246,network_chip,C00205,854239,16.0,863.26
P00148,LYS-NE0247,network_chip,C00206,854239,5.0,1439.93
P00149,LYS-NE0248,network_chip,C00206,854239,5.0,2111.64
P00150,LYS-NE0249,network_chip,C00206,854239,16.0,463.79
P00151,LYS-NE0250,network_chip,C00206,854239,16.0,2511.51
P00152,LRN-NE0251,network_chip,C00207,854239,5.0,2648.94
P00153,LRN-NE0252,network_chip,C00207,854239,5.0,308.13
P00154,LRN-NE0253,network_chip,C00207,854239,16.0,778.18
P00155,VRL-NE0254,network_chip,C00208,854239,16.0,429.1
P00156,VRL-NE0255,network_chip,C00208,854239,16.0,1572.21
P00157,KVN-NE0256,network_chip,C00209,854239,5.0,1655.31
P00158,KVN-NE0257,network_chip,C00209,854239,7.0,1206.99
P00159,JRN-NE0258,network_chip,C00210,854239,5.0,1826.7
P00160,JRN-NE0259,network_chip,C00210,854239,5.0,1912.58
P00161,JRN-NE0260,network_chip,C00210,854239,5.0,1983.8
P00162,LNR-NE0261,network_chip,C00211,854239,7.0,1744.7
P00163,LNR-NE0262,network_chip,C00211,854239,5.0,857.34
P00164,LNR-NE0263,network_chip,C00211,854239,5.0,2594.82
P00165,KVS-NE0264,network_chip,C00212,854239,5.0,2061.56
P00166,KVS-NE0265,network_chip,C00212,854239,16.0,1088.18
P00167,KVS-NE0266,network_chip,C00212,854239,5.0,1423.86
P00168,VRR-NE0267,network_chip,C00213,854239,16.0,2362.79
P00169,VRR-NE0268,network_chip,C00213,854239,16.0,899.67
P00170,LRX-NE0269,network_chip,C00214,854239,16.0,2628.57
P00171,LRX-NE0270,network_chip,C00214,854239,7.0,2670.25
P00172,LRX-NE0271,network_chip,C00214,854239,5.0,2299.65
P00173,LRX-NE0272,network_chip,C00214,854239,5.0,1047.5
P00174,LRX-NE0273,network_chip,C00214,854239,5.0,1424.89
P00175,RTH-NE0274,network_chip,C00215,854239,5.0,516.13
P00176,RTH-NE0275,network_chip,C00215,854239,16.0,1398.23
P00177,RTH-NE0276,network_chip,C00215,854239,5.0,2982.23
P00178,KVN-NE0277,network_chip,C00216,854239,5.0,2375.59
P00179,KVN-NE0278,network_chip,C00216,854239,7.0,1875.42
P00180,XNS-NE0279,network_chip,C00217,854239,16.0,2945.32
P00181,XNS-NE0280,network_chip,C00217,854239,5.0,360.45
P00182,XNS-NE0281,network_chip,C00217,854239,7.0,986.24
P00183,XNS-NE0282,network_chip,C00217,854239,7.0,771.42
P00184,PYR-NE0283,network_chip,C00218,854239,5.0,1866.6
P00185,PYR-NE0284,network_chip,C00218,854239,7.0,2059.34
P00186,PYR-NE0285,network_chip,C00218,854239,7.0,2229.98
P00187,PYR-NE0286,network_chip,C00218,854239,16.0,1879.54
P00188,LVL-NE0287,network_chip,C00219,854239,16.0,2146.6
P00189,LVL-NE0288,network_chip,C00219,854239,16.0,393.02
P00190,LVL-NE0289,network_chip,C00219,854239,5.0,2201.31
P00191,HSN-NE0290,network_chip,C00220,854239,7.0,896.78
P00192,HSN-NE0291,network_chip,C00220,854239,5.0,2197.64
P00193,HSN-NE0292,network_chip,C00220,854239,5.0,2117.59
P00194,HSN-NE0293,network_chip,C00220,854239,7.0,735.89
P00195,WNX-NE0294,network_chip,C00221,854239,5.0,2818.67
P00196,WNX-NE0295,network_chip,C00221,854239,16.0,1318.38
P00197,BRR-NE0296,network_chip,C00222,854239,16.0,2895.16
P00198,BRR-NE0297,network_chip,C00222,854239,5.0,2800.0
P00199,BRR-NE0298,network_chip,C00222,854239,7.0,2281.49
P00200,BRR-NE0299,network_chip,C00222,854239,7.0,674.17
P00201,CRL-NE0300,network_chip,C00223,854239,7.0,1827.24
P00202,CRL-NE0301,network_chip,C00223,854239,5.0,1288.85
P00203,CRL-NE0302,network_chip,C00223,854239,7.0,977.21
P00204,CRL-NE0303,network_chip,C00223,854239,16.0,625.13
P00205,RYN-NE0304,network_chip,C00224,854239,16.0,745.17
P00206,RYN-NE0305,network_chip,C00224,854239,5.0,2195.75
P00207,RYN-NE0306,network_chip,C00224,854239,7.0,1967.08
P00208,KLN-NE0307,network_chip,C00225,854239,16.0,486.2
P00209,KLN-NE0308,network_chip,C00225,854239,5.0,2723.16
P00210,KLN-NE0309,network_chip,C00225,854239,16.0,1743.34
P00211,ZRR-PO0310,power_ic,C00226,854239,40.0,10.91
P00212,ZRR-PO0311,power_ic,C00226,854239,40.0,4.83
P00213,ZRR-PO0312,power_ic,C00226,854239,130.0,6.0
P00214,ZRR-PO0313,power_ic,C00226,854239,40.0,7.27
P00215,ZRR-PO0314,power_ic,C00226,854239,40.0,9.8
P00216,ZRR-PO0315,power_ic,C00226,854239,130.0,14.15
P00217,ZRR-PO0316,power_ic,C00226,854239,40.0,2.27
P00218,BLR-PO0317,power_ic,C00227,854239,130.0,17.07
P00219,BLR-PO0318,power_ic,C00227,854239,130.0,3.81
P00220,BLR-PO0319,power_ic,C00227,854239,40.0,7.31
P00221,BLR-PO0320,power_ic,C00227,854239,130.0,7.12
P00222,BLR-PO0321,power_ic,C00227,854239,130.0,4.61
P00223,BLR-PO0322,power_ic,C00227,854239,130.0,9.68
P00224,PYR-PO0323,power_ic,C00228,854239,130.0,11.59
P00225,PYR-PO0324,power_ic,C00228,854239,130.0,16.26
P00226,PYR-PO0325,power_ic,C00228,854239,40.0,7.25
P00227,PYR-PO0326,power_ic,C00228,854239,65.0,5.58
P00228,PYR-PO0327,power_ic,C00228,854239,40.0,8.6
P00229,PYR-PO0328,power_ic,C00228,854239,40.0,18.49
P00230,PYR-PO0329,power_ic,C00228,854239,65.0,4.52
P00231,PYR-PO0330,power_ic,C00228,854239,130.0,2.42
P00232,PYR-PO0331,power_ic,C00228,854239,40.0,3.78
P00233,PYR-PO0332,power_ic,C00228,854239,65.0,8.18
P00234,RSR-PO0333,power_ic,C00229,854239,40.0,4.97
P00235,RSR-PO0334,power_ic,C00229,854239,40.0,10.8
P00236,RSR-PO0335,power_ic,C00229,854239,40.0,2.28
P00237,RSR-PO0336,power_ic,C00229,854239,40.0,1.08
P00238,RSR-PO0337,power_ic,C00229,854239,65.0,7.62
P00239,CLR-PO0338,power_ic,C00230,854239,130.0,11.64
P00240,CLR-PO0339,power_ic,C00230,854239,65.0,6.6
P00241,CLR-PO0340,power_ic,C00230,854239,40.0,12.31
P00242,CLR-PO0341,power_ic,C00230,854239,40.0,7.54
P00243,GRY-PO0342,power_ic,C00231,854239,130.0,8.26
P00244,GRY-PO0343,power_ic,C00231,854239,130.0,3.48
P00245,GRY-PO0344,power_ic,C00231,854239,130.0,1.26
P00246,GRY-PO0345,power_ic,C00231,854239,65.0,1.57
P00247,GRY-PO0346,power_ic,C00231,854239,65.0,5.95
P00248,GRY-PO0347,power_ic,C00231,854239,130.0,12.23
P00249,GRY-PO0348,power_ic,C00231,854239,130.0,7.39
P00250,GRY-PO0349,power_ic,C00231,854239,65.0,12.25
P00251,VLS-PO0350,power_ic,C00232,854239,40.0,8.08
P00252,VLS-PO0351,power_ic,C00232,854239,65.0,4.21
P00253,VLS-PO0352,power_ic,C00232,854239,130.0,1.84
P00254,VLS-PO0353,power_ic,C00232,854239,40.0,9.82
P00255,VLS-PO0354,power_ic,C00232,854239,40.0,12.39
P00256,VLS-PO0355,power_ic,C00232,854239,130.0,15.48
P00257,VLS-PO0356,power_ic,C00232,854239,130.0,17.9
P00258,VLS-PO0357,power_ic,C00232,854239,65.0,12.39
P00259,VLS-PO0358,power_ic,C00232,854239,130.0,9.31
P00260,VLS-PO0359,power_ic,C00232,854239,40.0,1.03
P00261,SYL-PO0360,power_ic,C00233,854239,40.0,9.25
P00262,SYL-PO0361,power_ic,C00233,854239,65.0,9.94
P00263,SYL-PO0362,power_ic,C00233,854239,65.0,14.62
P00264,SYL-PO0363,power_ic,C00233,854239,65.0,8.52
P00265,SYL-PO0364,power_ic,C00233,854239,40.0,12.89
P00266,SYL-PO0365,power_ic,C00233,854239,130.0,6.23
P00267,SYL-PO0366,power_ic,C00233,854239,40.0,10.93
P00268,CLS-PO0367,power_ic,C00234,854239,65.0,17.47
P00269,CLS-PO0368,power_ic,C00234,854239,65.0,12.79
P00270,CLS-PO0369,power_ic,C00234,854239,130.0,3.21
P00271,CLS-PO0370,power_ic,C00234,854239,130.0,16.29
P00272,CLS-PO0371,power_ic,C00234,854239,65.0,12.62
P00273,CLS-PO0372,power_ic,C00234,854239,40.0,3.91
P00274,CLS-PO0373,power_ic,C00234,854239,130.0,4.52
P00275,CLS-PO0374,power_ic,C00234,854239,130.0,12.49
P00276,HSN-PO0375,power_ic,C00235,854239,40.0,18.11
P00277,HSN-PO0376,power_ic,C00235,854239,130.0,3.3
P00278,HSN-PO0377,power_ic,C00235,854239,65.0,5.22
P00279,HSN-PO0378,power_ic,C00235,854239,40.0,18.57
P00280,HSN-PO0379,power_ic,C00235,854239,130.0,16.88
P00281,HSN-PO0380,power_ic,C00235,854239,130.0,17.56
P00282,HSN-PO0381,power_ic,C00235,854239,65.0,5.31
P00283,SLS-PO0382,power_ic,C00236,854239,130.0,6.02
P00284,SLS-PO0383,power_ic,C00236,854239,65.0,3.1
P00285,SLS-PO0384,power_ic,C00236,854239,65.0,8.97
P00286,SLS-PO0385,power_ic,C00236,854239,65.0,12.02
P00287,SLS-PO0386,power_ic,C00236,854239,65.0,16.85
P00288,SLS-PO0387,power_ic,C00236,854239,65.0,13.13
P00289,RLS-PO0388,power_ic,C00237,854239,65.0,10.24
P00290,RLS-PO0389,power_ic,C00237,854239,65.0,15.19
P00291,RLS-PO0390,power_ic,C00237,854239,40.0,12.12
P00292,RLS-PO0391,power_ic,C00237,854239,130.0,5.57
P00293,WNR-PO0392,power_ic,C00238,854239,65.0,4.91
P00294,WNR-PO0393,power_ic,C00238,854239,40.0,1.49
P00295,WNR-PO0394,power_ic,C00238,854239,130.0,3.2
P00296,WNR-PO0395,power_ic,C00238,854239,40.0,19.33
P00297,PYR-PO0396,power_ic,C00239,854239,40.0,8.82
P00298,PYR-PO0397,power_ic,C00239,854239,65.0,6.09
P00299,PYR-PO0398,power_ic,C00239,854239,65.0,10.41
P00300,PYR-PO0399,power_ic,C00239,854239,40.0,12.26
P00301,PYR-PO0400,power_ic,C00239,854239,130.0,10.2
P00302,PYR-PO0401,power_ic,C00239,854239,40.0,5.49
P00303,PYR-PO0402,power_ic,C00239,854239,65.0,7.56
P00304,PYR-PO0403,power_ic,C00239,854239,40.0,17.21
P00305,PYR-PO0404,power_ic,C00239,854239,65.0,17.8
P00306,XNR-PO0405,power_ic,C00240,854239,40.0,17.38
P00307,XNR-PO0406,power_ic,C00240,854239,40.0,9.81
P00308,XNR-PO0407,power_ic,C00240,854239,65.0,15.86
P00309,XNR-PO0408,power_ic,C00240,854239,130.0,5.29
P00310,XNR-PO0409,power_ic,C00240,854239,130.0,15.28
P00311,SYL-PO0410,power_ic,C00241,854239,65.0,16.77
P00312,SYL-PO0411,power_ic,C00241,854239,65.0,3.75
P00313,SYL-PO0412,power_ic,C00241,854239,130.0,15.88
P00314,SYL-PO0413,power_ic,C00241,854239,65.0,15.68
P00315,LRT-PO0414,power_ic,C00242,854239,130.0,4.32
P00316,LRT-PO0415,power_ic,C00242,854239,40.0,6.76
P00317,LRT-PO0416,power_ic,C00242,854239,65.0,6.37
P00318,LRT-PO0417,power_ic,C00242,854239,130.0,19.5
P00319,LRT-PO0418,power_ic,C00242,854239,130.0,4.63
P00320,LRT-PO0419,power_ic,C00242,854239,130.0,19.83
P00321,LRT-PO0420,power_ic,C00242,854239,130.0,5.89
P00322,GRY-PO0421,power_ic,C00243,854239,130.0,5.66
P00323,GRY-PO0422,power_ic,C00243,854239,130.0,7.65
P00324,GRY-PO0423,power_ic,C00243,854239,130.0,7.56
P00325,GRY-PO0424,power_ic,C00243,854239,65.0,9.08
P00326,GRY-PO0425,power_ic,C00243,854239,40.0,7.77
P00327,PYR-PO0426,power_ic,C00244,854239,40.0,10.68
P00328,PYR-PO0427,power_ic,C00244,854239,65.0,1.59
P00329,PYR-PO0428,power_ic,C00244,854239,40.0,5.58
P00330,PYR-PO0429,power_ic,C00244,854239,130.0,7.8
P00331,PYR-PO0430,power_ic,C00244,854239,65.0,19.6
P00332,PYR-PO0431,power_ic,C00244,854239,40.0,19.5
P00333,PYR-PO0432,power_ic,C00244,854239,40.0,5.76
P00334,GLS-PO0433,power_ic,C00245,854239,65.0,9.71
P00335,GLS-PO0434,power_ic,C00245,854239,130.0,19.66
P00336,GLS-PO0435,power_ic,C00245,854239,65.0,1.46
P00337,GLS-PO0436,power_ic,C00245,854239,40.0,18.45
P00338,GLS-PO0437,power_ic,C00245,854239,40.0,5.95
P00339,GLS-PO0438,power_ic,C00245,854239,130.0,14.37
P00340,MVR-PO0439,power_ic,C00246,854239,65.0,4.84
P00341,MVR-PO0440,power_ic,C00246,854239,130.0,12.39
P00342,MVR-PO0441,power_ic,C00246,854239,130.0,5.06
P00343,MVR-PO0442,power_ic,C00246,854239,130.0,13.21
P00344,ZLN-PO0443,power_ic,C00247,854239,65.0,10.18
P00345,ZLN-PO0444,power_ic,C00247,854239,40.0,12.23
P00346,ZLN-PO0445,power_ic,C00247,854239,65.0,2.28
P00347,ZLN-PO0446,power_ic,C00247,854239,65.0,12.94
P00348,LLR-PO0447,power_ic,C00248,854239,130.0,4.61
P00349,LLR-PO0448,power_ic,C00248,854239,130.0,17.65
P00350,LLR-PO0449,power_ic,C00248,854239,40.0,10.88
P00351,LLR-PO0450,power_ic,C00248,854239,130.0,17.89
P00352,GLR-PO0451,power_ic,C00249,854239,130.0,18.36
P00353,GLR-PO0452,power_ic,C00249,854239,130.0,7.25
P00354,GLR-PO0453,power_ic,C00249,854239,130.0,15.47
P00355,GLR-PO0454,power_ic,C00249,854239,65.0,5.03
P00356,GLR-PO0455,power_ic,C00249,854239,130.0,2.02
P00357,GLR-PO0456,power_ic,C00249,854239,130.0,1.31
P00358,GLR-PO0457,power_ic,C00249,854239,40.0,2.47
P00359,GLR-PO0458,power_ic,C00249,854239,40.0,2.7
P00360,GLR-PO0459,power_ic,C00249,854239,130.0,16.61
P00361,GLR-PO0460,power_ic,C00249,854239,65.0,2.6
P00362,SKN-PO0461,power_ic,C00250,854239,130.0,16.75
P00363,SKN-PO0462,power_ic,C00250,854239,65.0,3.98
P00364,SKN-PO0463,power_ic,C00250,854239,40.0,4.9
P00365,SKN-PO0464,power_ic,C00250,854239,130.0,17.72
P00366,SKN-PO0465,power_ic,C00250,854239,40.0,16.71
P00367,SKN-PO0466,power_ic,C00250,854239,40.0,16.18
P00368,SKN-PO0467,power_ic,C00250,854239,40.0,17.68
P00369,SKN-PO0468,power_ic,C00250,854239,65.0,16.81
P00370,SKN-PO0469,power_ic,C00250,854239,130.0,8.78
P00371,SKN-PO0470,power_ic,C00250,854239,65.0,11.38
P00372,NRL-PO0471,power_ic,C00251,854239,40.0,7.5
P00373,NRL-PO0472,power_ic,C00251,854239,65.0,19.39
P00374,NRL-PO0473,power_ic,C00251,854239,65.0,3.46
P00375,NRL-PO0474,power_ic,C00251,854239,40.0,5.19
P00376,NRL-PO0475,power_ic,C00251,854239,40.0,6.18
P00377,NRL-PO0476,power_ic,C00251,854239,130.0,2.17
P00378,NYR-PO0477,power_ic,C00252,854239,65.0,3.96
P00379,NYR-PO0478,power_ic,C00252,854239,130.0,4.87
P00380,NYR-PO0479,power_ic,C00252,854239,130.0,8.44
P00381,NYR-PO0480,power_ic,C00252,854239,130.0,3.05
P00382,WNL-PO0481,power_ic,C00253,854239,65.0,4.31
P00383,WNL-PO0482,power_ic,C00253,854239,40.0,19.93
P00384,WNL-PO0483,power_ic,C00253,854239,130.0,11.96
P00385,WNL-PO0484,power_ic,C00253,854239,130.0,17.57
P00386,WNL-PO0485,power_ic,C00253,854239,130.0,19.0
P00387,WNL-PO0486,power_ic,C00253,854239,40.0,18.65
P00388,WNL-PO0487,power_ic,C00253,854239,40.0,5.46
P00389,VRR-PO0488,power_ic,C00254,854239,40.0,8.81
P00390,VRR-PO0489,power_ic,C00254,854239,130.0,17.86
P00391,VRR-PO0490,power_ic,C00254,854239,130.0,4.01
P00392,VRR-PO0491,power_ic,C00254,854239,40.0,11.69
P00393,VRR-PO0492,power_ic,C00254,854239,40.0,1.48
P00394,VRR-PO0493,power_ic,C00254,854239,40.0,10.0
P00395,VRR-PO0494,power_ic,C00254,854239,65.0,5.5
P00396,VRR-PO0495,power_ic,C00254,854239,40.0,17.64
P00397,VRR-PO0496,power_ic,C00254,854239,40.0,11.46
P00398,BRN-PO0497,power_ic,C00255,854239,130.0,11.57
P00399,BRN-PO0498,power_ic,C00255,854239,65.0,13.12
P00400,BRN-PO0499,power_ic,C00255,854239,130.0,16.23
P00401,BRN-PO0500,power_ic,C00255,854239,130.0,13.79
P00402,BRN-PO0501,power_ic,C00255,854239,40.0,9.07
P00403,BRN-PO0502,power_ic,C00255,854239,40.0,14.43
P00404,VRL-PO0503,power_ic,C00256,854239,65.0,10.62
P00405,VRL-PO0504,power_ic,C00256,854239,65.0,9.41
P00406,VRL-PO0505,power_ic,C00256,854239,65.0,18.54
P00407,VRL-PO0506,power_ic,C00256,854239,40.0,17.1
P00408,ZLL-PO0507,power_ic,C00257,854239,130.0,3.05
P00409,ZLL-PO0508,power_ic,C00257,854239,40.0,13.1
P00410,ZLL-PO0509,power_ic,C00257,854239,65.0,11.78
P00411,ZLL-PO0510,power_ic,C00257,854239,130.0,11.19
P00412,ZLL-PO0511,power_ic,C00257,854239,130.0,9.4
P00413,DVN-PO0512,power_ic,C00258,854239,65.0,6.9
P00414,DVN-PO0513,power_ic,C00258,854239,65.0,4.95
P00415,DVN-PO0514,power_ic,C00258,854239,65.0,17.0
P00416,DVN-PO0515,power_ic,C00258,854239,130.0,9.91
P00417,DVN-PO0516,power_ic,C00258,854239,130.0,8.71
P00418,DVN-PO0517,power_ic,C00258,854239,65.0,9.18
P00419,DVN-PO0518,power_ic,C00258,854239,130.0,5.51
P00420,SLN-PO0519,power_ic,C00259,854239,65.0,10.58
P00421,SLN-PO0520,power_ic,C00259,854239,65.0,19.15
P00422,SLN-PO0521,power_ic,C00259,854239,130.0,5.68
P00423,SLN-PO0522,power_ic,C00259,854239,130.0,6.82
P00424,SLN-PO0523,power_ic,C00259,854239,40.0,4.73
P00425,SLN-PO0524,power_ic,C00259,854239,40.0,7.03
P00426,SLN-PO0525,power_ic,C00259,854239,40.0,3.63
P00427,SLN-PO0526,power_ic,C00259,854239,130.0,2.68
P00428,SLN-PO0527,power_ic,C00259,854239,130.0,12.0
P00429,SLN-PO0528,power_ic,C00259,854239,40.0,13.22
P00430,VRS-PO0529,power_ic,C00260,854239,40.0,15.12
P00431,VRS-PO0530,power_ic,C00260,854239,40.0,7.55
P00432,VRS-PO0531,power_ic,C00260,854239,40.0,2.71
P00433,VRS-PO0532,power_ic,C00260,854239,65.0,18.1
P00434,VRS-PO0533,power_ic,C00260,854239,40.0,11.98
P00435,VRS-PO0534,power_ic,C00260,854239,130.0,8.79
P00436,DRL-HB0535,hbm_stack,C00129,854232,,1081.38
P00437,DRL-HB0536,hbm_stack,C00129,854232,,1256.42
P00438,DRL-HB0537,hbm_stack,C00129,854232,,1155.54
P00439,DRL-HB0538,hbm_stack,C00129,854232,,605.88
P00440,ZRR-HB0539,hbm_stack,C00130,854232,,491.07
P00441,ZRR-HB0540,hbm_stack,C00130,854232,,1159.35
P00442,MRT-HB0541,hbm_stack,C00131,854232,,1319.65
P00443,MRT-HB0542,hbm_stack,C00131,854232,,1003.19
P00444,MRT-HB0543,hbm_stack,C00131,854232,,1445.4
P00445,MRT-HB0544,hbm_stack,C00131,854232,,528.09
P00446,JRX-HB0545,hbm_stack,C00132,854232,,446.36
P00447,JRX-HB0546,hbm_stack,C00132,854232,,1320.54
P00448,JRX-HB0547,hbm_stack,C00132,854232,,1408.54
P00449,GRY-SU0548,substrate,C00037,,,371.72
P00450,GRY-SU0549,substrate,C00037,,,104.58
P00451,GRY-SU0550,substrate,C00037,,,267.27
P00452,GRY-SU0551,substrate,C00037,,,105.83
P00453,MVR-SU0552,substrate,C00038,,,193.5
P00454,MVR-SU0553,substrate,C00038,,,246.0
P00455,MVR-SU0554,substrate,C00038,,,381.95
P00456,MVR-SU0555,substrate,C00038,,,366.45
P00457,VLN-SU0556,substrate,C00039,,,274.53
P00458,VLN-SU0557,substrate,C00039,,,325.41
P00459,VLN-SU0558,substrate,C00039,,,208.27
P00460,VLN-SU0559,substrate,C00039,,,103.49
P00461,THT-SU0560,substrate,C00040,,,271.93
P00462,THT-SU0561,substrate,C00040,,,135.4
P00463,THT-SU0562,substrate,C00040,,,93.88
P00464,LRX-SU0563,substrate,C00041,,,118.08
P00465,LRX-SU0564,substrate,C00041,,,303.99
P00466,LRX-SU0565,substrate,C00041,,,193.61
P00467,LRX-SU0566,substrate,C00041,,,78.08
P00468,QNL-SU0567,substrate,C00042,,,283.95
P00469,QNL-SU0568,substrate,C00042,,,174.82
P00470,QNL-SU0569,substrate,C00042,,,62.46
P00471,QNL-SU0570,substrate,C00042,,,149.24
P00472,DRL-SU0571,substrate,C00043,,,63.83
P00473,DRL-SU0572,substrate,C00043,,,209.52
P00474,DRL-SU0573,substrate,C00043,,,139.22
P00475,PLL-SU0574,substrate,C00044,,,303.31
P00476,PLL-SU0575,substrate,C00044,,,57.39
P00477,PLL-SU0576,substrate,C00044,,,299.25
