facility_id,part_id,share_of_part_volume_pct,lead_time_weeks,data_source,confidence
F00275,P00001,100.0,5,supplier_disclosed,confirmed
F00267,P00002,89.6,6,supplier_disclosed,confirmed
F00275,P00002,10.4,8,third_party,estimated
F00275,P00003,50.5,9,supplier_disclosed,confirmed
F00276,P00003,49.5,8,third_party,estimated
F00263,P00004,70.7,5,supplier_disclosed,confirmed
F00282,P00004,29.3,5,third_party,estimated
F00258,P00005,100.0,8,supplier_disclosed,confirmed
F00276,P00006,100.0,7,third_party,estimated
F00275,P00007,100.0,9,supplier_disclosed,confirmed
F00265,P00008,14.1,7,supplier_disclosed,confirmed
F00282,P00008,85.9,5,third_party,estimated
F00265,P00009,100.0,9,supplier_disclosed,confirmed
F00274,P00010,49.0,6,supplier_disclosed,confirmed
F00276,P00010,51.0,8,third_party,estimated
F00274,P00011,100.0,6,supplier_disclosed,confirmed
F00275,P00012,100.0,7,supplier_disclosed,confirmed
F00280,P00013,100.0,7,supplier_disclosed,confirmed
F00267,P00014,23.6,9,third_party,estimated
F00280,P00014,76.4,10,supplier_disclosed,confirmed
F00276,P00015,27.3,10,supplier_disclosed,confirmed
F00277,P00015,72.7,8,supplier_disclosed,confirmed
F00261,P00016,89.5,5,third_party,estimated
F00274,P00016,10.5,4,third_party,estimated
F00273,P00017,88.4,4,supplier_disclosed,confirmed
F00275,P00017,11.6,4,supplier_disclosed,confirmed
F00261,P00018,68.5,6,supplier_disclosed,confirmed
F00273,P00018,31.5,9,supplier_disclosed,confirmed
F00269,P00019,100.0,7,supplier_disclosed,confirmed
F00273,P00020,100.0,10,third_party,estimated
F00274,P00021,10.1,10,supplier_disclosed,confirmed
F00276,P00021,89.9,10,supplier_disclosed,confirmed
F00268,P00022,21.0,4,supplier_disclosed,confirmed
F00274,P00022,79.0,6,third_party,estimated
F00260,P00023,4.8,5,third_party,estimated
F00274,P00023,95.2,10,third_party,estimated
F00277,P00024,100.0,9,supplier_disclosed,confirmed
F00258,P00025,100.0,4,third_party,estimated
F00261,P00026,27.8,4,third_party,estimated
F00274,P00026,72.2,4,supplier_disclosed,confirmed
F00275,P00027,10.2,4,supplier_disclosed,confirmed
F00276,P00027,89.8,6,third_party,estimated
F00268,P00028,22.3,5,third_party,estimated
F00276,P00028,77.7,10,supplier_disclosed,confirmed
F00274,P00029,97.4,5,third_party,estimated
F00276,P00029,2.6,10,third_party,estimated
F00261,P00030,89.7,5,supplier_disclosed,confirmed
F00275,P00030,10.3,6,supplier_disclosed,confirmed
F00275,P00031,100.0,5,supplier_disclosed,confirmed
F00274,P00032,100.0,6,third_party,estimated
F00264,P00033,61.6,4,supplier_disclosed,confirmed
F00280,P00033,38.4,6,third_party,estimated
F00264,P00034,53.7,9,supplier_disclosed,confirmed
F00275,P00034,46.3,6,supplier_disclosed,confirmed
F00263,P00035,51.2,6,third_party,estimated
F00275,P00035,48.8,10,third_party,estimated
F00275,P00036,100.0,10,supplier_disclosed,confirmed
F00283,P00037,100.0,4,third_party,estimated
F00264,P00038,84.1,4,third_party,estimated
F00276,P00038,15.9,7,third_party,estimated
F00276,P00039,100.0,6,supplier_disclosed,confirmed
F00273,P00040,32.0,9,supplier_disclosed,confirmed
F00276,P00040,68.0,10,supplier_disclosed,confirmed
F00267,P00041,38.3,8,supplier_disclosed,confirmed
F00275,P00041,61.7,10,third_party,estimated
F00267,P00042,100.0,5,third_party,estimated
F00268,P00043,53.4,9,third_party,estimated
F00276,P00043,46.6,7,third_party,estimated
F00268,P00044,100.0,8,supplier_disclosed,confirmed
F00275,P00045,100.0,4,supplier_disclosed,confirmed
F00267,P00046,57.1,10,third_party,estimated
F00277,P00046,42.9,9,third_party,estimated
F00258,P00047,53.0,7,supplier_disclosed,confirmed
F00275,P00047,47.0,6,third_party,estimated
F00281,P00048,100.0,5,third_party,estimated
F00276,P00049,100.0,6,supplier_disclosed,confirmed
F00273,P00050,64.3,6,third_party,estimated
F00275,P00050,35.7,6,supplier_disclosed,confirmed
F00276,P00051,100.0,4,supplier_disclosed,confirmed
F00262,P00052,43.2,9,supplier_disclosed,confirmed
F00275,P00052,56.8,6,third_party,estimated
F00282,P00053,100.0,7,supplier_disclosed,confirmed
F00275,P00054,100.0,5,supplier_disclosed,confirmed
F00267,P00055,100.0,10,third_party,estimated
F00276,P00056,100.0,6,third_party,estimated
F00275,P00057,100.0,7,supplier_disclosed,confirmed
F00274,P00058,6.5,9,supplier_disclosed,confirmed
F00275,P00058,93.5,8,third_party,estimated
F00276,P00059,100.0,5,supplier_disclosed,confirmed
F00274,P00060,45.1,7,third_party,estimated
F00280,P00060,54.9,7,third_party,estimated
F00273,P00061,100.0,10,supplier_disclosed,confirmed
F00273,P00062,100.0,10,supplier_disclosed,confirmed
F00275,P00063,100.0,8,third_party,estimated
F00275,P00064,100.0,7,third_party,estimated
F00267,P00065,26.6,8,third_party,estimated
F00275,P00065,73.4,7,third_party,estimated
F00267,P00066,100.0,5,supplier_disclosed,confirmed
F00261,P00067,77.7,8,supplier_disclosed,confirmed
F00276,P00067,22.3,8,supplier_disclosed,confirmed
F00265,P00068,100.0,6,third_party,estimated
F00267,P00069,70.5,10,supplier_disclosed,confirmed
F00274,P00069,29.5,4,third_party,estimated
F00273,P00070,67.6,10,third_party,estimated
F00275,P00070,32.4,5,supplier_disclosed,confirmed
F00265,P00071,100.0,6,supplier_disclosed,confirmed
F00275,P00072,100.0,4,supplier_disclosed,confirmed
F00258,P00073,61.9,5,third_party,estimated
F00283,P00073,38.1,6,supplier_disclosed,confirmed
F00266,P00074,70.2,10,supplier_disclosed,confirmed
F00272,P00074,29.8,4,supplier_disclosed,confirmed
F00269,P00075,66.2,5,third_party,estimated
F00276,P00075,33.8,10,supplier_disclosed,confirmed
F00275,P00076,100.0,7,third_party,estimated
F00265,P00077,12.3,4,third_party,estimated
F00266,P00077,87.7,10,third_party,estimated
F00282,P00078,100.0,10,supplier_disclosed,confirmed
F00269,P00079,100.0,6,supplier_disclosed,confirmed
F00260,P00080,100.0,5,supplier_disclosed,confirmed
F00268,P00081,43.7,7,supplier_disclosed,confirmed
F00277,P00081,56.3,8,supplier_disclosed,confirmed
F00275,P00082,100.0,5,supplier_disclosed,confirmed
F00291,P00083,25.6,5,supplier_disclosed,confirmed
F00303,P00083,74.4,4,supplier_disclosed,confirmed
F00292,P00084,100.0,6,supplier_disclosed,confirmed
F00319,P00085,100.0,10,supplier_disclosed,confirmed
F00305,P00086,25.6,5,supplier_disclosed,confirmed
F00319,P00086,74.4,8,supplier_disclosed,confirmed
F00284,P00087,100.0,10,third_party,estimated
F00303,P00088,100.0,8,supplier_disclosed,confirmed
F00304,P00089,100.0,10,supplier_disclosed,confirmed
F00297,P00090,100.0,7,third_party,estimated
F00300,P00091,100.0,5,supplier_disclosed,confirmed
F00294,P00092,100.0,8,third_party,estimated
F00317,P00093,100.0,7,third_party,estimated
F00286,P00094,63.1,10,supplier_disclosed,confirmed
F00288,P00094,36.9,4,supplier_disclosed,confirmed
F00286,P00095,100.0,7,supplier_disclosed,confirmed
F00310,P00096,100.0,5,supplier_disclosed,confirmed
F00287,P00097,100.0,8,supplier_disclosed,confirmed
F00295,P00098,100.0,5,supplier_disclosed,confirmed
F00307,P00099,64.9,10,third_party,estimated
F00314,P00099,35.1,9,third_party,estimated
F00301,P00100,48.4,10,supplier_disclosed,confirmed
F00303,P00100,51.6,10,supplier_disclosed,confirmed
F00302,P00101,34.6,4,supplier_disclosed,confirmed
F00303,P00101,65.4,10,third_party,estimated
F00287,P00102,68.4,5,third_party,estimated
F00297,P00102,31.6,10,supplier_disclosed,confirmed
F00318,P00103,100.0,5,supplier_disclosed,confirmed
F00307,P00104,100.0,8,supplier_disclosed,confirmed
F00312,P00105,100.0,8,third_party,estimated
F00302,P00106,100.0,10,supplier_disclosed,confirmed
F00286,P00107,100.0,6,supplier_disclosed,confirmed
F00298,P00108,100.0,7,supplier_disclosed,confirmed
F00318,P00109,100.0,5,supplier_disclosed,confirmed
F00318,P00110,100.0,7,supplier_disclosed,confirmed
F00293,P00111,100.0,4,third_party,estimated
F00294,P00112,100.0,10,third_party,estimated
F00319,P00113,100.0,9,supplier_disclosed,confirmed
F00311,P00114,100.0,10,supplier_disclosed,confirmed
F00311,P00115,100.0,10,supplier_disclosed,confirmed
F00292,P00116,100.0,9,supplier_disclosed,confirmed
F00311,P00117,100.0,10,supplier_disclosed,confirmed
F00299,P00118,100.0,4,third_party,estimated
F00305,P00119,100.0,8,supplier_disclosed,confirmed
F00308,P00120,49.7,6,supplier_disclosed,confirmed
F00317,P00120,50.3,7,supplier_disclosed,confirmed
F00289,P00121,100.0,5,supplier_disclosed,confirmed
F00291,P00122,100.0,10,supplier_disclosed,confirmed
F00285,P00123,28.6,4,third_party,estimated
F00298,P00123,71.4,8,supplier_disclosed,confirmed
F00285,P00124,30.0,7,supplier_disclosed,confirmed
F00308,P00124,70.0,8,third_party,estimated
F00302,P00125,100.0,6,supplier_disclosed,confirmed
F00290,P00126,85.8,5,supplier_disclosed,confirmed
F00316,P00126,14.2,5,third_party,estimated
F00287,P00127,26.4,5,supplier_disclosed,confirmed
F00320,P00127,73.6,10,supplier_disclosed,confirmed
F00304,P00128,100.0,6,supplier_disclosed,confirmed
F00291,P00129,100.0,4,supplier_disclosed,confirmed
F00308,P00130,10.9,7,supplier_disclosed,confirmed
F00310,P00130,89.1,10,supplier_disclosed,confirmed
F00318,P00131,100.0,10,supplier_disclosed,confirmed
F00303,P00132,50.3,7,supplier_disclosed,confirmed
F00317,P00132,49.7,8,supplier_disclosed,confirmed
F00292,P00133,100.0,7,supplier_disclosed,confirmed
F00302,P00134,100.0,6,third_party,estimated
F00295,P00135,100.0,8,supplier_disclosed,confirmed
F00307,P00136,49.5,9,third_party,estimated
F00308,P00136,50.5,6,supplier_disclosed,confirmed
F00293,P00137,10.0,8,third_party,estimated
F00317,P00137,90.0,6,third_party,estimated
F00287,P00138,21.0,5,supplier_disclosed,confirmed
F00315,P00138,79.0,4,supplier_disclosed,confirmed
F00303,P00139,50.0,5,third_party,estimated
F00307,P00139,50.0,7,supplier_disclosed,confirmed
F00290,P00140,100.0,9,supplier_disclosed,confirmed
F00290,P00141,8.9,10,supplier_disclosed,confirmed
F00311,P00141,91.1,7,third_party,estimated
F00292,P00142,44.7,4,third_party,estimated
F00301,P00142,55.3,6,third_party,estimated
F00307,P00143,98.3,8,third_party,estimated
F00317,P00143,1.7,9,supplier_disclosed,confirmed
F00290,P00144,34.0,6,supplier_disclosed,confirmed
F00315,P00144,66.0,5,supplier_disclosed,confirmed
F00298,P00145,9.2,6,supplier_disclosed,confirmed
F00303,P00145,90.8,8,supplier_disclosed,confirmed
F00292,P00146,100.0,10,supplier_disclosed,confirmed
F00315,P00147,100.0,8,third_party,estimated
F00300,P00148,100.0,8,supplier_disclosed,confirmed
F00297,P00149,100.0,5,supplier_disclosed,confirmed
F00297,P00150,9.5,7,supplier_disclosed,confirmed
F00320,P00150,90.5,4,supplier_disclosed,confirmed
F00303,P00151,100.0,6,third_party,estimated
F00284,P00152,100.0,6,supplier_disclosed,confirmed
F00287,P00153,100.0,6,supplier_disclosed,confirmed
F00293,P00154,100.0,7,third_party,estimated
F00284,P00155,44.1,9,third_party,estimated
F00305,P00155,55.9,8,supplier_disclosed,confirmed
F00292,P00156,80.2,8,supplier_disclosed,confirmed
F00293,P00156,19.8,4,third_party,estimated
F00284,P00157,100.0,9,supplier_disclosed,confirmed
F00295,P00158,49.2,4,third_party,estimated
F00307,P00158,50.8,9,supplier_disclosed,confirmed
F00285,P00159,100.0,10,supplier_disclosed,confirmed
F00287,P00160,48.9,5,supplier_disclosed,confirmed
F00315,P00160,51.1,4,supplier_disclosed,confirmed
F00306,P00161,48.1,10,third_party,estimated
F00313,P00161,51.9,9,supplier_disclosed,confirmed
F00303,P00162,100.0,5,third_party,estimated
F00304,P00163,100.0,10,third_party,estimated
F00301,P00164,100.0,5,supplier_disclosed,confirmed
F00308,P00165,100.0,4,supplier_disclosed,confirmed
F00307,P00166,100.0,5,supplier_disclosed,confirmed
F00314,P00167,100.0,4,supplier_disclosed,confirmed
F00306,P00168,100.0,7,supplier_disclosed,confirmed
F00289,P00169,11.6,7,supplier_disclosed,confirmed
F00308,P00169,88.4,9,supplier_disclosed,confirmed
F00319,P00170,100.0,8,supplier_disclosed,confirmed
F00292,P00171,59.1,6,supplier_disclosed,confirmed
F00304,P00171,40.9,5,supplier_disclosed,confirmed
F00290,P00172,100.0,7,supplier_disclosed,confirmed
F00304,P00173,64.3,9,supplier_disclosed,confirmed
F00311,P00173,35.7,5,supplier_disclosed,confirmed
F00303,P00174,100.0,10,supplier_disclosed,confirmed
F00300,P00175,58.9,10,supplier_disclosed,confirmed
F00308,P00175,41.1,8,supplier_disclosed,confirmed
F00319,P00176,100.0,4,third_party,estimated
F00285,P00177,100.0,7,supplier_disclosed,confirmed
F00291,P00178,24.1,9,third_party,estimated
F00294,P00178,75.9,8,third_party,estimated
F00318,P00179,100.0,7,supplier_disclosed,confirmed
F00306,P00180,100.0,5,third_party,estimated
F00303,P00181,100.0,8,third_party,estimated
F00290,P00182,72.6,5,supplier_disclosed,confirmed
F00316,P00182,27.4,10,third_party,estimated
F00294,P00183,49.0,7,supplier_disclosed,confirmed
F00300,P00183,51.0,5,third_party,estimated
F00300,P00184,100.0,10,third_party,estimated
F00311,P00185,100.0,8,third_party,estimated
F00301,P00186,66.4,7,third_party,estimated
F00303,P00186,33.6,6,supplier_disclosed,confirmed
F00311,P00187,100.0,6,supplier_disclosed,confirmed
F00293,P00188,99.0,7,third_party,estimated
F00307,P00188,1.0,5,supplier_disclosed,confirmed
F00308,P00189,34.9,5,supplier_disclosed,confirmed
F00310,P00189,65.1,7,supplier_disclosed,confirmed
F00290,P00190,53.4,6,supplier_disclosed,confirmed
F00307,P00190,46.6,8,supplier_disclosed,confirmed
F00315,P00191,21.7,6,supplier_disclosed,confirmed
F00320,P00191,78.3,5,third_party,estimated
F00319,P00192,100.0,7,supplier_disclosed,confirmed
F00297,P00193,100.0,10,supplier_disclosed,confirmed
F00310,P00194,53.4,10,supplier_disclosed,confirmed
F00314,P00194,46.6,10,supplier_disclosed,confirmed
F00307,P00195,100.0,6,third_party,estimated
F00299,P00196,100.0,8,supplier_disclosed,confirmed
F00293,P00197,100.0,10,supplier_disclosed,confirmed
F00297,P00198,76.2,4,third_party,estimated
F00318,P00198,23.8,6,supplier_disclosed,confirmed
F00297,P00199,100.0,6,third_party,estimated
F00317,P00200,100.0,8,supplier_disclosed,confirmed
F00307,P00201,100.0,7,third_party,estimated
F00286,P00202,100.0,4,supplier_disclosed,confirmed
F00301,P00203,100.0,6,third_party,estimated
F00284,P00204,22.1,4,supplier_disclosed,confirmed
F00317,P00204,77.9,7,third_party,estimated
F00312,P00205,74.7,9,supplier_disclosed,confirmed
F00313,P00205,25.3,7,supplier_disclosed,confirmed
F00320,P00206,100.0,7,third_party,estimated
F00308,P00207,100.0,7,third_party,estimated
F00319,P00208,100.0,4,supplier_disclosed,confirmed
F00290,P00209,85.2,5,supplier_disclosed,confirmed
F00314,P00209,14.8,6,supplier_disclosed,confirmed
F00301,P00210,68.4,8,supplier_disclosed,confirmed
F00315,P00210,31.6,7,supplier_disclosed,confirmed
F00294,P00211,57.7,5,third_party,estimated
F00300,P00211,42.3,4,supplier_disclosed,confirmed
F00285,P00212,52.7,10,supplier_disclosed,confirmed
F00320,P00212,47.3,10,supplier_disclosed,confirmed
F00284,P00213,26.4,10,supplier_disclosed,confirmed
F00303,P00213,73.6,9,supplier_disclosed,confirmed
F00315,P00214,52.1,8,third_party,estimated
F00317,P00214,47.9,10,supplier_disclosed,confirmed
F00284,P00215,10.6,7,supplier_disclosed,confirmed
F00294,P00215,89.4,9,supplier_disclosed,confirmed
F00303,P00216,100.0,10,supplier_disclosed,confirmed
F00317,P00217,100.0,4,third_party,estimated
F00292,P00218,52.4,9,supplier_disclosed,confirmed
F00308,P00218,47.6,4,supplier_disclosed,confirmed
F00284,P00219,24.6,7,supplier_disclosed,confirmed
F00293,P00219,75.4,8,supplier_disclosed,confirmed
F00317,P00220,100.0,4,supplier_disclosed,confirmed
F00306,P00221,100.0,4,supplier_disclosed,confirmed
F00298,P00222,11.2,10,third_party,estimated
F00318,P00222,88.8,6,third_party,estimated
F00299,P00223,100.0,10,supplier_disclosed,confirmed
F00321,P00224,100.0,10,supplier_disclosed,confirmed
F00303,P00225,100.0,5,supplier_disclosed,confirmed
F00299,P00226,4.5,9,supplier_disclosed,confirmed
F00320,P00226,95.5,10,third_party,estimated
F00302,P00227,87.6,10,third_party,estimated
F00307,P00227,12.4,5,third_party,estimated
F00294,P00228,100.0,7,supplier_disclosed,confirmed
F00290,P00229,100.0,5,third_party,estimated
F00286,P00230,100.0,6,third_party,estimated
F00294,P00231,56.6,9,third_party,estimated
F00303,P00231,43.4,8,supplier_disclosed,confirmed
F00303,P00232,36.5,10,supplier_disclosed,confirmed
F00319,P00232,63.5,10,supplier_disclosed,confirmed
F00303,P00233,90.3,5,supplier_disclosed,confirmed
F00304,P00233,9.7,6,supplier_disclosed,confirmed
F00290,P00234,100.0,5,third_party,estimated
F00296,P00235,100.0,9,supplier_disclosed,confirmed
F00314,P00236,100.0,7,supplier_disclosed,confirmed
F00287,P00237,18.2,10,supplier_disclosed,confirmed
F00314,P00237,81.8,9,third_party,estimated
F00298,P00238,100.0,8,supplier_disclosed,confirmed
F00294,P00239,100.0,4,third_party,estimated
F00290,P00240,100.0,8,supplier_disclosed,confirmed
F00300,P00241,18.9,5,supplier_disclosed,confirmed
F00318,P00241,81.1,7,third_party,estimated
F00289,P00242,100.0,6,third_party,estimated
F00319,P00243,100.0,8,third_party,estimated
F00300,P00244,55.8,5,supplier_disclosed,confirmed
F00317,P00244,44.2,5,supplier_disclosed,confirmed
F00302,P00245,100.0,5,supplier_disclosed,confirmed
F00297,P00246,27.0,10,third_party,estimated
F00304,P00246,73.0,9,supplier_disclosed,confirmed
F00297,P00247,100.0,8,supplier_disclosed,confirmed
F00302,P00248,100.0,7,supplier_disclosed,confirmed
F00303,P00249,17.5,6,third_party,estimated
F00318,P00249,82.5,7,supplier_disclosed,confirmed
F00286,P00250,100.0,5,supplier_disclosed,confirmed
F00297,P00251,100.0,5,supplier_disclosed,confirmed
F00289,P00252,100.0,8,supplier_disclosed,confirmed
F00301,P00253,100.0,10,supplier_disclosed,confirmed
F00303,P00254,100.0,8,supplier_disclosed,confirmed
F00285,P00255,17.1,5,third_party,estimated
F00302,P00255,82.9,8,supplier_disclosed,confirmed
F00318,P00256,100.0,9,supplier_disclosed,confirmed
F00313,P00257,69.7,10,third_party,estimated
F00314,P00257,30.3,6,third_party,estimated
F00285,P00258,38.5,8,supplier_disclosed,confirmed
F00295,P00258,61.5,4,supplier_disclosed,confirmed
F00298,P00259,100.0,4,supplier_disclosed,confirmed
F00319,P00260,100.0,9,third_party,estimated
F00290,P00261,100.0,9,supplier_disclosed,confirmed
F00312,P00262,100.0,5,supplier_disclosed,confirmed
F00287,P00263,100.0,4,supplier_disclosed,confirmed
F00299,P00264,28.8,9,third_party,estimated
F00311,P00264,71.2,6,supplier_disclosed,confirmed
F00310,P00265,100.0,5,third_party,estimated
F00292,P00266,100.0,9,supplier_disclosed,confirmed
F00290,P00267,50.8,4,supplier_disclosed,confirmed
F00298,P00267,49.2,4,supplier_disclosed,confirmed
F00294,P00268,100.0,5,third_party,estimated
F00287,P00269,62.8,6,supplier_disclosed,confirmed
F00314,P00269,37.2,4,supplier_disclosed,confirmed
F00308,P00270,100.0,10,supplier_disclosed,confirmed
F00307,P00271,100.0,6,supplier_disclosed,confirmed
F00287,P00272,100.0,7,third_party,estimated
F00292,P00273,61.6,8,third_party,estimated
F00315,P00273,38.4,5,supplier_disclosed,confirmed
F00289,P00274,12.3,7,supplier_disclosed,confirmed
F00297,P00274,87.7,9,supplier_disclosed,confirmed
F00292,P00275,100.0,7,supplier_disclosed,confirmed
F00312,P00276,19.7,5,supplier_disclosed,confirmed
F00320,P00276,80.3,9,supplier_disclosed,confirmed
F00295,P00277,71.4,10,supplier_disclosed,confirmed
F00317,P00277,28.6,5,supplier_disclosed,confirmed
F00293,P00278,100.0,5,supplier_disclosed,confirmed
F00314,P00279,100.0,4,supplier_disclosed,confirmed
F00285,P00280,19.5,8,supplier_disclosed,confirmed
F00287,P00280,80.5,10,supplier_disclosed,confirmed
F00319,P00281,100.0,6,supplier_disclosed,confirmed
F00305,P00282,100.0,5,third_party,estimated
F00284,P00283,77.7,9,supplier_disclosed,confirmed
F00305,P00283,22.3,7,third_party,estimated
F00295,P00284,48.6,4,supplier_disclosed,confirmed
F00297,P00284,51.4,4,third_party,estimated
F00287,P00285,70.2,5,supplier_disclosed,confirmed
F00290,P00285,29.8,5,supplier_disclosed,confirmed
F00293,P00286,76.9,7,supplier_disclosed,confirmed
F00294,P00286,23.1,9,third_party,estimated
F00298,P00287,100.0,5,supplier_disclosed,confirmed
F00310,P00288,100.0,4,supplier_disclosed,confirmed
F00294,P00289,16.8,8,third_party,estimated
F00317,P00289,83.2,10,supplier_disclosed,confirmed
F00297,P00290,100.0,5,supplier_disclosed,confirmed
F00295,P00291,100.0,7,supplier_disclosed,confirmed
F00307,P00292,100.0,8,third_party,estimated
F00299,P00293,50.7,5,supplier_disclosed,confirmed
F00310,P00293,49.3,8,third_party,estimated
F00314,P00294,45.5,9,supplier_disclosed,confirmed
F00319,P00294,54.5,9,supplier_disclosed,confirmed
F00292,P00295,68.0,4,supplier_disclosed,confirmed
F00306,P00295,32.0,5,supplier_disclosed,confirmed
F00304,P00296,100.0,9,supplier_disclosed,confirmed
F00303,P00297,100.0,10,supplier_disclosed,confirmed
F00298,P00298,95.8,4,supplier_disclosed,confirmed
F00301,P00298,4.2,6,supplier_disclosed,confirmed
F00297,P00299,100.0,4,third_party,estimated
F00294,P00300,49.0,8,third_party,estimated
F00300,P00300,51.0,4,third_party,estimated
F00290,P00301,100.0,8,supplier_disclosed,confirmed
F00304,P00302,100.0,9,supplier_disclosed,confirmed
F00300,P00303,93.0,8,supplier_disclosed,confirmed
F00316,P00303,7.0,5,supplier_disclosed,confirmed
F00287,P00304,57.5,4,third_party,estimated
F00293,P00304,42.5,5,supplier_disclosed,confirmed
F00311,P00305,100.0,4,supplier_disclosed,confirmed
F00307,P00306,41.6,4,supplier_disclosed,confirmed
F00310,P00306,58.4,8,third_party,estimated
F00308,P00307,48.9,6,third_party,estimated
F00315,P00307,51.1,8,supplier_disclosed,confirmed
F00287,P00308,4.0,10,supplier_disclosed,confirmed
F00301,P00308,96.0,9,supplier_disclosed,confirmed
F00304,P00309,100.0,4,supplier_disclosed,confirmed
F00308,P00310,100.0,4,third_party,estimated
F00288,P00311,100.0,7,third_party,estimated
F00310,P00312,100.0,6,supplier_disclosed,confirmed
F00294,P00313,54.9,4,third_party,estimated
F00321,P00313,45.1,9,supplier_disclosed,confirmed
F00299,P00314,67.0,9,supplier_disclosed,confirmed
F00318,P00314,33.0,10,supplier_disclosed,confirmed
F00317,P00315,100.0,6,third_party,estimated
F00294,P00316,100.0,8,supplier_disclosed,confirmed
F00319,P00317,100.0,7,supplier_disclosed,confirmed
F00292,P00318,100.0,4,supplier_disclosed,confirmed
F00290,P00319,91.0,5,third_party,estimated
F00293,P00319,9.0,10,third_party,estimated
F00298,P00320,100.0,5,supplier_disclosed,confirmed
F00297,P00321,73.6,8,supplier_disclosed,confirmed
F00319,P00321,26.4,4,third_party,estimated
F00284,P00322,77.6,8,third_party,estimated
F00299,P00322,22.4,9,supplier_disclosed,confirmed
F00290,P00323,62.3,8,supplier_disclosed,confirmed
F00317,P00323,37.7,6,third_party,estimated
F00311,P00324,100.0,8,supplier_disclosed,confirmed
F00290,P00325,5.3,9,supplier_disclosed,confirmed
F00298,P00325,94.7,7,third_party,estimated
F00285,P00326,87.7,10,supplier_disclosed,confirmed
F00286,P00326,12.3,10,supplier_disclosed,confirmed
F00317,P00327,100.0,10,supplier_disclosed,confirmed
F00314,P00328,100.0,8,supplier_disclosed,confirmed
F00315,P00329,100.0,7,supplier_disclosed,confirmed
F00318,P00330,100.0,8,supplier_disclosed,confirmed
F00317,P00331,100.0,9,supplier_disclosed,confirmed
F00320,P00332,100.0,4,supplier_disclosed,confirmed
F00293,P00333,69.3,4,third_party,estimated
F00318,P00333,30.7,9,supplier_disclosed,confirmed
F00306,P00334,100.0,6,supplier_disclosed,confirmed
F00293,P00335,100.0,4,supplier_disclosed,confirmed
F00284,P00336,6.3,10,supplier_disclosed,confirmed
F00288,P00336,93.7,10,supplier_disclosed,confirmed
F00316,P00337,100.0,6,third_party,estimated
F00297,P00338,100.0,7,third_party,estimated
F00299,P00339,100.0,4,supplier_disclosed,confirmed
F00315,P00340,100.0,6,supplier_disclosed,confirmed
F00319,P00341,100.0,9,third_party,estimated
F00303,P00342,68.2,8,supplier_disclosed,confirmed
F00314,P00342,31.8,8,supplier_disclosed,confirmed
F00313,P00343,100.0,4,supplier_disclosed,confirmed
F00308,P00344,100.0,7,third_party,estimated
F00284,P00345,100.0,5,third_party,estimated
F00299,P00346,16.6,5,third_party,estimated
F00302,P00346,83.4,9,supplier_disclosed,confirmed
F00300,P00347,21.8,7,supplier_disclosed,confirmed
F00321,P00347,78.2,9,supplier_disclosed,confirmed
F00303,P00348,34.9,9,supplier_disclosed,confirmed
F00317,P00348,65.1,10,supplier_disclosed,confirmed
F00311,P00349,26.9,10,supplier_disclosed,confirmed
F00316,P00349,73.1,5,third_party,estimated
F00287,P00350,100.0,5,supplier_disclosed,confirmed
F00302,P00351,100.0,5,supplier_disclosed,confirmed
F00297,P00352,100.0,4,supplier_disclosed,confirmed
F00306,P00353,100.0,10,supplier_disclosed,confirmed
F00302,P00354,100.0,4,supplier_disclosed,confirmed
F00321,P00355,100.0,6,supplier_disclosed,confirmed
F00306,P00356,52.4,4,supplier_disclosed,confirmed
F00315,P00356,47.6,9,third_party,estimated
F00298,P00357,100.0,8,third_party,estimated
F00287,P00358,100.0,10,supplier_disclosed,confirmed
F00297,P00359,100.0,4,third_party,estimated
F00287,P00360,77.4,8,third_party,estimated
F00314,P00360,22.6,10,supplier_disclosed,confirmed
F00294,P00361,100.0,4,supplier_disclosed,confirmed
F00299,P00362,54.1,4,supplier_disclosed,confirmed
F00321,P00362,45.9,10,supplier_disclosed,confirmed
F00295,P00363,54.5,4,supplier_disclosed,confirmed
F00304,P00363,45.5,4,supplier_disclosed,confirmed
F00287,P00364,39.8,6,third_party,estimated
F00316,P00364,60.2,10,third_party,estimated
F00308,P00365,100.0,6,third_party,estimated
F00303,P00366,100.0,8,third_party,estimated
F00315,P00367,56.7,4,supplier_disclosed,confirmed
F00316,P00367,43.3,7,third_party,estimated
F00315,P00368,100.0,4,supplier_disclosed,confirmed
F00300,P00369,100.0,4,supplier_disclosed,confirmed
F00298,P00370,100.0,6,third_party,estimated
F00294,P00371,2.6,5,third_party,estimated
F00307,P00371,97.4,4,supplier_disclosed,confirmed
F00293,P00372,100.0,5,supplier_disclosed,confirmed
F00300,P00373,85.0,4,third_party,estimated
F00303,P00373,15.0,10,third_party,estimated
F00303,P00374,100.0,7,supplier_disclosed,confirmed
F00308,P00375,100.0,4,supplier_disclosed,confirmed
F00306,P00376,100.0,10,supplier_disclosed,confirmed
F00298,P00377,61.2,7,supplier_disclosed,confirmed
F00314,P00377,38.8,5,supplier_disclosed,confirmed
F00293,P00378,84.9,4,third_party,estimated
F00304,P00378,15.1,6,third_party,estimated
F00292,P00379,100.0,10,third_party,estimated
F00304,P00380,54.3,8,third_party,estimated
F00319,P00380,45.7,9,third_party,estimated
F00300,P00381,100.0,6,supplier_disclosed,confirmed
F00298,P00382,73.1,6,supplier_disclosed,confirmed
F00318,P00382,26.9,8,supplier_disclosed,confirmed
F00304,P00383,62.7,6,supplier_disclosed,confirmed
F00306,P00383,37.3,10,third_party,estimated
F00290,P00384,100.0,9,supplier_disclosed,confirmed
F00306,P00385,100.0,9,supplier_disclosed,confirmed
F00314,P00386,57.5,9,third_party,estimated
F00315,P00386,42.5,10,third_party,estimated
F00296,P00387,17.7,8,supplier_disclosed,confirmed
F00305,P00387,82.3,10,supplier_disclosed,confirmed
F00298,P00388,100.0,5,supplier_disclosed,confirmed
F00286,P00389,30.0,7,supplier_disclosed,confirmed
F00292,P00389,70.0,9,supplier_disclosed,confirmed
F00287,P00390,58.7,9,supplier_disclosed,confirmed
F00313,P00390,41.3,4,supplier_disclosed,confirmed
F00316,P00391,100.0,8,supplier_disclosed,confirmed
F00316,P00392,16.6,10,supplier_disclosed,confirmed
F00319,P00392,83.4,6,supplier_disclosed,confirmed
F00298,P00393,100.0,8,third_party,estimated
F00317,P00394,100.0,9,supplier_disclosed,confirmed
F00292,P00395,100.0,9,supplier_disclosed,confirmed
F00311,P00396,34.7,5,third_party,estimated
F00314,P00396,65.3,10,supplier_disclosed,confirmed
F00298,P00397,100.0,7,supplier_disclosed,confirmed
F00314,P00398,100.0,8,supplier_disclosed,confirmed
F00305,P00399,19.7,8,third_party,estimated
F00306,P00399,80.3,6,supplier_disclosed,confirmed
F00308,P00400,35.3,4,supplier_disclosed,confirmed
F00311,P00400,64.7,9,supplier_disclosed,confirmed
F00294,P00401,50.3,9,third_party,estimated
F00310,P00401,49.7,7,supplier_disclosed,confirmed
F00308,P00402,100.0,6,supplier_disclosed,confirmed
F00295,P00403,100.0,8,third_party,estimated
F00294,P00404,100.0,6,supplier_disclosed,confirmed
F00297,P00405,100.0,10,third_party,estimated
F00317,P00406,100.0,9,supplier_disclosed,confirmed
F00287,P00407,100.0,7,third_party,estimated
F00294,P00408,100.0,5,supplier_disclosed,confirmed
F00319,P00409,100.0,8,supplier_disclosed,confirmed
F00292,P00410,44.9,4,supplier_disclosed,confirmed
F00303,P00410,55.1,10,supplier_disclosed,confirmed
F00293,P00411,100.0,4,supplier_disclosed,confirmed
F00308,P00412,100.0,10,supplier_disclosed,confirmed
F00297,P00413,29.7,4,third_party,estimated
F00303,P00413,70.3,10,supplier_disclosed,confirmed
F00307,P00414,100.0,6,supplier_disclosed,confirmed
F00296,P00415,100.0,4,supplier_disclosed,confirmed
F00306,P00416,100.0,8,supplier_disclosed,confirmed
F00288,P00417,77.0,10,supplier_disclosed,confirmed
F00293,P00417,23.0,7,supplier_disclosed,confirmed
F00297,P00418,39.9,4,third_party,estimated
F00316,P00418,60.1,5,supplier_disclosed,confirmed
F00295,P00419,55.4,5,third_party,estimated
F00302,P00419,44.6,8,supplier_disclosed,confirmed
F00292,P00420,100.0,9,supplier_disclosed,confirmed
F00308,P00421,62.6,10,third_party,estimated
F00318,P00421,37.4,5,supplier_disclosed,confirmed
F00298,P00422,30.9,10,third_party,estimated
F00318,P00422,69.1,5,third_party,estimated
F00315,P00423,38.1,6,supplier_disclosed,confirmed
F00317,P00423,61.9,9,third_party,estimated
F00319,P00424,100.0,6,supplier_disclosed,confirmed
F00297,P00425,100.0,10,supplier_disclosed,confirmed
F00286,P00426,27.5,5,supplier_disclosed,confirmed
F00300,P00426,72.5,10,third_party,estimated
F00285,P00427,6.4,7,supplier_disclosed,confirmed
F00314,P00427,93.6,10,supplier_disclosed,confirmed
F00314,P00428,100.0,9,supplier_disclosed,confirmed
F00318,P00429,100.0,10,supplier_disclosed,confirmed
F00286,P00430,16.0,10,supplier_disclosed,confirmed
F00298,P00430,84.0,4,supplier_disclosed,confirmed
F00304,P00431,38.7,6,third_party,estimated
F00310,P00431,61.3,9,third_party,estimated
F00308,P00432,68.8,10,supplier_disclosed,confirmed
F00314,P00432,31.2,10,supplier_disclosed,confirmed
F00288,P00433,100.0,7,supplier_disclosed,confirmed
F00285,P00434,100.0,8,supplier_disclosed,confirmed
F00293,P00435,100.0,10,supplier_disclosed,confirmed
F00304,P00436,66.0,7,third_party,estimated
F00314,P00436,34.0,10,supplier_disclosed,confirmed
F00287,P00437,56.6,9,third_party,estimated
F00293,P00437,43.4,4,supplier_disclosed,confirmed
F00287,P00438,49.0,8,third_party,estimated
F00298,P00438,51.0,6,supplier_disclosed,confirmed
F00319,P00439,100.0,8,supplier_disclosed,confirmed
F00287,P00440,94.9,6,supplier_disclosed,confirmed
F00307,P00440,5.1,5,third_party,estimated
F00301,P00441,37.8,10,supplier_disclosed,confirmed
F00317,P00441,62.2,8,supplier_disclosed,confirmed
F00297,P00442,100.0,7,supplier_disclosed,confirmed
