facility_id,part_id,as_of_date,units_on_hand,daily_usage,days_of_supply,data_source,confidence
F00258,P00463,2025-03-01,2907,299.1,9.7,supplier_disclosed,estimated
F00258,P00470,2025-03-01,9199,1197.37,7.7,supplier_disclosed,estimated
F00258,P00487,2025-03-01,5068,149.67,33.9,supplier_disclosed,estimated
F00258,P00489,2025-03-01,1570,74.78,21.0,supplier_disclosed,estimated
F00261,P00466,2025-03-01,6484,710.61,9.1,supplier_disclosed,estimated
F00261,P00470,2025-03-01,1833,194.9,9.4,supplier_disclosed,estimated
F00261,P00475,2025-03-01,10572,1358.75,7.8,supplier_disclosed,estimated
F00261,P00483,2025-03-01,2165,174.6,12.4,supplier_disclosed,estimated
F00261,P00489,2025-03-01,5164,169.84,30.4,supplier_disclosed,estimated
F00262,P00476,2025-03-01,17761,1287.05,13.8,supplier_disclosed,estimated
F00262,P00483,2025-03-01,3720,257.41,14.5,supplier_disclosed,estimated
F00264,P00449,2025-03-01,5635,270.28,20.8,supplier_disclosed,estimated
F00264,P00470,2025-03-01,2100,390.11,5.4,supplier_disclosed,estimated
F00264,P00486,2025-03-01,1549,67.57,22.9,supplier_disclosed,estimated
F00264,P00488,2025-03-01,674,48.76,13.8,supplier_disclosed,estimated
F00265,P00456,2025-03-01,940,169.22,5.6,supplier_disclosed,estimated
F00265,P00474,2025-03-01,1282,80.04,16.0,supplier_disclosed,estimated
F00265,P00483,2025-03-01,293,20.01,14.6,supplier_disclosed,estimated
F00265,P00485,2025-03-01,291,24.17,12.0,supplier_disclosed,estimated
F00266,P00470,2025-03-01,22036,1511.87,14.6,supplier_disclosed,estimated
F00266,P00483,2025-03-01,10677,302.37,35.3,supplier_disclosed,estimated
F00267,P00465,2025-03-01,8438,573.54,14.7,supplier_disclosed,estimated
F00267,P00470,2025-03-01,10287,1560.29,6.6,supplier_disclosed,estimated
F00267,P00475,2025-03-01,3883,350.19,11.1,supplier_disclosed,estimated
F00267,P00483,2025-03-01,1245,53.25,23.4,supplier_disclosed,estimated
F00267,P00489,2025-03-01,4373,237.24,18.4,supplier_disclosed,estimated
F00267,P00492,2025-03-01,1031,51.21,20.1,supplier_disclosed,estimated
F00267,P00493,2025-03-01,2030,81.18,25.0,supplier_disclosed,estimated
F00268,P00470,2025-03-01,2943,123.41,23.8,supplier_disclosed,estimated
F00268,P00483,2025-03-01,843,24.68,34.2,supplier_disclosed,estimated
F00269,P00458,2025-03-01,13116,1443.29,9.1,supplier_disclosed,estimated
F00269,P00464,2025-03-01,18469,892.01,20.7,supplier_disclosed,estimated
F00269,P00483,2025-03-01,10662,488.25,21.8,supplier_disclosed,estimated
F00272,P00470,2025-03-01,13679,641.79,21.3,supplier_disclosed,estimated
F00272,P00483,2025-03-01,3660,128.36,28.5,supplier_disclosed,estimated
F00273,P00449,2025-03-01,53347,2871.23,18.6,supplier_disclosed,estimated
F00273,P00454,2025-03-01,4251,347.26,12.2,supplier_disclosed,estimated
F00273,P00458,2025-03-01,1243,64.53,19.3,supplier_disclosed,estimated
F00273,P00470,2025-03-01,10594,649.41,16.3,supplier_disclosed,estimated
F00273,P00483,2025-03-01,5535,193.82,28.6,supplier_disclosed,estimated
F00273,P00495,2025-03-01,9479,358.9,26.4,supplier_disclosed,estimated
F00274,P00465,2025-03-01,125,20.37,6.1,supplier_disclosed,estimated
F00274,P00466,2025-03-01,1208,83.37,14.5,supplier_disclosed,estimated
F00274,P00470,2025-03-01,3050,506.17,6.0,supplier_disclosed,estimated
F00274,P00483,2025-03-01,1521,101.03,15.1,supplier_disclosed,estimated
F00274,P00487,2025-03-01,124,5.09,24.4,supplier_disclosed,estimated
F00275,P00445,2025-03-01,13419,1022.5,13.1,supplier_disclosed,estimated
F00275,P00449,2025-03-01,1389,233.04,6.0,supplier_disclosed,estimated
F00275,P00454,2025-03-01,1493,192.8,7.7,supplier_disclosed,estimated
F00275,P00461,2025-03-01,4887,341.64,14.3,supplier_disclosed,estimated
F00275,P00463,2025-03-01,6459,265.24,24.4,supplier_disclosed,estimated
F00275,P00465,2025-03-01,15605,1059.57,14.7,supplier_disclosed,estimated
F00275,P00470,2025-03-01,70864,3465.07,20.5,supplier_disclosed,estimated
F00275,P00476,2025-03-01,23456,1692.24,13.9,supplier_disclosed,estimated
F00275,P00483,2025-03-01,11698,742.66,15.8,supplier_disclosed,estimated
F00275,P00486,2025-03-01,620,58.26,10.6,supplier_disclosed,estimated
F00275,P00487,2025-03-01,1558,73.25,21.3,supplier_disclosed,estimated
F00275,P00489,2025-03-01,3273,87.07,37.6,supplier_disclosed,estimated
F00275,P00490,2025-03-01,2834,143.55,19.7,supplier_disclosed,estimated
F00275,P00492,2025-03-01,1737,82.5,21.1,supplier_disclosed,estimated
F00275,P00493,2025-03-01,6895,224.0,30.8,supplier_disclosed,estimated
F00275,P00495,2025-03-01,4690,146.07,32.1,supplier_disclosed,estimated
F00276,P00458,2025-03-01,2354,137.12,17.2,supplier_disclosed,estimated
F00276,P00464,2025-03-01,22407,1904.66,11.8,supplier_disclosed,estimated
F00276,P00466,2025-03-01,7062,295.44,23.9,supplier_disclosed,estimated
F00276,P00467,2025-03-01,200846,16667.4,12.1,supplier_disclosed,estimated
F00276,P00470,2025-03-01,5461,503.77,10.8,supplier_disclosed,estimated
F00276,P00475,2025-03-01,8526,389.96,21.9,supplier_disclosed,estimated
F00276,P00476,2025-03-01,99973,4217.49,23.7,supplier_disclosed,estimated
F00276,P00483,2025-03-01,165899,4287.13,38.7,supplier_disclosed,estimated
F00276,P00488,2025-03-01,240,9.22,26.0,supplier_disclosed,estimated
F00276,P00489,2025-03-01,1759,48.75,36.1,supplier_disclosed,estimated
F00276,P00490,2025-03-01,17271,1113.46,15.5,supplier_disclosed,estimated
F00276,P00495,2025-03-01,17461,476.16,36.7,supplier_disclosed,estimated
F00277,P00465,2025-03-01,4034,200.05,20.2,supplier_disclosed,estimated
F00277,P00483,2025-03-01,879,40.01,22.0,supplier_disclosed,estimated
F00282,P00456,2025-03-01,10210,1030.94,9.9,supplier_disclosed,estimated
F00282,P00485,2025-03-01,4829,147.28,32.8,supplier_disclosed,estimated
F00284,P00483,2025-03-01,2804,122.36,22.9,supplier_disclosed,estimated
F00284,P00486,2025-03-01,985,25.02,39.4,supplier_disclosed,estimated
F00285,P00483,2025-03-01,12269,344.26,35.6,supplier_disclosed,estimated
F00285,P00489,2025-03-01,5636,167.18,33.7,supplier_disclosed,estimated
F00286,P00482,2025-03-01,768,38.38,20.0,supplier_disclosed,estimated
F00286,P00483,2025-03-01,17243,550.02,31.3,supplier_disclosed,estimated
F00286,P00485,2025-03-01,2639,80.74,32.7,supplier_disclosed,estimated
F00287,P00483,2025-03-01,12280,551.06,22.3,supplier_disclosed,estimated
F00287,P00487,2025-03-01,3131,243.86,12.8,supplier_disclosed,estimated
F00288,P00485,2025-03-01,1514,47.22,32.1,supplier_disclosed,estimated
F00289,P00483,2025-03-01,11101,589.43,18.8,supplier_disclosed,estimated
F00290,P00483,2025-03-01,5727,409.54,14.0,supplier_disclosed,estimated
F00290,P00484,2025-03-01,4141,367.05,11.3,supplier_disclosed,estimated
F00290,P00487,2025-03-01,76,3.82,19.9,supplier_disclosed,estimated
F00290,P00493,2025-03-01,10237,404.66,25.3,supplier_disclosed,estimated
F00291,P00483,2025-03-01,13208,1184.37,11.2,supplier_disclosed,estimated
F00292,P00483,2025-03-01,38913,1446.45,26.9,supplier_disclosed,estimated
F00293,P00483,2025-03-01,18440,500.25,36.9,supplier_disclosed,estimated
F00293,P00488,2025-03-01,3825,136.91,27.9,supplier_disclosed,estimated
F00293,P00490,2025-03-01,2708,105.2,25.7,supplier_disclosed,estimated
F00294,P00483,2025-03-01,1728,101.82,17.0,supplier_disclosed,estimated
F00294,P00486,2025-03-01,469,20.23,23.2,supplier_disclosed,estimated
F00294,P00489,2025-03-01,35132,1253.95,28.0,supplier_disclosed,estimated
F00297,P00483,2025-03-01,31076,864.35,36.0,supplier_disclosed,estimated
F00297,P00490,2025-03-01,34712,952.18,36.5,supplier_disclosed,estimated
F00298,P00483,2025-03-01,12291,521.72,23.6,supplier_disclosed,estimated
F00299,P00482,2025-03-01,3641,234.74,15.5,supplier_disclosed,estimated
F00299,P00490,2025-03-01,14915,477.73,31.2,supplier_disclosed,estimated
F00300,P00480,2025-03-01,15920,413.33,38.5,supplier_disclosed,estimated
F00300,P00483,2025-03-01,727,18.76,38.7,supplier_disclosed,estimated
F00300,P00486,2025-03-01,839,21.05,39.9,supplier_disclosed,estimated
F00300,P00491,2025-03-01,496,28.25,17.6,supplier_disclosed,estimated
F00301,P00483,2025-03-01,45467,1295.08,35.1,supplier_disclosed,estimated
F00301,P00488,2025-03-01,4230,366.16,11.6,supplier_disclosed,estimated
F00302,P00483,2025-03-01,14679,1404.52,10.5,supplier_disclosed,estimated
F00303,P00483,2025-03-01,62913,2082.31,30.2,supplier_disclosed,estimated
F00303,P00486,2025-03-01,179,13.15,13.6,supplier_disclosed,estimated
F00303,P00488,2025-03-01,4012,185.29,21.7,supplier_disclosed,estimated
F00304,P00482,2025-03-01,4468,430.75,10.4,supplier_disclosed,estimated
F00304,P00483,2025-03-01,10095,800.93,12.6,supplier_disclosed,estimated
F00305,P00483,2025-03-01,605,37.24,16.2,supplier_disclosed,estimated
F00305,P00489,2025-03-01,2011,75.5,26.6,supplier_disclosed,estimated
F00306,P00483,2025-03-01,8417,421.72,20.0,supplier_disclosed,estimated
F00307,P00483,2025-03-01,22717,844.01,26.9,supplier_disclosed,estimated
F00307,P00484,2025-03-01,9439,320.31,29.5,supplier_disclosed,estimated
F00307,P00486,2025-03-01,448,44.31,10.1,supplier_disclosed,estimated
F00307,P00488,2025-03-01,49,1.38,35.4,supplier_disclosed,estimated
F00307,P00489,2025-03-01,327,27.91,11.7,supplier_disclosed,estimated
F00307,P00490,2025-03-01,25916,716.09,36.2,supplier_disclosed,estimated
F00308,P00483,2025-03-01,113032,2877.47,39.3,supplier_disclosed,estimated
F00310,P00483,2025-03-01,6762,182.23,37.1,supplier_disclosed,estimated
F00311,P00483,2025-03-01,24877,947.15,26.3,supplier_disclosed,estimated
F00311,P00487,2025-03-01,1294,39.1,33.1,supplier_disclosed,estimated
F00311,P00492,2025-03-01,8532,562.02,15.2,supplier_disclosed,estimated
F00312,P00483,2025-03-01,14580,382.54,38.1,supplier_disclosed,estimated
F00314,P00483,2025-03-01,662,61.87,10.7,supplier_disclosed,estimated
F00314,P00490,2025-03-01,787,29.64,26.5,supplier_disclosed,estimated
F00315,P00482,2025-03-01,649,27.21,23.9,supplier_disclosed,estimated
F00315,P00483,2025-03-01,34264,1010.53,33.9,supplier_disclosed,estimated
F00316,P00483,2025-03-01,343,10.59,32.4,supplier_disclosed,estimated
F00316,P00493,2025-03-01,1333,66.97,19.9,supplier_disclosed,estimated
F00317,P00483,2025-03-01,3488,233.99,14.9,supplier_disclosed,estimated
F00317,P00486,2025-03-01,26,0.77,33.9,supplier_disclosed,estimated
F00317,P00488,2025-03-01,25749,654.78,39.3,supplier_disclosed,estimated
F00318,P00483,2025-03-01,1788,138.18,12.9,supplier_disclosed,estimated
F00319,P00483,2025-03-01,2436,76.17,32.0,supplier_disclosed,estimated
F00319,P00488,2025-03-01,9475,372.0,25.5,supplier_disclosed,estimated
F00319,P00490,2025-03-01,1687,87.12,19.4,supplier_disclosed,estimated
F00320,P00482,2025-03-01,1024,98.19,10.4,supplier_disclosed,estimated
F00320,P00483,2025-03-01,13446,423.87,31.7,supplier_disclosed,estimated
F00320,P00490,2025-03-01,1083,77.57,14.0,supplier_disclosed,estimated
F00322,P00039,2025-03-01,3454,130.02,26.6,own_system,confirmed
F00322,P00046,2025-03-01,888,67.9,13.1,own_system,confirmed
F00322,P00051,2025-03-01,1831,88.8,20.6,own_system,confirmed
F00322,P00054,2025-03-01,1118,82.59,13.5,own_system,confirmed
F00322,P00112,2025-03-01,2146,69.07,31.1,own_system,confirmed
F00322,P00115,2025-03-01,1062,78.55,13.5,own_system,confirmed
F00322,P00119,2025-03-01,1077,53.09,20.3,own_system,confirmed
F00322,P00122,2025-03-01,490,19.4,25.3,own_system,confirmed
F00322,P00123,2025-03-01,544,19.73,27.6,own_system,confirmed
F00322,P00155,2025-03-01,1972,48.5,40.7,own_system,confirmed
F00322,P00164,2025-03-01,292,16.52,17.7,own_system,confirmed
F00322,P00166,2025-03-01,569,36.57,15.6,own_system,confirmed
F00322,P00167,2025-03-01,588,23.6,24.9,own_system,confirmed
F00322,P00169,2025-03-01,1448,92.0,15.7,own_system,confirmed
F00322,P00171,2025-03-01,1897,78.55,24.1,own_system,confirmed
F00322,P00219,2025-03-01,29077,1204.11,24.1,own_system,confirmed
F00322,P00262,2025-03-01,142858,2510.06,56.9,own_system,confirmed
F00322,P00264,2025-03-01,16173,592.02,27.3,own_system,confirmed
F00322,P00370,2025-03-01,44325,903.35,49.1,own_system,confirmed
F00322,P00422,2025-03-01,56360,762.97,73.9,own_system,confirmed
F00322,P00428,2025-03-01,51888,700.55,74.1,own_system,confirmed
F00323,P00039,2025-03-01,114,5.7,20.0,own_system,confirmed
F00323,P00046,2025-03-01,196,25.37,7.7,own_system,confirmed
F00323,P00051,2025-03-01,275,14.22,19.3,own_system,confirmed
F00323,P00054,2025-03-01,271,21.17,12.8,own_system,confirmed
F00323,P00112,2025-03-01,82,3.03,27.1,own_system,confirmed
F00323,P00115,2025-03-01,1377,36.97,37.3,own_system,confirmed
F00323,P00119,2025-03-01,381,13.61,28.0,own_system,confirmed
F00323,P00122,2025-03-01,277,7.25,38.2,own_system,confirmed
F00323,P00123,2025-03-01,51,3.16,16.1,own_system,confirmed
F00323,P00155,2025-03-01,477,18.12,26.3,own_system,confirmed
F00323,P00164,2025-03-01,88,4.23,20.8,own_system,confirmed
F00323,P00166,2025-03-01,28,1.6,17.5,own_system,confirmed
F00323,P00167,2025-03-01,88,6.05,14.6,own_system,confirmed
F00323,P00169,2025-03-01,554,9.77,56.7,own_system,confirmed
F00323,P00171,2025-03-01,1286,36.97,34.8,own_system,confirmed
F00323,P00219,2025-03-01,23155,270.12,85.7,own_system,confirmed
F00323,P00262,2025-03-01,71380,886.93,80.5,own_system,confirmed
F00323,P00264,2025-03-01,6831,94.78,72.1,own_system,confirmed
F00323,P00370,2025-03-01,35815,425.11,84.2,own_system,confirmed
F00323,P00422,2025-03-01,3206,83.33,38.5,own_system,confirmed
F00323,P00428,2025-03-01,8966,112.15,79.9,own_system,confirmed
F00324,P00006,2025-03-01,2961,130.81,22.6,own_system,confirmed
F00324,P00051,2025-03-01,1386,66.65,20.8,own_system,confirmed
F00324,P00074,2025-03-01,1716,80.81,21.2,own_system,confirmed
F00324,P00087,2025-03-01,551,14.81,37.2,own_system,confirmed
F00324,P00088,2025-03-01,2786,73.58,37.9,own_system,confirmed
F00324,P00105,2025-03-01,694,45.31,15.3,own_system,confirmed
F00324,P00112,2025-03-01,223,17.96,12.4,own_system,confirmed
F00324,P00138,2025-03-01,786,29.62,26.5,own_system,confirmed
F00324,P00141,2025-03-01,2200,42.92,51.3,own_system,confirmed
F00324,P00169,2025-03-01,528,28.61,18.5,own_system,confirmed
F00324,P00193,2025-03-01,1995,44.9,44.4,own_system,confirmed
F00324,P00201,2025-03-01,1467,45.31,32.4,own_system,confirmed
F00324,P00219,2025-03-01,174229,2077.55,83.9,own_system,confirmed
F00324,P00225,2025-03-01,40335,521.12,77.4,own_system,confirmed
F00324,P00262,2025-03-01,52224,940.2,55.5,own_system,confirmed
F00324,P00269,2025-03-01,25969,556.72,46.6,own_system,confirmed
F00324,P00302,2025-03-01,37506,478.26,78.4,own_system,confirmed
F00325,P00051,2025-03-01,580,45.94,12.6,own_system,confirmed
F00325,P00074,2025-03-01,320,16.44,19.5,own_system,confirmed
F00325,P00087,2025-03-01,387,10.21,37.9,own_system,confirmed
F00325,P00105,2025-03-01,2078,73.93,28.1,own_system,confirmed
F00325,P00112,2025-03-01,138,3.65,37.8,own_system,confirmed
F00325,P00124,2025-03-01,1316,56.59,23.3,own_system,confirmed
F00325,P00138,2025-03-01,877,20.42,43.0,own_system,confirmed
F00325,P00169,2025-03-01,3240,56.59,57.3,own_system,confirmed
F00325,P00193,2025-03-01,437,9.13,47.9,own_system,confirmed
F00325,P00201,2025-03-01,4115,73.93,55.7,own_system,confirmed
F00325,P00219,2025-03-01,107182,1369.86,78.2,own_system,confirmed
F00325,P00225,2025-03-01,21636,850.25,25.4,own_system,confirmed
F00325,P00262,2025-03-01,53296,1399.12,38.1,own_system,confirmed
F00325,P00269,2025-03-01,8141,113.22,71.9,own_system,confirmed
F00325,P00330,2025-03-01,86167,1046.95,82.3,own_system,confirmed
F00326,P00052,2025-03-01,1244,48.88,25.5,own_system,confirmed
F00326,P00100,2025-03-01,382,19.69,19.4,own_system,confirmed
F00326,P00128,2025-03-01,5142,179.61,28.6,own_system,confirmed
F00326,P00138,2025-03-01,663,14.93,44.4,own_system,confirmed
F00326,P00148,2025-03-01,6128,179.61,34.1,own_system,confirmed
F00326,P00169,2025-03-01,557,13.58,41.0,own_system,confirmed
F00326,P00219,2025-03-01,202000,2269.16,89.0,own_system,confirmed
F00326,P00262,2025-03-01,8208,141.2,58.1,own_system,confirmed
F00326,P00392,2025-03-01,96573,2873.75,33.6,own_system,confirmed
F00326,P00428,2025-03-01,7506,135.77,55.3,own_system,confirmed
F00327,P00052,2025-03-01,586,53.04,11.0,own_system,confirmed
F00327,P00100,2025-03-01,655,21.36,30.7,own_system,confirmed
F00327,P00128,2025-03-01,4741,127.94,37.1,own_system,confirmed
F00327,P00138,2025-03-01,731,16.21,45.1,own_system,confirmed
F00327,P00148,2025-03-01,6956,127.94,54.4,own_system,confirmed
F00327,P00169,2025-03-01,699,14.73,47.4,own_system,confirmed
F00327,P00219,2025-03-01,85668,1692.32,50.6,own_system,confirmed
F00327,P00262,2025-03-01,8837,153.22,57.7,own_system,confirmed
F00327,P00392,2025-03-01,117254,2047.06,57.3,own_system,confirmed
F00327,P00428,2025-03-01,6994,147.33,47.5,own_system,confirmed
F00328,P00052,2025-03-01,44,4.8,9.2,own_system,confirmed
F00328,P00100,2025-03-01,60,1.93,31.0,own_system,confirmed
F00328,P00138,2025-03-01,24,1.47,16.4,own_system,confirmed
F00328,P00169,2025-03-01,31,1.33,23.2,own_system,confirmed
F00328,P00219,2025-03-01,1036,20.01,51.8,own_system,confirmed
F00328,P00262,2025-03-01,1236,13.87,89.1,own_system,confirmed
F00328,P00428,2025-03-01,553,13.34,41.5,own_system,confirmed
F00330,P00005,2025-03-01,1008,39.9,25.3,own_system,confirmed
F00330,P00006,2025-03-01,1793,107.72,16.6,own_system,confirmed
F00330,P00007,2025-03-01,821,67.89,12.1,own_system,confirmed
F00330,P00039,2025-03-01,222,29.18,7.6,own_system,confirmed
F00330,P00051,2025-03-01,130,14.38,9.0,own_system,confirmed
F00330,P00074,2025-03-01,1569,94.62,16.6,own_system,confirmed
F00330,P00084,2025-03-01,1016,46.17,22.0,own_system,confirmed
F00330,P00085,2025-03-01,1378,47.88,28.8,own_system,confirmed
F00330,P00097,2025-03-01,230,19.4,11.9,own_system,confirmed
F00330,P00106,2025-03-01,631,34.06,18.5,own_system,confirmed
F00330,P00112,2025-03-01,95,8.87,10.7,own_system,confirmed
F00330,P00120,2025-03-01,352,9.73,36.2,own_system,confirmed
F00330,P00126,2025-03-01,79,3.6,22.0,own_system,confirmed
F00330,P00133,2025-03-01,1982,48.49,40.9,own_system,confirmed
F00330,P00169,2025-03-01,2265,48.52,46.7,own_system,confirmed
F00330,P00183,2025-03-01,855,32.49,26.3,own_system,confirmed
F00330,P00191,2025-03-01,358,17.73,20.2,own_system,confirmed
F00330,P00193,2025-03-01,835,20.52,40.7,own_system,confirmed
F00330,P00199,2025-03-01,1513,27.23,55.6,own_system,confirmed
F00330,P00213,2025-03-01,1876,34.06,55.1,own_system,confirmed
F00330,P00219,2025-03-01,77742,1869.84,41.6,own_system,confirmed
F00330,P00262,2025-03-01,78709,2037.44,38.6,own_system,confirmed
F00330,P00306,2025-03-01,12192,272.45,44.7,own_system,confirmed
F00330,P00326,2025-03-01,3943,106.08,37.2,own_system,confirmed
F00330,P00417,2025-03-01,36212,413.78,87.5,own_system,confirmed
F00330,P00428,2025-03-01,24080,1073.72,22.4,own_system,confirmed
F00331,P00006,2025-03-01,332,29.15,11.4,own_system,confirmed
F00331,P00039,2025-03-01,84,10.96,7.7,own_system,confirmed
F00331,P00051,2025-03-01,1305,48.98,26.6,own_system,confirmed
F00331,P00074,2025-03-01,1075,60.24,17.8,own_system,confirmed
F00331,P00084,2025-03-01,210,12.49,16.8,own_system,confirmed
F00331,P00085,2025-03-01,666,30.48,21.8,own_system,confirmed
F00331,P00106,2025-03-01,726,55.11,13.2,own_system,confirmed
F00331,P00120,2025-03-01,48,3.65,13.1,own_system,confirmed
F00331,P00126,2025-03-01,470,12.25,38.4,own_system,confirmed
F00331,P00169,2025-03-01,698,15.17,46.0,own_system,confirmed
F00331,P00183,2025-03-01,381,8.79,43.3,own_system,confirmed
F00331,P00193,2025-03-01,467,13.06,35.7,own_system,confirmed
F00331,P00199,2025-03-01,1543,42.23,36.5,own_system,confirmed
F00331,P00213,2025-03-01,2729,55.11,49.5,own_system,confirmed
F00331,P00219,2025-03-01,19585,827.5,23.7,own_system,confirmed
F00331,P00262,2025-03-01,96976,1453.45,66.7,own_system,confirmed
F00331,P00306,2025-03-01,10154,173.46,58.5,own_system,confirmed
F00331,P00326,2025-03-01,14980,361.23,41.5,own_system,confirmed
F00331,P00417,2025-03-01,3930,111.99,35.1,own_system,confirmed
F00331,P00428,2025-03-01,75250,936.85,80.3,own_system,confirmed
F00332,P00052,2025-03-01,1684,59.24,28.4,own_system,confirmed
F00332,P00122,2025-03-01,377,29.24,12.9,own_system,confirmed
F00332,P00146,2025-03-01,278,12.75,21.8,own_system,confirmed
F00332,P00169,2025-03-01,603,13.5,44.7,own_system,confirmed
F00332,P00219,2025-03-01,13684,184.47,74.2,own_system,confirmed
F00332,P00236,2025-03-01,8484,155.97,54.4,own_system,confirmed
F00332,P00262,2025-03-01,12921,152.22,84.9,own_system,confirmed
F00333,P00106,2025-03-01,11494,317.59,36.2,own_system,confirmed
F00333,P00190,2025-03-01,6291,317.59,19.8,own_system,confirmed
F00333,P00219,2025-03-01,166574,5557.81,30.0,own_system,confirmed
F00333,P00262,2025-03-01,111528,4287.45,26.0,own_system,confirmed
F00334,P00052,2025-03-01,2140,78.85,27.1,own_system,confirmed
F00334,P00118,2025-03-01,5221,195.33,26.7,own_system,confirmed
F00334,P00122,2025-03-01,1489,38.92,38.3,own_system,confirmed
F00334,P00132,2025-03-01,9287,195.33,47.5,own_system,confirmed
F00334,P00146,2025-03-01,809,16.97,47.7,own_system,confirmed
F00334,P00169,2025-03-01,355,17.97,19.8,own_system,confirmed
F00334,P00219,2025-03-01,101365,3663.83,27.7,own_system,confirmed
F00334,P00236,2025-03-01,17681,207.6,85.2,own_system,confirmed
F00334,P00262,2025-03-01,199993,3718.58,53.8,own_system,confirmed
F00335,P00028,2025-03-01,294,9.85,29.8,own_system,confirmed
F00335,P00051,2025-03-01,2017,139.8,14.4,own_system,confirmed
F00335,P00100,2025-03-01,1975,68.94,28.6,own_system,confirmed
F00335,P00107,2025-03-01,67,2.46,27.2,own_system,confirmed
F00335,P00157,2025-03-01,525,30.64,17.1,own_system,confirmed
F00335,P00208,2025-03-01,1595,42.13,37.9,own_system,confirmed
F00335,P00212,2025-03-01,209,3.69,56.6,own_system,confirmed
F00335,P00216,2025-03-01,29149,563.03,51.8,own_system,confirmed
F00335,P00262,2025-03-01,25525,480.84,53.1,own_system,confirmed
F00335,P00335,2025-03-01,5442,78.81,69.1,own_system,confirmed
F00335,P00428,2025-03-01,37598,503.66,74.6,own_system,confirmed
F00336,P00028,2025-03-01,2626,100.83,26.0,own_system,confirmed
F00336,P00107,2025-03-01,594,25.21,23.6,own_system,confirmed
F00336,P00212,2025-03-01,1302,37.81,34.4,own_system,confirmed
F00336,P00262,2025-03-01,44872,844.48,53.1,own_system,confirmed
F00336,P00335,2025-03-01,70849,806.67,87.8,own_system,confirmed
F00337,P00039,2025-03-01,1701,59.94,28.4,own_system,confirmed
F00337,P00045,2025-03-01,435,20.38,21.3,own_system,confirmed
F00337,P00072,2025-03-01,1234,91.15,13.5,own_system,confirmed
F00337,P00090,2025-03-01,493,13.32,37.0,own_system,confirmed
F00337,P00092,2025-03-01,143,9.47,15.1,own_system,confirmed
F00337,P00093,2025-03-01,77,5.82,13.2,own_system,confirmed
F00337,P00121,2025-03-01,1190,53.04,22.4,own_system,confirmed
F00337,P00123,2025-03-01,619,20.26,30.6,own_system,confirmed
F00337,P00129,2025-03-01,785,67.76,11.6,own_system,confirmed
F00337,P00140,2025-03-01,269,9.47,28.4,own_system,confirmed
F00337,P00169,2025-03-01,4323,86.34,50.1,own_system,confirmed
F00337,P00188,2025-03-01,3004,67.76,44.3,own_system,confirmed
F00337,P00193,2025-03-01,906,50.64,17.9,own_system,confirmed
F00337,P00204,2025-03-01,271,11.65,23.3,own_system,confirmed
F00337,P00219,2025-03-01,106979,1511.82,70.8,own_system,confirmed
F00337,P00236,2025-03-01,5823,206.76,28.2,own_system,confirmed
F00337,P00262,2025-03-01,46501,2248.67,20.7,own_system,confirmed
F00337,P00276,2025-03-01,93994,1050.36,89.5,own_system,confirmed
F00337,P00428,2025-03-01,84026,1334.27,63.0,own_system,confirmed
F00338,P00045,2025-03-01,560,33.2,16.9,own_system,confirmed
F00338,P00092,2025-03-01,1498,53.66,27.9,own_system,confirmed
F00338,P00093,2025-03-01,286,9.48,30.2,own_system,confirmed
F00338,P00129,2025-03-01,1754,70.53,24.9,own_system,confirmed
F00338,P00140,2025-03-01,2376,53.66,44.3,own_system,confirmed
F00338,P00188,2025-03-01,3286,70.53,46.6,own_system,confirmed
F00338,P00204,2025-03-01,422,18.97,22.2,own_system,confirmed
F00338,P00219,2025-03-01,43967,885.37,49.7,own_system,confirmed
F00338,P00236,2025-03-01,13913,336.7,41.3,own_system,confirmed
F00338,P00262,2025-03-01,154186,2033.72,75.8,own_system,confirmed
F00338,P00276,2025-03-01,80782,1093.23,73.9,own_system,confirmed
F00339,P00039,2025-03-01,643,25.08,25.6,own_system,confirmed
F00339,P00045,2025-03-01,57,3.36,17.0,own_system,confirmed
F00339,P00072,2025-03-01,1111,54.92,20.2,own_system,confirmed
F00339,P00090,2025-03-01,174,5.57,31.2,own_system,confirmed
F00339,P00092,2025-03-01,761,38.69,19.7,own_system,confirmed
F00339,P00093,2025-03-01,38,0.96,39.6,own_system,confirmed
F00339,P00121,2025-03-01,331,15.49,21.4,own_system,confirmed
F00339,P00123,2025-03-01,319,12.21,26.1,own_system,confirmed
F00339,P00140,2025-03-01,2013,38.69,52.0,own_system,confirmed
F00339,P00169,2025-03-01,1423,29.42,48.4,own_system,confirmed
F00339,P00193,2025-03-01,1131,30.51,37.1,own_system,confirmed
F00339,P00204,2025-03-01,63,1.92,32.8,own_system,confirmed
F00339,P00219,2025-03-01,81231,1257.54,64.6,own_system,confirmed
F00339,P00236,2025-03-01,1721,34.07,50.5,own_system,confirmed
F00339,P00262,2025-03-01,68858,1120.72,61.4,own_system,confirmed
F00339,P00428,2025-03-01,33001,434.23,76.0,own_system,confirmed
F00340,P00051,2025-03-01,414,42.23,9.8,own_system,confirmed
F00340,P00106,2025-03-01,550,17.78,30.9,own_system,confirmed
F00340,P00127,2025-03-01,1651,142.18,11.6,own_system,confirmed
F00340,P00138,2025-03-01,6791,142.18,47.8,own_system,confirmed
F00340,P00146,2025-03-01,210,8.89,23.6,own_system,confirmed
F00340,P00195,2025-03-01,449,12.22,36.7,own_system,confirmed
F00340,P00219,2025-03-01,105784,2734.18,38.7,own_system,confirmed
F00340,P00262,2025-03-01,69544,1635.04,42.5,own_system,confirmed
F00340,P00328,2025-03-01,9069,141.68,64.0,own_system,confirmed
F00340,P00418,2025-03-01,7639,152.23,50.2,own_system,confirmed
F00341,P00051,2025-03-01,987,54.18,18.2,own_system,confirmed
F00341,P00106,2025-03-01,912,22.81,40.0,own_system,confirmed
F00341,P00127,2025-03-01,1594,116.8,13.6,own_system,confirmed
F00341,P00138,2025-03-01,3700,116.8,31.7,own_system,confirmed
F00341,P00146,2025-03-01,438,11.41,38.4,own_system,confirmed
F00341,P00195,2025-03-01,807,15.68,51.5,own_system,confirmed
F00341,P00219,2025-03-01,91229,2294.07,39.8,own_system,confirmed
F00341,P00262,2025-03-01,63894,1343.18,47.6,own_system,confirmed
F00341,P00328,2025-03-01,14086,181.79,77.5,own_system,confirmed
F00341,P00418,2025-03-01,11159,195.33,57.1,own_system,confirmed
F00342,P00039,2025-03-01,2549,95.51,26.7,own_system,confirmed
F00342,P00040,2025-03-01,427,50.41,8.5,own_system,confirmed
F00342,P00047,2025-03-01,1919,141.08,13.6,own_system,confirmed
F00342,P00051,2025-03-01,1840,92.78,19.8,own_system,confirmed
F00342,P00061,2025-03-01,1385,141.23,9.8,own_system,confirmed
F00342,P00089,2025-03-01,3723,152.24,24.5,own_system,confirmed
F00342,P00091,2025-03-01,297,28.25,10.5,own_system,confirmed
F00342,P00100,2025-03-01,1254,49.9,25.1,own_system,confirmed
F00342,P00110,2025-03-01,1026,27.29,37.6,own_system,confirmed
F00342,P00122,2025-03-01,7886,205.11,38.4,own_system,confirmed
F00342,P00126,2025-03-01,766,39.11,19.6,own_system,confirmed
F00342,P00145,2025-03-01,2156,152.24,14.2,own_system,confirmed
F00342,P00146,2025-03-01,1637,29.25,56.0,own_system,confirmed
F00342,P00159,2025-03-01,2735,68.22,40.1,own_system,confirmed
F00342,P00169,2025-03-01,1619,39.76,40.7,own_system,confirmed
F00342,P00186,2025-03-01,10562,205.11,51.5,own_system,confirmed
F00342,P00193,2025-03-01,607,18.9,32.1,own_system,confirmed
F00342,P00199,2025-03-01,2559,76.78,33.3,own_system,confirmed
F00342,P00219,2025-03-01,531788,6680.41,79.6,own_system,confirmed
F00342,P00262,2025-03-01,448739,8247.71,54.4,own_system,confirmed
F00342,P00345,2025-03-01,60489,845.92,71.5,own_system,confirmed
F00342,P00361,2025-03-01,37817,453.7,83.4,own_system,confirmed
F00342,P00392,2025-03-01,16936,356.15,47.6,own_system,confirmed
F00342,P00428,2025-03-01,36358,442.18,82.2,own_system,confirmed
F00343,P00006,2025-03-01,1285,88.42,14.5,own_system,confirmed
F00343,P00051,2025-03-01,1587,55.92,28.4,own_system,confirmed
F00343,P00100,2025-03-01,1177,61.44,19.2,own_system,confirmed
F00343,P00112,2025-03-01,1833,107.67,17.0,own_system,confirmed
F00343,P00117,2025-03-01,9864,311.92,31.6,own_system,confirmed
F00343,P00118,2025-03-01,602,15.98,37.7,own_system,confirmed
F00343,P00146,2025-03-01,1109,22.48,49.3,own_system,confirmed
F00343,P00159,2025-03-01,1080,22.48,48.0,own_system,confirmed
F00343,P00163,2025-03-01,5896,100.34,58.8,own_system,confirmed
F00343,P00168,2025-03-01,8388,211.58,39.6,own_system,confirmed
F00343,P00169,2025-03-01,1752,31.96,54.8,own_system,confirmed
F00343,P00191,2025-03-01,1691,107.67,15.7,own_system,confirmed
F00343,P00219,2025-03-01,178822,6113.38,29.3,own_system,confirmed
F00343,P00239,2025-03-01,15724,403.13,39.0,own_system,confirmed
F00343,P00243,2025-03-01,50289,583.2,86.2,own_system,confirmed
F00343,P00262,2025-03-01,211179,6250.67,33.8,own_system,confirmed
F00343,P00372,2025-03-01,86903,1856.28,46.8,own_system,confirmed
F00344,P00019,2025-03-01,102,13.03,7.8,own_system,confirmed
F00344,P00051,2025-03-01,190,21.62,8.8,own_system,confirmed
F00344,P00100,2025-03-01,258,9.39,27.5,own_system,confirmed
F00344,P00112,2025-03-01,2179,168.49,12.9,own_system,confirmed
F00344,P00127,2025-03-01,96,2.61,36.8,own_system,confirmed
F00344,P00166,2025-03-01,285,5.21,54.7,own_system,confirmed
F00344,P00169,2025-03-01,7400,173.61,42.6,own_system,confirmed
F00344,P00193,2025-03-01,165,5.12,32.2,own_system,confirmed
F00344,P00216,2025-03-01,6801,82.79,82.2,own_system,confirmed
F00344,P00219,2025-03-01,148713,2746.47,54.1,own_system,confirmed
F00344,P00246,2025-03-01,1956,58.65,33.4,own_system,confirmed
F00344,P00262,2025-03-01,99800,2258.12,44.2,own_system,confirmed
F00345,P00019,2025-03-01,1534,99.92,15.4,own_system,confirmed
F00345,P00051,2025-03-01,809,39.8,20.3,own_system,confirmed
F00345,P00100,2025-03-01,381,17.28,22.0,own_system,confirmed
F00345,P00127,2025-03-01,690,19.98,34.5,own_system,confirmed
F00345,P00166,2025-03-01,1711,39.97,42.8,own_system,confirmed
F00345,P00169,2025-03-01,241,9.43,25.6,own_system,confirmed
F00345,P00193,2025-03-01,306,9.43,32.5,own_system,confirmed
F00345,P00216,2025-03-01,10764,152.4,70.6,own_system,confirmed
F00345,P00219,2025-03-01,22642,612.65,37.0,own_system,confirmed
F00345,P00246,2025-03-01,11877,449.65,26.4,own_system,confirmed
F00345,P00262,2025-03-01,8698,124.65,69.8,own_system,confirmed
F00346,P00019,2025-03-01,603,36.85,16.4,own_system,confirmed
F00346,P00093,2025-03-01,2296,167.22,13.7,own_system,confirmed
F00346,P00112,2025-03-01,4601,188.67,24.4,own_system,confirmed
F00346,P00127,2025-03-01,198,7.37,26.9,own_system,confirmed
F00346,P00166,2025-03-01,2763,181.96,15.2,own_system,confirmed
F00346,P00171,2025-03-01,9508,188.67,50.4,own_system,confirmed
F00346,P00219,2025-03-01,199526,3667.36,54.4,own_system,confirmed
F00346,P00246,2025-03-01,3613,165.84,21.8,own_system,confirmed
F00346,P00262,2025-03-01,335471,4176.41,80.3,own_system,confirmed
F00346,P00326,2025-03-01,137635,2257.5,61.0,own_system,confirmed
F00347,P00058,2025-03-01,1425,48.88,29.2,own_system,confirmed
F00347,P00100,2025-03-01,258,13.97,18.5,own_system,confirmed
F00347,P00199,2025-03-01,1152,34.92,33.0,own_system,confirmed
F00347,P00219,2025-03-01,25970,391.08,66.4,own_system,confirmed
F00347,P00262,2025-03-01,36361,432.98,84.0,own_system,confirmed
F00348,P00026,2025-03-01,2772,110.02,25.2,own_system,confirmed
F00348,P00088,2025-03-01,125,4.28,29.2,own_system,confirmed
F00348,P00122,2025-03-01,1704,50.33,33.9,own_system,confirmed
F00348,P00169,2025-03-01,450,24.52,18.4,own_system,confirmed
F00348,P00190,2025-03-01,1038,21.94,47.3,own_system,confirmed
F00348,P00193,2025-03-01,348,8.56,40.7,own_system,confirmed
F00348,P00219,2025-03-01,17527,447.15,39.2,own_system,confirmed
F00348,P00262,2025-03-01,15605,425.21,36.7,own_system,confirmed
F00348,P00392,2025-03-01,11977,298.08,40.2,own_system,confirmed
F00349,P00051,2025-03-01,1001,101.88,9.8,own_system,confirmed
F00349,P00110,2025-03-01,412,22.64,18.2,own_system,confirmed
F00349,P00201,2025-03-01,782,45.28,17.3,own_system,confirmed
F00349,P00219,2025-03-01,37214,554.68,67.1,own_system,confirmed
F00349,P00383,2025-03-01,36676,656.56,55.9,own_system,confirmed
F00350,P00026,2025-03-01,68,6.82,10.0,own_system,confirmed
F00350,P00051,2025-03-01,803,34.87,23.0,own_system,confirmed
F00350,P00074,2025-03-01,1446,130.35,11.1,own_system,confirmed
F00350,P00088,2025-03-01,42,1.71,24.6,own_system,confirmed
F00350,P00095,2025-03-01,9956,264.76,37.6,own_system,confirmed
F00350,P00100,2025-03-01,10006,304.8,32.8,own_system,confirmed
F00350,P00110,2025-03-01,213,7.75,27.5,own_system,confirmed
F00350,P00111,2025-03-01,898,32.59,27.6,own_system,confirmed
F00350,P00169,2025-03-01,829,48.88,17.0,own_system,confirmed
F00350,P00190,2025-03-01,10254,304.8,33.6,own_system,confirmed
F00350,P00193,2025-03-01,96,3.41,28.1,own_system,confirmed
F00350,P00201,2025-03-01,10043,280.26,35.8,own_system,confirmed
F00350,P00219,2025-03-01,389967,4503.1,86.6,own_system,confirmed
F00350,P00262,2025-03-01,767236,10222.16,75.1,own_system,confirmed
F00350,P00326,2025-03-01,249002,3971.42,62.7,own_system,confirmed
F00350,P00383,2025-03-01,15580,224.73,69.3,own_system,confirmed
F00350,P00428,2025-03-01,62593,879.83,71.1,own_system,confirmed
F00351,P00019,2025-03-01,126,7.23,17.4,own_system,confirmed
F00351,P00051,2025-03-01,612,22.73,26.9,own_system,confirmed
F00351,P00054,2025-03-01,443,20.89,21.2,own_system,confirmed
F00351,P00057,2025-03-01,485,20.24,24.0,own_system,confirmed
F00351,P00061,2025-03-01,301,41.48,7.3,own_system,confirmed
F00351,P00088,2025-03-01,312,11.94,26.1,own_system,confirmed
F00351,P00100,2025-03-01,289,13.8,20.9,own_system,confirmed
F00351,P00111,2025-03-01,155,13.29,11.7,own_system,confirmed
F00351,P00112,2025-03-01,244,8.3,29.4,own_system,confirmed
F00351,P00114,2025-03-01,61,1.61,38.0,own_system,confirmed
F00351,P00134,2025-03-01,259,5.44,47.6,own_system,confirmed
F00351,P00140,2025-03-01,136,7.71,17.6,own_system,confirmed
F00351,P00169,2025-03-01,155,9.31,16.6,own_system,confirmed
F00351,P00177,2025-03-01,234,7.83,29.9,own_system,confirmed
F00351,P00193,2025-03-01,140,5.59,25.0,own_system,confirmed
F00351,P00199,2025-03-01,253,16.59,15.2,own_system,confirmed
F00351,P00208,2025-03-01,101,6.34,15.9,own_system,confirmed
F00351,P00219,2025-03-01,21564,488.3,44.2,own_system,confirmed
F00351,P00262,2025-03-01,15817,538.95,29.3,own_system,confirmed
F00351,P00326,2025-03-01,2753,81.87,33.6,own_system,confirmed
F00351,P00348,2025-03-01,8264,102.2,80.9,own_system,confirmed
F00351,P00361,2025-03-01,7598,84.84,89.6,own_system,confirmed
F00351,P00390,2025-03-01,6177,80.94,76.3,own_system,confirmed
F00352,P00019,2025-03-01,223,18.05,12.4,own_system,confirmed
F00352,P00051,2025-03-01,1629,147.5,11.0,own_system,confirmed
F00352,P00054,2025-03-01,317,15.63,20.3,own_system,confirmed
F00352,P00057,2025-03-01,3086,123.31,25.0,own_system,confirmed
F00352,P00088,2025-03-01,265,8.93,29.7,own_system,confirmed
F00352,P00100,2025-03-01,727,21.32,34.1,own_system,confirmed
F00352,P00109,2025-03-01,1210,49.17,24.6,own_system,confirmed
F00352,P00111,2025-03-01,3209,80.98,39.6,own_system,confirmed
F00352,P00112,2025-03-01,8738,260.03,33.6,own_system,confirmed
F00352,P00114,2025-03-01,46,4.01,11.5,own_system,confirmed
F00352,P00134,2025-03-01,1019,33.13,30.8,own_system,confirmed
F00352,P00140,2025-03-01,10808,271.94,39.7,own_system,confirmed
F00352,P00157,2025-03-01,769,31.61,24.3,own_system,confirmed
F00352,P00169,2025-03-01,1400,43.02,32.5,own_system,confirmed
F00352,P00177,2025-03-01,252,5.86,43.0,own_system,confirmed
F00352,P00193,2025-03-01,165,4.19,39.4,own_system,confirmed
F00352,P00208,2025-03-01,2073,38.65,53.6,own_system,confirmed
F00352,P00219,2025-03-01,41467,1080.56,38.4,own_system,confirmed
F00352,P00262,2025-03-01,429429,5083.2,84.5,own_system,confirmed
F00352,P00326,2025-03-01,21222,498.74,42.6,own_system,confirmed
F00352,P00348,2025-03-01,6456,76.47,84.4,own_system,confirmed
F00352,P00361,2025-03-01,4898,131.03,37.4,own_system,confirmed
F00352,P00390,2025-03-01,3363,60.56,55.5,own_system,confirmed
F00352,P00428,2025-03-01,43271,507.53,85.3,own_system,confirmed
F00352,P00430,2025-03-01,164025,4160.44,39.4,own_system,confirmed
F00353,P00017,2025-03-01,3247,122.44,26.5,own_system,confirmed
F00353,P00041,2025-03-01,848,45.78,18.5,own_system,confirmed
F00353,P00051,2025-03-01,1099,65.96,16.7,own_system,confirmed
F00353,P00061,2025-03-01,740,33.23,22.3,own_system,confirmed
F00353,P00094,2025-03-01,909,56.95,16.0,own_system,confirmed
F00353,P00096,2025-03-01,880,29.57,29.8,own_system,confirmed
F00353,P00119,2025-03-01,127,8.31,15.3,own_system,confirmed
F00353,P00122,2025-03-01,767,24.49,31.3,own_system,confirmed
F00353,P00166,2025-03-01,2061,48.98,42.1,own_system,confirmed
F00353,P00168,2025-03-01,674,32.98,20.4,own_system,confirmed
F00353,P00169,2025-03-01,232,12.46,18.6,own_system,confirmed
F00353,P00193,2025-03-01,2388,56.95,41.9,own_system,confirmed
F00353,P00199,2025-03-01,512,26.16,19.6,own_system,confirmed
F00353,P00217,2025-03-01,49179,771.36,63.8,own_system,confirmed
F00353,P00219,2025-03-01,111065,1235.0,89.9,own_system,confirmed
F00353,P00241,2025-03-01,11038,385.84,28.6,own_system,confirmed
F00353,P00246,2025-03-01,16563,311.52,53.2,own_system,confirmed
F00353,P00262,2025-03-01,242605,2864.01,84.7,own_system,confirmed
F00354,P00051,2025-03-01,489,17.11,28.6,own_system,confirmed
F00354,P00061,2025-03-01,15,1.97,7.6,own_system,confirmed
F00354,P00096,2025-03-01,146,4.28,34.1,own_system,confirmed
F00354,P00119,2025-03-01,8,0.49,16.2,own_system,confirmed
F00354,P00168,2025-03-01,414,8.56,48.4,own_system,confirmed
F00354,P00169,2025-03-01,22,0.74,29.8,own_system,confirmed
F00354,P00219,2025-03-01,4587,128.34,35.7,own_system,confirmed
F00354,P00246,2025-03-01,979,18.48,53.0,own_system,confirmed
F00354,P00262,2025-03-01,5617,173.81,32.3,own_system,confirmed
F00355,P00051,2025-03-01,4362,260.32,16.8,own_system,confirmed
F00355,P00112,2025-03-01,1384,63.37,21.8,own_system,confirmed
F00355,P00115,2025-03-01,1114,28.64,38.9,own_system,confirmed
F00355,P00117,2025-03-01,5187,197.49,26.3,own_system,confirmed
F00355,P00139,2025-03-01,2141,46.47,46.1,own_system,confirmed
F00355,P00169,2025-03-01,6093,276.36,22.0,own_system,confirmed
F00355,P00219,2025-03-01,356969,3974.67,89.8,own_system,confirmed
F00355,P00226,2025-03-01,30233,551.32,54.8,own_system,confirmed
F00355,P00262,2025-03-01,102103,4041.08,25.3,own_system,confirmed
F00356,P00051,2025-03-01,964,45.88,21.0,own_system,confirmed
F00356,P00108,2025-03-01,4706,240.79,19.5,own_system,confirmed
F00356,P00112,2025-03-01,4589,243.86,18.8,own_system,confirmed
F00356,P00122,2025-03-01,385,19.75,19.5,own_system,confirmed
F00356,P00153,2025-03-01,8467,243.86,34.7,own_system,confirmed
F00356,P00169,2025-03-01,316,11.62,27.2,own_system,confirmed
F00356,P00193,2025-03-01,12517,251.25,49.8,own_system,confirmed
F00356,P00219,2025-03-01,230584,7088.96,32.5,own_system,confirmed
F00356,P00262,2025-03-01,239025,7984.61,29.9,own_system,confirmed
F00356,P00383,2025-03-01,3998,146.37,27.3,own_system,confirmed
F00357,P00129,2025-03-01,5237,234.74,22.3,own_system,confirmed
F00357,P00196,2025-03-01,4505,234.74,19.2,own_system,confirmed
F00357,P00219,2025-03-01,76598,3521.1,21.8,own_system,confirmed
F00357,P00262,2025-03-01,157285,3873.21,40.6,own_system,confirmed
F00358,P00067,2025-03-01,1816,61.49,29.5,own_system,confirmed
F00358,P00116,2025-03-01,329,31.88,10.3,own_system,confirmed
F00358,P00147,2025-03-01,244,14.42,16.9,own_system,confirmed
F00358,P00169,2025-03-01,682,16.7,40.8,own_system,confirmed
F00358,P00219,2025-03-01,7620,138.91,54.9,own_system,confirmed
F00358,P00262,2025-03-01,5015,183.7,27.3,own_system,confirmed
F00358,P00428,2025-03-01,11792,142.71,82.6,own_system,confirmed
F00359,P00019,2025-03-01,1686,74.91,22.5,own_system,confirmed
F00359,P00067,2025-03-01,1064,57.91,18.4,own_system,confirmed
F00359,P00112,2025-03-01,1399,53.16,26.3,own_system,confirmed
F00359,P00116,2025-03-01,1017,30.02,33.9,own_system,confirmed
F00359,P00147,2025-03-01,251,13.58,18.5,own_system,confirmed
F00359,P00169,2025-03-01,895,15.73,56.9,own_system,confirmed
F00359,P00199,2025-03-01,394,20.54,19.2,own_system,confirmed
F00359,P00200,2025-03-01,933,26.58,35.1,own_system,confirmed
F00359,P00219,2025-03-01,17332,464.29,37.3,own_system,confirmed
F00359,P00262,2025-03-01,32024,481.1,66.6,own_system,confirmed
F00359,P00371,2025-03-01,26464,335.88,78.8,own_system,confirmed
F00359,P00428,2025-03-01,8489,134.4,63.2,own_system,confirmed
F00360,P00079,2025-03-01,1539,126.67,12.2,own_system,confirmed
F00360,P00104,2025-03-01,2643,79.17,33.4,own_system,confirmed
F00360,P00175,2025-03-01,1816,31.67,57.3,own_system,confirmed
F00360,P00199,2025-03-01,603,28.15,21.4,own_system,confirmed
F00360,P00219,2025-03-01,14144,374.72,37.7,own_system,confirmed
F00360,P00262,2025-03-01,28715,503.14,57.1,own_system,confirmed
F00360,P00428,2025-03-01,35739,497.87,71.8,own_system,confirmed
F00361,P00006,2025-03-01,1191,120.07,9.9,own_system,confirmed
F00361,P00079,2025-03-01,6,0.76,7.8,own_system,confirmed
F00361,P00104,2025-03-01,13,0.48,27.2,own_system,confirmed
F00361,P00127,2025-03-01,1018,30.02,33.9,own_system,confirmed
F00361,P00138,2025-03-01,1662,60.03,27.7,own_system,confirmed
F00361,P00175,2025-03-01,8,0.19,41.9,own_system,confirmed
F00361,P00199,2025-03-01,9,0.17,53.0,own_system,confirmed
F00361,P00219,2025-03-01,17894,812.71,22.0,own_system,confirmed
F00361,P00262,2025-03-01,47825,1098.64,43.5,own_system,confirmed
F00361,P00428,2025-03-01,124,3.01,41.3,own_system,confirmed
F00363,P00085,2025-03-01,9306,293.64,31.7,own_system,confirmed
F00363,P00100,2025-03-01,6467,215.67,30.0,own_system,confirmed
F00363,P00142,2025-03-01,11222,215.67,52.0,own_system,confirmed
F00363,P00163,2025-03-01,11522,293.64,39.2,own_system,confirmed
F00363,P00219,2025-03-01,309884,8619.3,36.0,own_system,confirmed
F00363,P00262,2025-03-01,382445,7600.68,50.3,own_system,confirmed
F00364,P00106,2025-03-01,3640,166.33,21.9,own_system,confirmed
F00364,P00146,2025-03-01,7438,166.33,44.7,own_system,confirmed
F00364,P00219,2025-03-01,223713,2578.09,86.8,own_system,confirmed
F00364,P00262,2025-03-01,112523,2162.27,52.0,own_system,confirmed
F00365,P00039,2025-03-01,1197,55.16,21.7,own_system,confirmed
F00365,P00100,2025-03-01,376,24.5,15.3,own_system,confirmed
F00365,P00106,2025-03-01,2272,83.41,27.2,own_system,confirmed
F00365,P00122,2025-03-01,586,18.39,31.9,own_system,confirmed
F00365,P00142,2025-03-01,1204,24.5,49.1,own_system,confirmed
F00365,P00146,2025-03-01,4904,83.41,58.8,own_system,confirmed
F00365,P00200,2025-03-01,2185,36.77,59.4,own_system,confirmed
F00365,P00219,2025-03-01,134703,2401.89,56.1,own_system,confirmed
F00365,P00262,2025-03-01,155839,1942.12,80.2,own_system,confirmed
F00366,P00039,2025-03-01,776,32.39,24.0,own_system,confirmed
F00366,P00122,2025-03-01,278,10.8,25.7,own_system,confirmed
F00366,P00200,2025-03-01,332,21.6,15.4,own_system,confirmed
F00366,P00219,2025-03-01,35314,399.52,88.4,own_system,confirmed
F00366,P00262,2025-03-01,24584,280.75,87.6,own_system,confirmed
F00367,P00039,2025-03-01,3082,162.93,18.9,own_system,confirmed
F00367,P00051,2025-03-01,91,6.11,14.9,own_system,confirmed
F00367,P00100,2025-03-01,242,18.16,13.3,own_system,confirmed
F00367,P00106,2025-03-01,316,27.11,11.7,own_system,confirmed
F00367,P00112,2025-03-01,46,1.36,33.9,own_system,confirmed
F00367,P00148,2025-03-01,1780,54.22,32.8,own_system,confirmed
F00367,P00154,2025-03-01,1087,27.24,39.9,own_system,confirmed
F00367,P00163,2025-03-01,76,2.71,28.0,own_system,confirmed
F00367,P00219,2025-03-01,94406,1498.99,63.0,own_system,confirmed
F00367,P00262,2025-03-01,62494,854.75,73.1,own_system,confirmed
F00367,P00385,2025-03-01,49439,599.24,82.5,own_system,confirmed
F00368,P00039,2025-03-01,463,25.17,18.4,own_system,confirmed
F00368,P00051,2025-03-01,5228,376.03,13.9,own_system,confirmed
F00368,P00065,2025-03-01,741,84.55,8.8,own_system,confirmed
F00368,P00100,2025-03-01,3180,89.28,35.6,own_system,confirmed
F00368,P00112,2025-03-01,95,2.68,35.4,own_system,confirmed
F00368,P00122,2025-03-01,925,44.88,20.6,own_system,confirmed
F00368,P00127,2025-03-01,1712,105.56,16.2,own_system,confirmed
F00368,P00138,2025-03-01,2065,45.91,45.0,own_system,confirmed
F00368,P00142,2025-03-01,764,15.66,48.8,own_system,confirmed
F00368,P00148,2025-03-01,2433,51.55,47.2,own_system,confirmed
F00368,P00154,2025-03-01,217,12.58,17.2,own_system,confirmed
F00368,P00163,2025-03-01,318,5.36,59.3,own_system,confirmed
F00368,P00166,2025-03-01,1195,30.61,39.0,own_system,confirmed
F00368,P00193,2025-03-01,745,17.75,42.0,own_system,confirmed
F00368,P00199,2025-03-01,750,46.64,16.1,own_system,confirmed
F00368,P00219,2025-03-01,35032,1682.13,20.8,own_system,confirmed
F00368,P00262,2025-03-01,38444,1332.86,28.8,own_system,confirmed
F00368,P00270,2025-03-01,29535,623.52,47.4,own_system,confirmed
F00368,P00301,2025-03-01,50469,585.93,86.1,own_system,confirmed
F00368,P00330,2025-03-01,21407,301.67,71.0,own_system,confirmed
F00368,P00385,2025-03-01,24901,276.84,89.9,own_system,confirmed
F00368,P00414,2025-03-01,13335,197.28,67.6,own_system,confirmed
F00369,P00039,2025-03-01,1373,147.72,9.3,own_system,confirmed
F00369,P00051,2025-03-01,5138,223.67,23.0,own_system,confirmed
F00369,P00052,2025-03-01,2629,120.85,21.8,own_system,confirmed
F00369,P00065,2025-03-01,3197,116.76,27.4,own_system,confirmed
F00369,P00097,2025-03-01,864,32.83,26.3,own_system,confirmed
F00369,P00101,2025-03-01,3733,214.96,17.4,own_system,confirmed
F00369,P00106,2025-03-01,2146,67.09,32.0,own_system,confirmed
F00369,P00112,2025-03-01,985,30.21,32.6,own_system,confirmed
F00369,P00128,2025-03-01,1623,63.82,25.4,own_system,confirmed
F00369,P00142,2025-03-01,804,43.78,18.4,own_system,confirmed
F00369,P00162,2025-03-01,1449,43.88,33.0,own_system,confirmed
F00369,P00168,2025-03-01,1445,27.44,52.7,own_system,confirmed
F00369,P00169,2025-03-01,3067,109.67,28.0,own_system,confirmed
F00369,P00199,2025-03-01,2488,52.2,47.7,own_system,confirmed
F00369,P00201,2025-03-01,5516,214.96,25.7,own_system,confirmed
F00369,P00219,2025-03-01,276417,6426.87,43.0,own_system,confirmed
F00369,P00262,2025-03-01,251387,5766.65,43.6,own_system,confirmed
F00369,P00309,2025-03-01,15291,518.58,29.5,own_system,confirmed
F00369,P00370,2025-03-01,13167,295.35,44.6,own_system,confirmed
F00369,P00383,2025-03-01,52589,744.32,70.7,own_system,confirmed
F00369,P00429,2025-03-01,18603,386.83,48.1,own_system,confirmed
F00370,P00008,2025-03-01,2382,171.45,13.9,own_system,confirmed
F00370,P00100,2025-03-01,5422,174.78,31.0,own_system,confirmed
F00370,P00121,2025-03-01,2131,83.68,25.5,own_system,confirmed
F00370,P00126,2025-03-01,7285,315.72,23.1,own_system,confirmed
F00370,P00138,2025-03-01,15982,315.72,50.6,own_system,confirmed
F00370,P00166,2025-03-01,902,28.58,31.6,own_system,confirmed
F00370,P00169,2025-03-01,7939,203.36,39.0,own_system,confirmed
F00370,P00219,2025-03-01,193125,8689.82,22.2,own_system,confirmed
F00370,P00246,2025-03-01,26348,602.12,43.8,own_system,confirmed
F00370,P00262,2025-03-01,294577,8052.24,36.6,own_system,confirmed
F00371,P00051,2025-03-01,1292,47.19,27.4,own_system,confirmed
F00371,P00108,2025-03-01,100,9.44,10.6,own_system,confirmed
F00371,P00115,2025-03-01,8887,286.66,31.0,own_system,confirmed
F00371,P00142,2025-03-01,1151,23.6,48.8,own_system,confirmed
F00371,P00199,2025-03-01,8398,286.66,29.3,own_system,confirmed
F00371,P00219,2025-03-01,201550,5304.39,38.0,own_system,confirmed
F00371,P00262,2025-03-01,153880,4879.13,31.5,own_system,confirmed
F00372,P00051,2025-03-01,787,58.86,13.4,own_system,confirmed
F00372,P00108,2025-03-01,440,11.77,37.4,own_system,confirmed
F00372,P00142,2025-03-01,471,29.43,16.0,own_system,confirmed
F00372,P00219,2025-03-01,18660,359.05,52.0,own_system,confirmed
F00372,P00262,2025-03-01,14052,364.93,38.5,own_system,confirmed
F00373,P00009,2025-03-01,460,20.01,23.0,own_system,confirmed
F00373,P00100,2025-03-01,6146,307.04,20.0,own_system,confirmed
F00373,P00112,2025-03-01,167,8.19,20.4,own_system,confirmed
F00373,P00169,2025-03-01,64,3.87,16.6,own_system,confirmed
F00373,P00186,2025-03-01,17158,307.04,55.9,own_system,confirmed
F00373,P00192,2025-03-01,138,3.64,37.9,own_system,confirmed
F00373,P00219,2025-03-01,119224,4801.8,24.8,own_system,confirmed
F00373,P00262,2025-03-01,316817,4362.62,72.6,own_system,confirmed
F00373,P00409,2025-03-01,4496,60.26,74.6,own_system,confirmed
F00374,P00051,2025-03-01,1944,110.4,17.6,own_system,confirmed
F00374,P00052,2025-03-01,922,31.23,29.5,own_system,confirmed
F00374,P00089,2025-03-01,1099,65.49,16.8,own_system,confirmed
F00374,P00104,2025-03-01,376,10.64,35.3,own_system,confirmed
F00374,P00121,2025-03-01,3124,88.28,35.4,own_system,confirmed
F00374,P00124,2025-03-01,1447,56.43,25.6,own_system,confirmed
F00374,P00138,2025-03-01,3429,88.28,38.8,own_system,confirmed
F00374,P00154,2025-03-01,646,33.68,19.2,own_system,confirmed
F00374,P00165,2025-03-01,157,7.81,20.1,own_system,confirmed
F00374,P00186,2025-03-01,1314,39.3,33.4,own_system,confirmed
F00374,P00193,2025-03-01,319,5.68,56.2,own_system,confirmed
F00374,P00212,2025-03-01,1347,56.43,23.9,own_system,confirmed
F00374,P00214,2025-03-01,4950,92.97,53.2,own_system,confirmed
F00374,P00219,2025-03-01,62083,2534.28,24.5,own_system,confirmed
F00374,P00246,2025-03-01,22756,555.76,40.9,own_system,confirmed
F00374,P00262,2025-03-01,64936,1410.41,46.0,own_system,confirmed
F00374,P00275,2025-03-01,123452,1412.47,87.4,own_system,confirmed
F00375,P00052,2025-03-01,68,5.9,11.5,own_system,confirmed
F00375,P00058,2025-03-01,274,29.46,9.3,own_system,confirmed
F00375,P00093,2025-03-01,3572,307.57,11.6,own_system,confirmed
F00375,P00100,2025-03-01,445,17.36,25.6,own_system,confirmed
F00375,P00104,2025-03-01,51,2.01,25.3,own_system,confirmed
F00375,P00115,2025-03-01,2206,138.99,15.9,own_system,confirmed
F00375,P00124,2025-03-01,1584,90.9,17.4,own_system,confirmed
F00375,P00165,2025-03-01,42,1.48,28.5,own_system,confirmed
F00375,P00168,2025-03-01,106,7.36,14.4,own_system,confirmed
F00375,P00169,2025-03-01,15866,307.57,51.6,own_system,confirmed
F00375,P00177,2025-03-01,6886,138.99,49.5,own_system,confirmed
F00375,P00193,2025-03-01,318,11.07,28.7,own_system,confirmed
F00375,P00212,2025-03-01,3674,90.9,40.4,own_system,confirmed
F00375,P00214,2025-03-01,755,17.58,43.0,own_system,confirmed
F00375,P00216,2025-03-01,90830,4152.16,21.9,own_system,confirmed
F00375,P00219,2025-03-01,97833,1596.36,61.3,own_system,confirmed
F00375,P00262,2025-03-01,521922,7401.74,70.5,own_system,confirmed
F00375,P00357,2025-03-01,72333,1667.84,43.4,own_system,confirmed
F00375,P00392,2025-03-01,3804,103.1,36.9,own_system,confirmed
F00376,P00111,2025-03-01,3783,211.02,17.9,own_system,confirmed
F00376,P00122,2025-03-01,21,1.01,20.9,own_system,confirmed
F00376,P00169,2025-03-01,7529,212.03,35.5,own_system,confirmed
F00376,P00219,2025-03-01,270323,3710.96,72.8,own_system,confirmed
F00376,P00262,2025-03-01,96660,2848.76,33.9,own_system,confirmed
F00376,P00428,2025-03-01,1049,15.11,69.4,own_system,confirmed
F00377,P00122,2025-03-01,1081,27.77,38.9,own_system,confirmed
F00377,P00169,2025-03-01,619,27.77,22.3,own_system,confirmed
F00377,P00219,2025-03-01,27754,499.78,55.5,own_system,confirmed
F00377,P00428,2025-03-01,18862,416.48,45.3,own_system,confirmed
F00378,P00005,2025-03-01,2284,109.78,20.8,own_system,confirmed
F00378,P00051,2025-03-01,3686,135.23,27.3,own_system,confirmed
F00378,P00066,2025-03-01,1598,58.36,27.4,own_system,confirmed
F00378,P00095,2025-03-01,6000,257.59,23.3,own_system,confirmed
F00378,P00100,2025-03-01,2212,67.61,32.7,own_system,confirmed
F00378,P00105,2025-03-01,5636,222.41,25.3,own_system,confirmed
F00378,P00106,2025-03-01,9514,286.92,33.2,own_system,confirmed
F00378,P00114,2025-03-01,1146,31.36,36.5,own_system,confirmed
F00378,P00122,2025-03-01,1255,40.02,31.4,own_system,confirmed
F00378,P00123,2025-03-01,230,19.45,11.8,own_system,confirmed
F00378,P00130,2025-03-01,878,34.72,25.3,own_system,confirmed
F00378,P00132,2025-03-01,2007,40.02,50.2,own_system,confirmed
F00378,P00160,2025-03-01,4276,286.92,14.9,own_system,confirmed
F00378,P00169,2025-03-01,18755,495.85,37.8,own_system,confirmed
F00378,P00199,2025-03-01,3155,74.98,42.1,own_system,confirmed
F00378,P00201,2025-03-01,1512,29.24,51.7,own_system,confirmed
F00378,P00219,2025-03-01,671653,8784.01,76.5,own_system,confirmed
F00378,P00262,2025-03-01,342969,13651.79,25.1,own_system,confirmed
F00378,P00289,2025-03-01,34208,506.19,67.6,own_system,confirmed
F00378,P00428,2025-03-01,400011,5310.74,75.3,own_system,confirmed
F00380,P00054,2025-03-01,243,25.73,9.4,own_system,confirmed
F00380,P00122,2025-03-01,140,5.72,24.5,own_system,confirmed
F00380,P00202,2025-03-01,502,11.44,43.9,own_system,confirmed
F00380,P00262,2025-03-01,7291,165.83,44.0,own_system,confirmed
F00380,P00409,2025-03-01,9194,200.14,45.9,own_system,confirmed
F00381,P00039,2025-03-01,1483,158.33,9.4,own_system,confirmed
F00381,P00054,2025-03-01,1504,60.62,24.8,own_system,confirmed
F00381,P00084,2025-03-01,542,31.67,17.1,own_system,confirmed
F00381,P00122,2025-03-01,310,13.47,23.0,own_system,confirmed
F00381,P00159,2025-03-01,2391,63.33,37.8,own_system,confirmed
F00381,P00202,2025-03-01,485,26.94,18.0,own_system,confirmed
F00381,P00219,2025-03-01,46080,918.31,50.2,own_system,confirmed
F00381,P00262,2025-03-01,41111,1340.62,30.7,own_system,confirmed
F00381,P00409,2025-03-01,17104,471.47,36.3,own_system,confirmed
F00383,P00108,2025-03-01,796,38.48,20.7,own_system,confirmed
F00383,P00174,2025-03-01,1406,38.48,36.5,own_system,confirmed
F00383,P00219,2025-03-01,31029,615.72,50.4,own_system,confirmed
F00383,P00262,2025-03-01,14918,596.48,25.0,own_system,confirmed
F00384,P00034,2025-03-01,1895,125.83,15.1,own_system,confirmed
F00384,P00038,2025-03-01,458,57.98,7.9,own_system,confirmed
F00384,P00051,2025-03-01,2684,210.23,12.8,own_system,confirmed
F00384,P00108,2025-03-01,1389,110.67,12.6,own_system,confirmed
F00384,P00111,2025-03-01,1198,79.74,15.0,own_system,confirmed
F00384,P00117,2025-03-01,550,21.94,25.1,own_system,confirmed
F00384,P00118,2025-03-01,1190,31.46,37.8,own_system,confirmed
F00384,P00147,2025-03-01,378,16.45,23.0,own_system,confirmed
F00384,P00168,2025-03-01,522,10.97,47.6,own_system,confirmed
F00384,P00169,2025-03-01,658,41.08,16.0,own_system,confirmed
F00384,P00174,2025-03-01,3259,110.67,29.4,own_system,confirmed
F00384,P00182,2025-03-01,1255,38.66,32.5,own_system,confirmed
F00384,P00193,2025-03-01,896,47.19,19.0,own_system,confirmed
F00384,P00219,2025-03-01,125478,1943.17,64.6,own_system,confirmed
F00384,P00262,2025-03-01,100229,3319.17,30.2,own_system,confirmed
F00384,P00326,2025-03-01,70572,928.0,76.0,own_system,confirmed
F00384,P00351,2025-03-01,43625,710.43,61.4,own_system,confirmed
F00384,P00422,2025-03-01,64221,893.32,71.9,own_system,confirmed
F00385,P00051,2025-03-01,1208,112.09,10.8,own_system,confirmed
F00385,P00088,2025-03-01,128,6.56,19.5,own_system,confirmed
F00385,P00089,2025-03-01,1658,53.19,31.2,own_system,confirmed
F00385,P00166,2025-03-01,229,6.56,34.9,own_system,confirmed
F00385,P00169,2025-03-01,1719,39.9,43.1,own_system,confirmed
F00385,P00199,2025-03-01,1066,32.3,33.0,own_system,confirmed
F00385,P00219,2025-03-01,35159,524.34,67.1,own_system,confirmed
F00385,P00262,2025-03-01,28742,442.82,64.9,own_system,confirmed
F00385,P00409,2025-03-01,19392,473.38,41.0,own_system,confirmed
F00386,P00088,2025-03-01,822,22.56,36.4,own_system,confirmed
F00386,P00166,2025-03-01,1076,22.56,47.7,own_system,confirmed
F00386,P00262,2025-03-01,8106,327.18,24.8,own_system,confirmed
F00386,P00409,2025-03-01,9195,406.15,22.6,own_system,confirmed
F00388,P00051,2025-03-01,742,31.61,23.5,own_system,confirmed
F00388,P00088,2025-03-01,330,11.38,29.0,own_system,confirmed
F00388,P00089,2025-03-01,566,15.0,37.7,own_system,confirmed
F00388,P00166,2025-03-01,513,11.38,45.1,own_system,confirmed
F00388,P00169,2025-03-01,265,11.25,23.6,own_system,confirmed
F00388,P00199,2025-03-01,145,9.11,15.9,own_system,confirmed
F00388,P00219,2025-03-01,8469,147.89,57.3,own_system,confirmed
F00388,P00262,2025-03-01,14403,263.11,54.7,own_system,confirmed
F00388,P00409,2025-03-01,26122,305.1,85.6,own_system,confirmed
F00389,P00039,2025-03-01,1359,58.36,23.3,own_system,confirmed
F00389,P00051,2025-03-01,2385,86.09,27.7,own_system,confirmed
F00389,P00100,2025-03-01,3457,105.74,32.7,own_system,confirmed
F00389,P00106,2025-03-01,1029,34.52,29.8,own_system,confirmed
F00389,P00108,2025-03-01,662,24.6,26.9,own_system,confirmed
F00389,P00122,2025-03-01,4069,148.48,27.4,own_system,confirmed
F00389,P00146,2025-03-01,3949,105.74,37.3,own_system,confirmed
F00389,P00159,2025-03-01,692,13.15,52.6,own_system,confirmed
F00389,P00166,2025-03-01,1220,49.19,24.8,own_system,confirmed
F00389,P00181,2025-03-01,738,13.15,56.1,own_system,confirmed
F00389,P00193,2025-03-01,5900,148.48,39.7,own_system,confirmed
F00389,P00219,2025-03-01,193783,3828.18,50.6,own_system,confirmed
F00389,P00262,2025-03-01,72581,2087.35,34.8,own_system,confirmed
F00389,P00418,2025-03-01,28535,725.62,39.3,own_system,confirmed
F00389,P00428,2025-03-01,170633,2802.27,60.9,own_system,confirmed
F00390,P00050,2025-03-01,1133,108.01,10.5,own_system,confirmed
F00390,P00061,2025-03-01,334,47.23,7.1,own_system,confirmed
F00390,P00109,2025-03-01,187,10.5,17.8,own_system,confirmed
F00390,P00122,2025-03-01,1130,59.07,19.1,own_system,confirmed
F00390,P00166,2025-03-01,1203,20.99,57.3,own_system,confirmed
F00390,P00169,2025-03-01,1307,32.07,40.8,own_system,confirmed
F00390,P00199,2025-03-01,937,28.69,32.7,own_system,confirmed
F00390,P00219,2025-03-01,66002,743.18,88.8,own_system,confirmed
F00390,P00262,2025-03-01,33540,733.63,45.7,own_system,confirmed
F00390,P00428,2025-03-01,37471,430.36,87.1,own_system,confirmed
F00391,P00061,2025-03-01,2687,93.76,28.7,own_system,confirmed
F00391,P00109,2025-03-01,640,20.84,30.7,own_system,confirmed
F00391,P00166,2025-03-01,1590,41.67,38.2,own_system,confirmed
F00391,P00219,2025-03-01,46841,604.23,77.5,own_system,confirmed
F00391,P00262,2025-03-01,23117,541.72,42.7,own_system,confirmed
F00394,P00051,2025-03-01,4024,260.29,15.5,own_system,confirmed
F00394,P00074,2025-03-01,249,21.15,11.8,own_system,confirmed
F00394,P00106,2025-03-01,300,17.0,17.6,own_system,confirmed
F00394,P00111,2025-03-01,919,65.2,14.1,own_system,confirmed
F00394,P00115,2025-03-01,1024,28.83,35.5,own_system,confirmed
F00394,P00116,2025-03-01,112,11.12,10.1,own_system,confirmed
F00394,P00122,2025-03-01,194,8.55,22.7,own_system,confirmed
F00394,P00138,2025-03-01,415,13.49,30.8,own_system,confirmed
F00394,P00154,2025-03-01,544,17.08,31.8,own_system,confirmed
F00394,P00166,2025-03-01,587,11.12,52.8,own_system,confirmed
F00394,P00168,2025-03-01,2407,46.5,51.8,own_system,confirmed
F00394,P00169,2025-03-01,212,4.75,44.6,own_system,confirmed
F00394,P00190,2025-03-01,480,10.5,45.7,own_system,confirmed
F00394,P00199,2025-03-01,1608,31.55,51.0,own_system,confirmed
F00394,P00219,2025-03-01,50514,1075.84,47.0,own_system,confirmed
F00394,P00246,2025-03-01,16452,319.23,51.5,own_system,confirmed
F00394,P00248,2025-03-01,4953,133.4,37.1,own_system,confirmed
F00394,P00254,2025-03-01,3410,93.01,36.7,own_system,confirmed
F00394,P00262,2025-03-01,76533,895.93,85.4,own_system,confirmed
F00394,P00409,2025-03-01,40517,553.16,73.2,own_system,confirmed
F00394,P00428,2025-03-01,2298,44.43,51.7,own_system,confirmed
F00395,P00051,2025-03-01,208,26.31,7.9,own_system,confirmed
F00395,P00074,2025-03-01,629,26.12,24.1,own_system,confirmed
F00395,P00115,2025-03-01,471,12.25,38.5,own_system,confirmed
F00395,P00116,2025-03-01,3082,81.52,37.8,own_system,confirmed
F00395,P00122,2025-03-01,332,10.57,31.4,own_system,confirmed
F00395,P00138,2025-03-01,270,6.16,43.8,own_system,confirmed
F00395,P00154,2025-03-01,142,7.26,19.6,own_system,confirmed
F00395,P00166,2025-03-01,1462,81.52,17.9,own_system,confirmed
F00395,P00168,2025-03-01,166,6.35,26.1,own_system,confirmed
F00395,P00169,2025-03-01,234,5.87,39.9,own_system,confirmed
F00395,P00219,2025-03-01,122495,1459.58,83.9,own_system,confirmed
F00395,P00246,2025-03-01,10983,135.63,81.0,own_system,confirmed
F00395,P00248,2025-03-01,40523,978.23,41.4,own_system,confirmed
F00395,P00262,2025-03-01,8828,193.44,45.6,own_system,confirmed
F00395,P00428,2025-03-01,2290,54.88,41.7,own_system,confirmed
F00396,P00041,2025-03-01,1688,87.93,19.2,own_system,confirmed
F00396,P00051,2025-03-01,4071,158.97,25.6,own_system,confirmed
F00396,P00074,2025-03-01,25,1.01,24.7,own_system,confirmed
F00396,P00096,2025-03-01,1703,46.55,36.6,own_system,confirmed
F00396,P00106,2025-03-01,1351,52.68,25.6,own_system,confirmed
F00396,P00111,2025-03-01,519,17.44,29.8,own_system,confirmed
F00396,P00115,2025-03-01,479,12.41,38.6,own_system,confirmed
F00396,P00122,2025-03-01,12,0.41,29.3,own_system,confirmed
F00396,P00138,2025-03-01,576,26.58,21.7,own_system,confirmed
F00396,P00146,2025-03-01,751,25.86,29.0,own_system,confirmed
F00396,P00154,2025-03-01,129,7.35,17.5,own_system,confirmed
F00396,P00164,2025-03-01,543,28.45,19.1,own_system,confirmed
F00396,P00168,2025-03-01,545,14.87,36.6,own_system,confirmed
F00396,P00169,2025-03-01,11,0.23,48.3,own_system,confirmed
F00396,P00190,2025-03-01,738,32.53,22.7,own_system,confirmed
F00396,P00199,2025-03-01,242,8.44,28.7,own_system,confirmed
F00396,P00219,2025-03-01,25728,590.66,43.6,own_system,confirmed
F00396,P00239,2025-03-01,25478,323.29,78.8,own_system,confirmed
F00396,P00246,2025-03-01,4518,137.41,32.9,own_system,confirmed
F00396,P00254,2025-03-01,6450,288.17,22.4,own_system,confirmed
F00396,P00262,2025-03-01,52320,821.74,63.7,own_system,confirmed
F00396,P00409,2025-03-01,8414,147.93,56.9,own_system,confirmed
F00396,P00428,2025-03-01,6727,333.18,20.2,own_system,confirmed
F00397,P00002,2025-03-01,3016,122.67,24.6,own_system,confirmed
F00397,P00019,2025-03-01,770,45.99,16.7,own_system,confirmed
F00397,P00117,2025-03-01,811,30.67,26.4,own_system,confirmed
F00397,P00124,2025-03-01,396,13.14,30.1,own_system,confirmed
F00397,P00146,2025-03-01,753,46.0,16.4,own_system,confirmed
F00397,P00169,2025-03-01,432,19.71,21.9,own_system,confirmed
F00397,P00219,2025-03-01,23077,440.23,52.4,own_system,confirmed
F00397,P00262,2025-03-01,39926,1246.39,32.0,own_system,confirmed
F00397,P00415,2025-03-01,28932,1027.39,28.2,own_system,confirmed
F00399,P00019,2025-03-01,938,64.84,14.5,own_system,confirmed
F00399,P00124,2025-03-01,422,18.52,22.8,own_system,confirmed
F00399,P00169,2025-03-01,1475,27.79,53.1,own_system,confirmed
F00399,P00219,2025-03-01,38255,620.57,61.6,own_system,confirmed
F00399,P00262,2025-03-01,40967,481.64,85.1,own_system,confirmed
F00400,P00051,2025-03-01,4832,275.88,17.5,own_system,confirmed
F00400,P00084,2025-03-01,317,13.13,24.1,own_system,confirmed
F00400,P00100,2025-03-01,2667,137.88,19.3,own_system,confirmed
F00400,P00118,2025-03-01,2508,201.53,12.4,own_system,confirmed
F00400,P00127,2025-03-01,456,30.05,15.2,own_system,confirmed
F00400,P00129,2025-03-01,334,27.72,12.0,own_system,confirmed
F00400,P00143,2025-03-01,2090,45.07,46.4,own_system,confirmed
F00400,P00145,2025-03-01,6057,201.53,30.1,own_system,confirmed
F00400,P00169,2025-03-01,2435,157.58,15.5,own_system,confirmed
F00400,P00210,2025-03-01,3368,69.3,48.6,own_system,confirmed
F00400,P00219,2025-03-01,91266,2411.97,37.8,own_system,confirmed
F00400,P00262,2025-03-01,396988,4809.27,82.5,own_system,confirmed
F00400,P00272,2025-03-01,64547,831.62,77.6,own_system,confirmed
F00400,P00325,2025-03-01,112262,2720.64,41.3,own_system,confirmed
F00400,P00348,2025-03-01,80522,2206.07,36.5,own_system,confirmed
F00400,P00428,2025-03-01,33508,374.33,89.5,own_system,confirmed
F00401,P00106,2025-03-01,252,7.29,34.6,own_system,confirmed
F00401,P00206,2025-03-01,413,7.29,56.6,own_system,confirmed
F00401,P00219,2025-03-01,1854,87.5,21.2,own_system,confirmed
F00401,P00361,2025-03-01,7445,120.32,61.9,own_system,confirmed
F00402,P00016,2025-03-01,200,15.24,13.1,own_system,confirmed
F00402,P00093,2025-03-01,206,9.68,21.3,own_system,confirmed
F00402,P00106,2025-03-01,895,70.28,12.7,own_system,confirmed
F00402,P00192,2025-03-01,176,3.63,48.5,own_system,confirmed
F00402,P00199,2025-03-01,148,3.87,38.2,own_system,confirmed
F00402,P00206,2025-03-01,3544,70.28,50.4,own_system,confirmed
F00402,P00219,2025-03-01,25216,895.64,28.2,own_system,confirmed
F00402,P00262,2025-03-01,4737,52.75,89.8,own_system,confirmed
F00402,P00361,2025-03-01,51486,1159.63,44.4,own_system,confirmed
F00402,P00428,2025-03-01,5553,64.12,86.6,own_system,confirmed
F00403,P00016,2025-03-01,3238,143.55,22.6,own_system,confirmed
F00403,P00093,2025-03-01,1209,91.14,13.3,own_system,confirmed
F00403,P00192,2025-03-01,1708,34.18,50.0,own_system,confirmed
F00403,P00199,2025-03-01,1451,36.46,39.8,own_system,confirmed
F00403,P00219,2025-03-01,16345,492.17,33.2,own_system,confirmed
F00403,P00262,2025-03-01,16445,496.73,33.1,own_system,confirmed
F00403,P00428,2025-03-01,52364,603.82,86.7,own_system,confirmed
F00404,P00051,2025-03-01,246,8.22,29.9,own_system,confirmed
F00404,P00115,2025-03-01,2264,82.99,27.3,own_system,confirmed
F00404,P00125,2025-03-01,32,2.05,15.6,own_system,confirmed
F00404,P00138,2025-03-01,122,4.11,29.7,own_system,confirmed
F00404,P00146,2025-03-01,1971,82.99,23.7,own_system,confirmed
F00404,P00219,2025-03-01,90180,1442.31,62.5,own_system,confirmed
F00404,P00262,2025-03-01,49185,1024.26,48.0,own_system,confirmed
F00405,P00105,2025-03-01,873,40.88,21.4,own_system,confirmed
F00405,P00115,2025-03-01,2309,67.82,34.0,own_system,confirmed
F00405,P00136,2025-03-01,2384,40.88,58.3,own_system,confirmed
F00405,P00146,2025-03-01,1564,67.82,23.1,own_system,confirmed
F00405,P00219,2025-03-01,86904,1773.19,49.0,own_system,confirmed
F00405,P00262,2025-03-01,73129,1270.55,57.6,own_system,confirmed
F00406,P00051,2025-03-01,1496,118.18,12.7,own_system,confirmed
F00406,P00115,2025-03-01,1594,72.28,22.1,own_system,confirmed
F00406,P00125,2025-03-01,345,29.55,11.7,own_system,confirmed
F00406,P00138,2025-03-01,939,59.09,15.9,own_system,confirmed
F00406,P00146,2025-03-01,3627,72.28,50.2,own_system,confirmed
F00406,P00219,2025-03-01,98039,2241.58,43.7,own_system,confirmed
F00406,P00262,2025-03-01,127627,1835.84,69.5,own_system,confirmed
F00407,P00039,2025-03-01,62,7.01,8.8,own_system,confirmed
F00407,P00051,2025-03-01,3202,142.77,22.4,own_system,confirmed
F00407,P00067,2025-03-01,623,28.27,22.0,own_system,confirmed
F00407,P00084,2025-03-01,575,16.59,34.7,own_system,confirmed
F00407,P00090,2025-03-01,101,6.28,16.1,own_system,confirmed
F00407,P00100,2025-03-01,4992,188.12,26.5,own_system,confirmed
F00407,P00118,2025-03-01,74,2.0,36.9,own_system,confirmed
F00407,P00160,2025-03-01,707,29.31,24.1,own_system,confirmed
F00407,P00168,2025-03-01,310,15.71,19.7,own_system,confirmed
F00407,P00169,2025-03-01,150,5.01,30.0,own_system,confirmed
F00407,P00192,2025-03-01,1807,30.94,58.4,own_system,confirmed
F00407,P00193,2025-03-01,143,6.73,21.3,own_system,confirmed
F00407,P00194,2025-03-01,2587,132.76,19.5,own_system,confirmed
F00407,P00203,2025-03-01,403,6.73,59.9,own_system,confirmed
F00407,P00219,2025-03-01,109303,2300.1,47.5,own_system,confirmed
F00407,P00262,2025-03-01,68388,2246.1,30.4,own_system,confirmed
F00407,P00274,2025-03-01,6096,103.14,59.1,own_system,confirmed
F00407,P00368,2025-03-01,10072,480.32,21.0,own_system,confirmed
F00408,P00039,2025-03-01,655,38.99,16.8,own_system,confirmed
F00408,P00118,2025-03-01,124,11.14,11.1,own_system,confirmed
F00408,P00169,2025-03-01,1114,27.85,40.0,own_system,confirmed
F00408,P00219,2025-03-01,24851,389.92,63.7,own_system,confirmed
F00408,P00262,2025-03-01,7218,356.49,20.2,own_system,confirmed
F00409,P00039,2025-03-01,224,11.94,18.8,own_system,confirmed
F00409,P00051,2025-03-01,768,26.72,28.7,own_system,confirmed
F00409,P00056,2025-03-01,955,59.09,16.2,own_system,confirmed
F00409,P00084,2025-03-01,232,6.01,38.6,own_system,confirmed
F00409,P00100,2025-03-01,263,6.77,38.8,own_system,confirmed
F00409,P00118,2025-03-01,349,20.29,17.2,own_system,confirmed
F00409,P00160,2025-03-01,1857,45.79,40.6,own_system,confirmed
F00409,P00169,2025-03-01,445,8.53,52.2,own_system,confirmed
F00409,P00192,2025-03-01,176,3.78,46.5,own_system,confirmed
F00409,P00193,2025-03-01,119,2.44,48.8,own_system,confirmed
F00409,P00203,2025-03-01,63,2.44,25.8,own_system,confirmed
F00409,P00219,2025-03-01,52541,623.45,84.3,own_system,confirmed
F00409,P00262,2025-03-01,26250,719.27,36.5,own_system,confirmed
F00409,P00274,2025-03-01,2435,37.38,65.1,own_system,confirmed
F00409,P00368,2025-03-01,4814,58.76,81.9,own_system,confirmed
F00410,P00065,2025-03-01,1586,103.87,15.3,own_system,confirmed
F00410,P00067,2025-03-01,1397,70.93,19.7,own_system,confirmed
F00410,P00090,2025-03-01,484,15.76,30.7,own_system,confirmed
F00410,P00115,2025-03-01,983,25.97,37.9,own_system,confirmed
F00410,P00168,2025-03-01,1364,39.4,34.6,own_system,confirmed
F00410,P00193,2025-03-01,2168,51.93,41.7,own_system,confirmed
F00410,P00219,2025-03-01,39212,1310.31,29.9,own_system,confirmed
F00410,P00262,2025-03-01,36129,1470.7,24.6,own_system,confirmed
F00411,P00051,2025-03-01,703,93.82,7.5,own_system,confirmed
F00411,P00114,2025-03-01,449,18.49,24.3,own_system,confirmed
F00411,P00126,2025-03-01,916,34.73,26.4,own_system,confirmed
F00411,P00163,2025-03-01,252,14.03,18.0,own_system,confirmed
F00411,P00169,2025-03-01,563,25.21,22.3,own_system,confirmed
F00411,P00171,2025-03-01,424,16.15,26.2,own_system,confirmed
F00411,P00219,2025-03-01,15552,188.76,82.4,own_system,confirmed
F00411,P00238,2025-03-01,4614,171.23,26.9,own_system,confirmed
F00411,P00262,2025-03-01,19918,366.96,54.3,own_system,confirmed
F00411,P00406,2025-03-01,14888,197.88,75.2,own_system,confirmed
F00411,P00422,2025-03-01,14551,179.83,80.9,own_system,confirmed
F00412,P00002,2025-03-01,858,37.4,22.9,own_system,confirmed
F00412,P00051,2025-03-01,1491,113.77,13.1,own_system,confirmed
F00412,P00112,2025-03-01,102,7.48,13.6,own_system,confirmed
F00412,P00114,2025-03-01,285,19.33,14.7,own_system,confirmed
F00412,P00126,2025-03-01,1531,46.24,33.1,own_system,confirmed
F00412,P00139,2025-03-01,517,18.7,27.6,own_system,confirmed
F00412,P00163,2025-03-01,433,14.66,29.5,own_system,confirmed
F00412,P00169,2025-03-01,668,30.28,22.1,own_system,confirmed
F00412,P00171,2025-03-01,731,21.51,34.0,own_system,confirmed
F00412,P00219,2025-03-01,19607,451.59,43.4,own_system,confirmed
F00412,P00238,2025-03-01,10257,227.98,45.0,own_system,confirmed
F00412,P00262,2025-03-01,14552,650.63,22.4,own_system,confirmed
F00412,P00406,2025-03-01,13800,263.46,52.4,own_system,confirmed
F00412,P00422,2025-03-01,5230,187.92,27.8,own_system,confirmed
F00413,P00051,2025-03-01,1762,91.21,19.3,own_system,confirmed
F00413,P00093,2025-03-01,1892,62.9,30.1,own_system,confirmed
F00413,P00169,2025-03-01,923,23.59,39.1,own_system,confirmed
F00413,P00199,2025-03-01,685,33.02,20.7,own_system,confirmed
F00413,P00219,2025-03-01,22744,360.13,63.2,own_system,confirmed
F00413,P00262,2025-03-01,22530,460.77,48.9,own_system,confirmed
F00413,P00374,2025-03-01,14416,319.24,45.2,own_system,confirmed
F00414,P00002,2025-03-01,412,39.56,10.4,own_system,confirmed
F00414,P00051,2025-03-01,944,31.61,29.9,own_system,confirmed
F00414,P00112,2025-03-01,172,7.91,21.7,own_system,confirmed
F00414,P00126,2025-03-01,474,19.99,23.7,own_system,confirmed
F00414,P00139,2025-03-01,363,19.78,18.4,own_system,confirmed
F00414,P00169,2025-03-01,356,7.9,45.0,own_system,confirmed
F00414,P00171,2025-03-01,251,9.3,27.0,own_system,confirmed
F00414,P00219,2025-03-01,19316,268.99,71.8,own_system,confirmed
F00414,P00238,2025-03-01,2434,98.56,24.7,own_system,confirmed
F00414,P00262,2025-03-01,14199,348.19,40.8,own_system,confirmed
F00414,P00406,2025-03-01,8223,113.9,72.2,own_system,confirmed
F00415,P00052,2025-03-01,3110,193.07,16.1,own_system,confirmed
F00415,P00094,2025-03-01,783,71.01,11.0,own_system,confirmed
F00415,P00100,2025-03-01,3288,97.61,33.7,own_system,confirmed
F00415,P00166,2025-03-01,5702,97.61,58.4,own_system,confirmed
F00415,P00169,2025-03-01,1182,37.73,31.3,own_system,confirmed
F00415,P00199,2025-03-01,1512,35.51,42.6,own_system,confirmed
F00415,P00219,2025-03-01,81389,1766.04,46.1,own_system,confirmed
F00415,P00262,2025-03-01,116333,1976.81,58.8,own_system,confirmed
F00415,P00418,2025-03-01,31664,441.62,71.7,own_system,confirmed
