product_id,market_id,revenue_usd
E00001,M1,614683200
E00001,M2,614683200
E00001,M4,307341600
E00002,M1,1485640100
E00002,M3,318351450
E00002,M2,318351450
E00003,M2,480669600
E00003,M1,320446400
E00004,M1,1942894799
E00004,M3,416334600
E00004,M2,416334600
E00005,M1,452895200
E00005,M2,452895200
E00005,M4,226447600
E00006,M2,300329400
E00006,M1,200219600
E00007,M1,381779200
E00007,M2,381779200
E00007,M4,190889600
E00008,M1,703164000
E00008,M2,703164000
E00008,M4,351582000
E00009,M2,241675200
E00009,M1,161116800
E00010,M1,1241269400
E00010,M3,265986300
E00010,M2,265986300
E00011,M2,1077657600
E00011,M1,718438400
E00012,M1,1243650800
E00012,M3,266496600
E00012,M2,266496600
E00013,M1,132028800
E00013,M2,132028800
E00013,M4,66014400
E00014,M1,274066800
E00014,M2,274066800
E00014,M4,137033400
E00015,M1,1171728600
E00015,M3,251084700
E00015,M2,251084700
E00016,M1,227594400
E00016,M2,227594400
E00016,M4,113797200
E00017,M1,482856000
E00017,M2,482856000
E00017,M4,241428000
E00018,M2,205052400
E00018,M1,136701600
E00019,M1,1787977100
E00019,M3,383137950
E00019,M2,383137950
E00020,M2,695520000
E00020,M1,463680000
E00021,M2,769996800
E00021,M1,513331200
E00022,M1,1377761000
E00022,M3,295234500
E00022,M2,295234500
E00023,M1,660540000
E00023,M2,660540000
E00023,M4,330270000
E00024,M1,1919523899
E00024,M3,411326550
E00024,M2,411326550
E00025,M2,605736000
E00025,M1,403824000
E00026,M1,590297600
E00026,M2,590297600
E00026,M4,295148800
E00027,M2,379072800
E00027,M1,252715200
E00028,M2,300168000
E00028,M1,200112000
E00029,M1,507105200
E00029,M2,507105200
E00029,M4,253552600
E00030,M1,1018928000
E00030,M2,1018928000
E00030,M4,509464000
E00031,M2,1020880800
E00031,M1,680587200
E00032,M1,898081100
E00032,M3,192445950
E00032,M2,192445950
E00033,M1,227240000
E00033,M2,227240000
E00033,M4,113620000
E00034,M1,653654000
E00034,M2,653654000
E00034,M4,326827000
E00035,M1,1056798399
E00035,M3,226456800
E00035,M2,226456800
E00036,M2,633475200
E00036,M1,422316800
E00037,M1,685248000
E00037,M2,685248000
E00037,M4,342624000
E00038,M1,510892800
E00038,M2,510892800
E00038,M4,255446400
E00039,M2,224598000
E00039,M1,149732000
E00040,M2,241718400
E00040,M1,161145600
E00041,M2,447997200
E00041,M1,298664800
E00042,M1,1275822800
E00042,M3,273390600
E00042,M2,273390600
E00043,M2,324357600
E00043,M1,216238400
E00044,M1,545875200
E00044,M2,545875200
E00044,M4,272937600
E00045,M1,713027200
E00045,M2,713027200
E00045,M4,356513600
E00046,M2,512702400
E00046,M1,341801600
E00047,M2,309897000
E00047,M1,206598000
E00048,M1,759094000
E00048,M3,162663000
E00048,M2,162663000
E00049,M2,276750000
E00049,M1,184500000
E00050,M2,376888200
E00050,M1,251258800
E00051,M1,786664200
E00051,M3,168570900
E00051,M2,168570900
E00052,M1,462898400
E00052,M2,462898400
E00052,M4,231449200
E00053,M2,834390000
E00053,M1,556260000
E00054,M1,996717200
E00054,M2,996717200
E00054,M4,498358600
E00055,M1,978314400
E00055,M2,978314400
E00055,M4,489157200
E00056,M1,106579200
E00056,M2,106579200
E00056,M4,53289600
E00057,M1,1689823800
E00057,M3,362105100
E00057,M2,362105100
E00058,M1,580934200
E00058,M3,124485900
E00058,M2,124485900
E00059,M2,313203000
E00059,M1,208802000
E00060,M1,910982800
E00060,M3,195210600
E00060,M2,195210600
E00061,M1,174250000
E00061,M2,174250000
E00061,M4,87125000
E00062,M1,235578400
E00062,M2,235578400
E00062,M4,117789200
E00063,M1,1693393800
E00063,M3,362870100
E00063,M2,362870100
E00064,M1,797269600
E00064,M2,797269600
E00064,M4,398634800
E00065,M1,613980000
E00065,M2,613980000
E00065,M4,306990000
E00066,M1,434434000
E00066,M2,434434000
E00066,M4,217217000
E00067,M1,258887200
E00067,M2,258887200
E00067,M4,129443600
E00068,M2,62358000
E00068,M1,41572000
E00069,M1,1655799600
E00069,M3,354814200
E00069,M2,354814200
E00070,M1,627240000
E00070,M2,627240000
E00070,M4,313620000
E00071,M2,670381200
E00071,M1,446920800
E00072,M1,499811199
E00072,M3,107102400
E00072,M2,107102400
E00073,M2,632808000
E00073,M1,421872000
E00074,M2,854476800
E00074,M1,569651200
E00075,M1,1122741900
E00075,M3,240587550
E00075,M2,240587550
E00076,M1,1035649999
E00076,M3,221925000
E00076,M2,221925000
E00077,M2,771120000
E00077,M1,514080000
E00078,M1,1273847400
E00078,M3,272967300
E00078,M2,272967300
E00079,M1,545608800
E00079,M2,545608800
E00079,M4,272804400
E00080,M1,873464000
E00080,M2,873464000
E00080,M4,436732000
E00081,M2,675221400
E00081,M1,450147600
E00082,M2,957138000
E00082,M1,638092000
E00083,M2,420777600
E00083,M1,280518400
E00084,M1,107307200
E00084,M2,107307200
E00084,M4,53653600
E00085,M1,922488000
E00085,M2,922488000
E00085,M4,461244000
E00086,M1,1647027200
E00086,M3,352934400
E00086,M2,352934400
E00087,M1,463132800
E00087,M2,463132800
E00087,M4,231566400
E00088,M1,2172395400
E00088,M3,465513300
E00088,M2,465513300
E00089,M1,912647400
E00089,M3,195567300
E00089,M2,195567300
E00090,M1,990314400
E00090,M2,990314400
E00090,M4,495157200
E00091,M1,1179028800
E00091,M2,1179028800
E00091,M4,589514400
E00092,M1,1007868400
E00092,M2,1007868400
E00092,M4,503934200
E00093,M1,995689799
E00093,M3,213362100
E00093,M2,213362100
E00094,M1,2016487199
E00094,M3,432104400
E00094,M2,432104400
E00095,M2,564926400
E00095,M1,376617600
E00096,M2,483991200
E00096,M1,322660800
E00097,M1,1938936999
E00097,M3,415486500
E00097,M2,415486500
E00098,M2,306220800
E00098,M1,204147200
E00099,M2,659169000
E00099,M1,439446000
E00100,M1,362325600
E00100,M2,362325600
E00100,M4,181162800
E00101,M2,638787600
E00101,M1,425858400
E00102,M1,207591300
E00102,M3,44483850
E00102,M2,44483850
E00103,M1,1534222900
E00103,M3,328762050
E00103,M2,328762050
E00104,M2,371040600
E00104,M1,247360400
E00105,M2,328664400
E00105,M1,219109600
E00106,M2,182628000
E00106,M1,121752000
E00107,M1,226919000
E00107,M3,48625500
E00107,M2,48625500
E00108,M1,279283200
E00108,M3,59846400
E00108,M2,59846400
E00109,M2,505179000
E00109,M1,336786000
E00110,M2,94518000
E00110,M1,63012000
E00111,M2,716304600
E00111,M1,477536400
E00112,M2,170890200
E00112,M1,113926800
E00113,M1,397287800
E00113,M3,85133100
E00113,M2,85133100
E00114,M1,654825600
E00114,M2,654825600
E00114,M4,327412800
E00115,M1,1518825700
E00115,M3,325462650
E00115,M2,325462650
E00116,M2,789768000
E00116,M1,526512000
E00117,M2,876722400
E00117,M1,584481600
E00118,M2,1225270800
E00118,M1,816847200
E00119,M1,506240400
E00119,M2,506240400
E00119,M4,253120200
E00120,M1,368410400
E00120,M2,368410400
E00120,M4,184205200
E00121,M1,2239927200
E00121,M3,479984400
E00121,M2,479984400
E00122,M1,1033380000
E00122,M2,1033380000
E00122,M4,516690000
E00123,M1,419218800
E00123,M3,89832600
E00123,M2,89832600
E00124,M2,424647600
E00124,M1,283098400
E00125,M1,2263305100
E00125,M3,484993950
E00125,M2,484993950
E00126,M2,155253000
E00126,M1,103502000
E00127,M1,697200000
E00127,M3,149400000
E00127,M2,149400000
E00128,M2,219997200
E00128,M1,146664800
E00129,M2,422728800
E00129,M1,281819200
E00130,M1,786472800
E00130,M2,786472800
E00130,M4,393236400
E00131,M1,482599200
E00131,M2,482599200
E00131,M4,241299600
E00132,M1,1006851999
E00132,M3,215754000
E00132,M2,215754000
E00133,M1,1536519600
E00133,M3,329254200
E00133,M2,329254200
E00134,M1,1571297700
E00134,M3,336706650
E00134,M2,336706650
E00135,M1,370339200
E00135,M3,79358400
E00135,M2,79358400
E00136,M1,2022143199
E00136,M3,433316400
E00136,M2,433316400
E00137,M2,284020800
E00137,M1,189347200
E00138,M1,725888800
E00138,M3,155547600
E00138,M2,155547600
E00139,M1,888803600
E00139,M2,888803600
E00139,M4,444401800
E00140,M1,1017104000
E00140,M2,1017104000
E00140,M4,508552000
E00141,M1,429542400
E00141,M2,429542400
E00141,M4,214771200
E00142,M2,166075800
E00142,M1,110717200
E00143,M1,1074864000
E00143,M2,1074864000
E00143,M4,537432000
E00144,M2,750291600
E00144,M1,500194400
E00145,M1,584820400
E00145,M2,584820400
E00145,M4,292410200
E00146,M2,322779600
E00146,M1,215186400
E00147,M1,1550752000
E00147,M3,332304000
E00147,M2,332304000
E00148,M2,684028800
E00148,M1,456019200
E00149,M2,76102200
E00149,M1,50734800
E00150,M1,966549200
E00150,M2,966549200
E00150,M4,483274600
E00151,M1,320424000
E00151,M2,320424000
E00151,M4,160212000
E00152,M1,348019200
E00152,M2,348019200
E00152,M4,174009600
E00153,M1,358851600
E00153,M2,358851600
E00153,M4,179425800
E00154,M1,667251200
E00154,M2,667251200
E00154,M4,333625600
E00155,M1,569140600
E00155,M3,121958700
E00155,M2,121958700
E00156,M1,1278372200
E00156,M3,273936900
E00156,M2,273936900
E00157,M2,377972400
E00157,M1,251981600
E00158,M1,2198633500
E00158,M3,471135750
E00158,M2,471135750
E00159,M1,1544921000
E00159,M3,331054500
E00159,M2,331054500
E00160,M1,540451600
E00160,M2,540451600
E00160,M4,270225800
E00161,M1,1060242399
E00161,M3,227194800
E00161,M2,227194800
E00162,M2,384782400
E00162,M1,256521600
E00163,M1,1187298000
E00163,M3,254421000
E00163,M2,254421000
