vendor_company_id,licensee_company_id,license_type,annual_fee_usd
C00102,C00161,eda_tools,8500000
C00103,C00161,eda_tools,2000000
C00105,C00161,eda_tools,7500000
C00102,C00162,eda_tools,1500000
C00102,C00163,eda_tools,11500000
C00109,C00163,core_ip,500000
C00110,C00163,core_ip,2750000
C00101,C00164,eda_tools,1250000
C00107,C00164,core_ip,14750000
C00108,C00165,core_ip,9500000
C00107,C00166,core_ip,10000000
C00110,C00166,core_ip,4500000
C00105,C00167,eda_tools,4500000
C00106,C00167,eda_tools,4250000
C00107,C00167,core_ip,14500000
C00101,C00168,eda_tools,4750000
C00103,C00168,eda_tools,14000000
C00107,C00168,core_ip,2250000
C00104,C00169,eda_tools,3750000
C00105,C00169,eda_tools,250000
C00109,C00169,core_ip,3750000
C00102,C00170,eda_tools,15000000
C00106,C00171,eda_tools,2250000
C00109,C00171,core_ip,11500000
C00101,C00172,eda_tools,6000000
C00103,C00173,eda_tools,7750000
C00104,C00174,eda_tools,2500000
C00106,C00174,eda_tools,5750000
C00110,C00175,core_ip,9750000
C00101,C00176,eda_tools,9000000
C00105,C00176,eda_tools,14500000
C00107,C00176,core_ip,11250000
C00104,C00177,eda_tools,8250000
C00107,C00177,core_ip,3750000
C00110,C00177,core_ip,8000000
C00105,C00178,eda_tools,1250000
C00106,C00178,eda_tools,2750000
C00108,C00178,core_ip,11000000
C00101,C00179,eda_tools,10750000
C00105,C00179,eda_tools,8500000
C00105,C00180,eda_tools,6500000
C00102,C00181,eda_tools,9750000
C00105,C00181,eda_tools,8750000
C00108,C00181,core_ip,13500000
C00101,C00182,eda_tools,4500000
C00106,C00182,eda_tools,11500000
C00104,C00183,eda_tools,4000000
C00104,C00184,eda_tools,10750000
C00107,C00184,core_ip,4000000
C00109,C00184,core_ip,8250000
C00101,C00185,eda_tools,11000000
C00107,C00185,core_ip,8000000
C00110,C00185,core_ip,4750000
C00101,C00186,eda_tools,13250000
C00103,C00186,eda_tools,5250000
C00105,C00186,eda_tools,6250000
C00107,C00187,core_ip,13500000
C00108,C00187,core_ip,9750000
C00106,C00188,eda_tools,8000000
C00108,C00188,core_ip,3500000
C00110,C00188,core_ip,5750000
C00102,C00189,eda_tools,2000000
C00105,C00189,eda_tools,4500000
C00106,C00189,eda_tools,1000000
C00109,C00190,core_ip,4250000
C00103,C00191,eda_tools,11750000
C00107,C00191,core_ip,5250000
C00109,C00191,core_ip,10000000
C00106,C00192,eda_tools,15000000
C00110,C00192,core_ip,13250000
C00109,C00193,core_ip,5250000
C00102,C00194,eda_tools,10750000
C00108,C00195,core_ip,3250000
C00109,C00195,core_ip,1750000
C00101,C00196,eda_tools,10500000
C00103,C00196,eda_tools,6250000
C00104,C00196,eda_tools,13750000
C00105,C00197,eda_tools,1250000
C00110,C00197,core_ip,750000
C00102,C00198,eda_tools,11250000
C00104,C00198,eda_tools,1750000
C00108,C00199,core_ip,7250000
C00106,C00200,eda_tools,5500000
C00107,C00201,core_ip,10500000
C00103,C00202,eda_tools,9500000
C00101,C00203,eda_tools,15000000
C00106,C00203,eda_tools,250000
C00108,C00203,core_ip,5750000
C00103,C00204,eda_tools,14000000
C00108,C00204,core_ip,6250000
C00102,C00205,eda_tools,500000
C00109,C00205,core_ip,7750000
C00108,C00206,core_ip,7750000
C00109,C00207,core_ip,7750000
C00110,C00207,core_ip,11750000
C00105,C00208,eda_tools,8500000
C00101,C00209,eda_tools,6250000
C00103,C00209,eda_tools,2250000
C00108,C00209,core_ip,5250000
C00102,C00210,eda_tools,12250000
C00103,C00210,eda_tools,14500000
C00107,C00210,core_ip,7750000
C00105,C00211,eda_tools,3750000
C00107,C00211,core_ip,5750000
C00103,C00212,eda_tools,1500000
C00110,C00212,core_ip,12000000
C00104,C00213,eda_tools,13000000
C00101,C00214,eda_tools,500000
C00104,C00214,eda_tools,10500000
C00110,C00214,core_ip,11750000
C00106,C00215,eda_tools,3500000
C00108,C00215,core_ip,9500000
C00110,C00215,core_ip,2500000
C00105,C00216,eda_tools,9000000
C00108,C00217,core_ip,10000000
C00103,C00218,eda_tools,9500000
C00106,C00218,eda_tools,11000000
C00110,C00218,core_ip,9500000
C00101,C00219,eda_tools,6500000
C00107,C00219,core_ip,15000000
C00110,C00219,core_ip,13750000
C00101,C00220,eda_tools,4500000
C00109,C00220,core_ip,12000000
C00103,C00221,eda_tools,4750000
C00104,C00221,eda_tools,14250000
C00101,C00222,eda_tools,2250000
C00102,C00222,eda_tools,2250000
C00104,C00223,eda_tools,14000000
C00110,C00223,core_ip,1250000
C00106,C00224,eda_tools,6250000
C00108,C00224,core_ip,5500000
C00110,C00224,core_ip,6000000
C00106,C00225,eda_tools,6500000
C00102,C00226,eda_tools,7750000
C00104,C00227,eda_tools,1000000
C00106,C00228,eda_tools,10750000
C00107,C00228,core_ip,4750000
C00101,C00229,eda_tools,2500000
C00107,C00229,core_ip,5000000
C00101,C00230,eda_tools,7750000
C00105,C00231,eda_tools,3500000
C00102,C00232,eda_tools,14500000
C00105,C00232,eda_tools,4750000
C00110,C00232,core_ip,750000
C00105,C00233,eda_tools,14000000
C00106,C00233,eda_tools,8250000
C00110,C00233,core_ip,12000000
C00107,C00234,core_ip,1250000
C00101,C00235,eda_tools,6250000
C00107,C00235,core_ip,3750000
C00108,C00236,core_ip,14500000
C00110,C00236,core_ip,3250000
C00102,C00237,eda_tools,14750000
C00108,C00238,core_ip,6250000
C00101,C00239,eda_tools,6000000
C00107,C00239,core_ip,5500000
C00109,C00239,core_ip,13250000
C00101,C00240,eda_tools,3500000
C00105,C00240,eda_tools,13500000
C00108,C00240,core_ip,13750000
C00107,C00241,core_ip,10250000
C00101,C00242,eda_tools,4500000
C00103,C00242,eda_tools,9500000
C00109,C00242,core_ip,7250000
C00101,C00243,eda_tools,7000000
C00105,C00243,eda_tools,13250000
C00106,C00243,eda_tools,9250000
C00108,C00244,core_ip,14000000
C00101,C00245,eda_tools,6500000
C00102,C00245,eda_tools,14750000
C00109,C00245,core_ip,1500000
C00106,C00246,eda_tools,13250000
C00107,C00246,core_ip,9500000
C00109,C00246,core_ip,10750000
C00101,C00247,eda_tools,2750000
C00108,C00247,core_ip,12500000
C00107,C00248,core_ip,1500000
C00103,C00249,eda_tools,11250000
C00104,C00249,eda_tools,250000
C00108,C00249,core_ip,12500000
C00102,C00250,eda_tools,12000000
C00105,C00250,eda_tools,8000000
C00103,C00251,eda_tools,11000000
C00106,C00252,eda_tools,7500000
C00107,C00252,core_ip,250000
C00108,C00252,core_ip,8750000
C00110,C00253,core_ip,12750000
C00101,C00254,eda_tools,13000000
C00106,C00254,eda_tools,8000000
C00101,C00255,eda_tools,9250000
C00104,C00255,eda_tools,2000000
C00109,C00255,core_ip,5250000
C00101,C00256,eda_tools,4750000
C00102,C00256,eda_tools,13250000
C00109,C00256,core_ip,13000000
C00109,C00257,core_ip,7250000
C00104,C00258,eda_tools,7000000
C00101,C00259,eda_tools,1000000
C00109,C00259,core_ip,250000
C00108,C00260,core_ip,5250000
