part_id,product_id,units_per_product
P00046,E00001,7
P00122,E00001,2
P00155,E00001,5
P00219,E00001,50
P00262,E00001,47
P00054,E00002,70
P00119,E00002,45
P00164,E00002,14
P00167,E00002,20
P00219,E00002,229
P00262,E00002,293
P00422,E00002,199
P00115,E00003,2
P00171,E00003,2
P00262,E00003,33
P00370,E00003,23
P00039,E00004,64
P00112,E00004,34
P00166,E00004,18
P00169,E00004,21
P00219,E00004,221
P00262,E00004,203
P00422,E00004,260
P00051,E00005,9
P00123,E00005,2
P00169,E00005,5
P00264,E00005,60
P00428,E00005,71
P00105,E00006,2
P00201,E00006,2
P00219,E00006,27
P00225,E00006,23
P00074,E00007,9
P00112,E00007,2
P00193,E00007,5
P00219,E00007,75
P00269,E00007,62
P00051,E00008,9
P00087,E00008,2
P00138,E00008,4
P00219,E00008,46
P00262,E00008,69
P00124,E00009,2
P00169,E00009,2
P00262,E00009,37
P00330,E00009,37
P00006,E00010,64
P00088,E00010,36
P00141,E00010,21
P00169,E00010,14
P00219,E00010,221
P00262,E00010,210
P00302,E00010,234
P00128,E00011,2
P00148,E00011,2
P00219,E00011,23
P00392,E00011,32
P00052,E00012,72
P00100,E00012,29
P00138,E00012,22
P00169,E00012,20
P00219,E00012,300
P00262,E00012,208
P00428,E00012,200
P00005,E00013,9
P00112,E00013,2
P00191,E00013,4
P00219,E00013,57
P00262,E00013,71
P00051,E00014,8
P00126,E00014,2
P00199,E00014,5
P00219,E00014,74
P00326,E00014,59
P00074,E00015,83
P00085,E00015,42
P00193,E00015,18
P00199,E00015,16
P00219,E00015,250
P00262,E00015,247
P00306,E00015,239
P00039,E00016,6
P00120,E00016,2
P00169,E00016,4
P00219,E00016,56
P00262,E00016,69
P00007,E00017,7
P00097,E00017,2
P00133,E00017,5
P00219,E00017,61
P00428,E00017,51
P00106,E00018,2
P00213,E00018,2
P00262,E00018,37
P00428,E00018,34
P00006,E00019,63
P00084,E00019,27
P00169,E00019,17
P00183,E00019,19
P00219,E00019,196
P00262,E00019,278
P00417,E00019,242
P00106,E00020,2
P00190,E00020,2
P00219,E00020,35
P00262,E00020,27
P00118,E00021,2
P00132,E00021,2
P00219,E00021,35
P00262,E00021,36
P00052,E00022,79
P00122,E00022,39
P00146,E00022,17
P00169,E00022,18
P00219,E00022,246
P00236,E00022,208
P00262,E00022,203
P00028,E00023,8
P00107,E00023,2
P00212,E00023,3
P00262,E00023,67
P00335,E00023,64
P00051,E00024,73
P00100,E00024,36
P00157,E00024,16
P00208,E00024,22
P00216,E00024,294
P00262,E00024,208
P00428,E00024,263
P00129,E00025,2
P00188,E00025,2
P00262,E00025,27
P00276,E00025,31
P00039,E00026,9
P00090,E00026,2
P00169,E00026,5
P00262,E00026,65
P00428,E00026,53
P00092,E00027,2
P00140,E00027,2
P00219,E00027,33
P00262,E00027,29
P00121,E00028,2
P00169,E00028,2
P00219,E00028,24
P00428,E00028,37
P00045,E00029,7
P00093,E00029,2
P00204,E00029,4
P00236,E00029,71
P00262,E00029,64
P00072,E00030,9
P00123,E00030,2
P00193,E00030,5
P00219,E00030,71
P00262,E00030,57
P00127,E00031,2
P00138,E00031,2
P00219,E00031,37
P00262,E00031,23
P00051,E00032,76
P00106,E00032,32
P00146,E00032,16
P00195,E00032,22
P00219,E00032,187
P00328,E00032,255
P00418,E00032,274
P00040,E00033,8
P00126,E00033,2
P00193,E00033,3
P00219,E00033,58
P00361,E00033,72
P00061,E00034,10
P00091,E00034,2
P00199,E00034,3
P00219,E00034,49
P00262,E00034,49
P00047,E00035,82
P00100,E00035,29
P00146,E00035,17
P00199,E00035,20
P00262,E00035,198
P00392,E00035,207
P00428,E00035,257
P00089,E00036,2
P00145,E00036,2
P00219,E00036,25
P00262,E00036,27
P00039,E00037,7
P00110,E00037,2
P00159,E00037,5
P00262,E00037,59
P00345,E00037,62
P00051,E00038,7
P00126,E00038,2
P00169,E00038,3
P00219,E00038,64
P00262,E00038,50
P00122,E00039,2
P00186,E00039,2
P00219,E00039,28
P00262,E00039,36
P00117,E00040,2
P00163,E00040,2
P00219,E00040,28
P00372,E00040,37
P00112,E00041,2
P00191,E00041,2
P00219,E00041,34
P00262,E00041,28
P00006,E00042,59
P00100,E00042,41
P00146,E00042,15
P00159,E00042,15
P00219,E00042,297
P00239,E00042,269
P00262,E00042,276
P00117,E00043,2
P00168,E00043,2
P00219,E00043,23
P00262,E00043,37
P00051,E00044,7
P00118,E00044,2
P00169,E00044,4
P00243,E00044,73
P00262,E00044,52
P00019,E00045,10
P00127,E00045,2
P00166,E00045,4
P00219,E00045,48
P00246,E00045,45
P00093,E00046,2
P00166,E00046,2
P00262,E00046,24
P00326,E00046,27
P00112,E00047,2
P00171,E00047,2
P00219,E00047,37
P00262,E00047,23
P00051,E00048,76
P00100,E00048,33
P00169,E00048,18
P00193,E00048,18
P00216,E00048,291
P00219,E00048,254
P00262,E00048,238
P00112,E00049,2
P00169,E00049,2
P00219,E00049,31
P00262,E00049,26
P00095,E00050,2
P00201,E00050,2
P00262,E00050,34
P00326,E00050,30
P00026,E00051,72
P00122,E00051,39
P00169,E00051,19
P00190,E00051,17
P00219,E00051,257
P00262,E00051,240
P00392,E00051,231
P00058,E00052,7
P00100,E00052,2
P00199,E00052,5
P00219,E00052,56
P00262,E00052,62
P00100,E00053,2
P00190,E00053,2
P00219,E00053,28
P00262,E00053,32
P00074,E00054,8
P00111,E00054,2
P00169,E00054,3
P00262,E00054,49
P00428,E00054,54
P00051,E00055,9
P00110,E00055,2
P00201,E00055,4
P00219,E00055,49
P00383,E00055,58
P00026,E00056,8
P00088,E00056,2
P00193,E00056,4
P00219,E00056,54
P00262,E00056,54
P00057,E00057,67
P00111,E00057,44
P00134,E00057,18
P00208,E00057,21
P00219,E00057,267
P00262,E00057,300
P00326,E00057,271
P00054,E00058,56
P00088,E00058,32
P00177,E00058,21
P00193,E00058,15
P00262,E00058,243
P00348,E00058,274
P00390,E00058,217
P00112,E00059,2
P00140,E00059,2
P00262,E00059,29
P00430,E00059,32
P00051,E00060,56
P00100,E00060,34
P00140,E00060,19
P00169,E00060,17
P00219,E00060,192
P00262,E00060,211
P00361,E00060,209
P00019,E00061,9
P00114,E00061,2
P00169,E00061,3
P00219,E00061,49
P00262,E00061,65
P00061,E00062,10
P00112,E00062,2
P00199,E00062,4
P00219,E00062,70
P00262,E00062,53
P00051,E00063,64
P00109,E00063,28
P00157,E00063,18
P00169,E00063,15
P00219,E00063,211
P00262,E00063,245
P00428,E00063,289
P00017,E00064,10
P00122,E00064,2
P00166,E00064,4
P00217,E00064,63
P00262,E00064,62
P00051,E00065,8
P00096,E00065,2
P00168,E00065,4
P00219,E00065,60
P00262,E00065,74
P00041,E00066,7
P00096,E00066,2
P00199,E00066,4
P00241,E00066,59
P00262,E00066,71
P00061,E00067,8
P00119,E00067,2
P00169,E00067,3
P00246,E00067,75
P00262,E00067,63
P00094,E00068,2
P00193,E00068,2
P00219,E00068,26
P00262,E00068,27
P00051,E00069,69
P00112,E00069,30
P00139,E00069,22
P00169,E00069,17
P00219,E00069,212
P00226,E00069,261
P00262,E00069,257
P00051,E00070,8
P00115,E00070,2
P00169,E00070,3
P00219,E00070,67
P00262,E00070,65
P00117,E00071,2
P00169,E00071,2
P00219,E00071,26
P00262,E00071,26
P00051,E00072,79
P00122,E00072,34
P00169,E00072,20
P00193,E00072,18
P00219,E00072,300
P00262,E00072,189
P00383,E00072,252
P00108,E00073,2
P00193,E00073,2
P00219,E00073,23
P00262,E00073,33
P00112,E00074,2
P00153,E00074,2
P00219,E00074,34
P00262,E00074,32
P00019,E00075,62
P00112,E00075,44
P00199,E00075,17
P00200,E00075,22
P00219,E00075,276
P00262,E00075,255
P00371,E00075,278
P00067,E00076,81
P00116,E00076,42
P00147,E00076,19
P00169,E00076,22
P00219,E00076,183
P00262,E00076,242
P00428,E00076,188
P00129,E00077,2
P00196,E00077,2
P00219,E00077,30
P00262,E00077,33
P00079,E00078,72
P00104,E00078,45
P00175,E00078,18
P00199,E00078,16
P00219,E00078,213
P00262,E00078,286
P00428,E00078,283
P00006,E00079,8
P00127,E00079,2
P00138,E00079,4
P00219,E00079,54
P00262,E00079,73
P00039,E00080,6
P00122,E00080,2
P00200,E00080,4
P00219,E00080,74
P00262,E00080,52
P00085,E00081,2
P00163,E00081,2
P00219,E00081,33
P00262,E00081,29
P00106,E00082,2
P00146,E00082,2
P00219,E00082,31
P00262,E00082,26
P00100,E00083,2
P00142,E00083,2
P00219,E00083,35
P00262,E00083,31
P00051,E00084,9
P00112,E00084,2
P00163,E00084,4
P00219,E00084,54
P00262,E00084,61
P00039,E00085,6
P00100,E00085,2
P00154,E00085,3
P00219,E00085,67
P00385,E00085,66
P00051,E00086,69
P00127,E00086,43
P00148,E00086,21
P00199,E00086,19
P00219,E00086,291
P00262,E00086,247
P00270,E00086,254
P00039,E00087,8
P00106,E00087,2
P00148,E00087,4
P00219,E00087,63
P00262,E00087,60
P00051,E00088,89
P00100,E00088,37
P00138,E00088,21
P00166,E00088,14
P00219,E00088,281
P00262,E00088,187
P00301,E00088,268
P00065,E00089,81
P00122,E00089,43
P00142,E00089,15
P00193,E00089,17
P00262,E00089,226
P00330,E00089,289
P00414,E00089,189
P00052,E00090,8
P00112,E00090,2
P00169,E00090,4
P00219,E00090,56
P00262,E00090,45
P00039,E00091,9
P00097,E00091,2
P00169,E00091,3
P00219,E00091,48
P00262,E00091,46
P00065,E00092,8
P00106,E00092,2
P00142,E00092,3
P00219,E00092,56
P00383,E00092,51
P00051,E00093,75
P00106,E00093,29
P00168,E00093,21
P00199,E00093,14
P00262,E00093,187
P00370,E00093,226
P00429,E00093,296
P00051,E00094,63
P00128,E00094,32
P00162,E00094,22
P00199,E00094,17
P00219,E00094,215
P00262,E00094,271
P00309,E00094,260
P00101,E00095,2
P00201,E00095,2
P00219,E00095,33
P00262,E00095,33
P00126,E00096,2
P00138,E00096,2
P00219,E00096,32
P00262,E00096,33
P00008,E00097,84
P00121,E00097,41
P00166,E00097,14
P00169,E00097,14
P00219,E00097,284
P00246,E00097,295
P00262,E00097,194
P00100,E00098,2
P00169,E00098,2
P00219,E00098,35
P00262,E00098,28
P00115,E00099,2
P00199,E00099,2
P00219,E00099,35
P00262,E00099,32
P00051,E00100,10
P00108,E00100,2
P00142,E00100,5
P00219,E00100,61
P00262,E00100,62
P00100,E00101,2
P00186,E00101,2
P00219,E00101,31
P00262,E00101,28
P00009,E00102,88
P00112,E00102,36
P00169,E00102,17
P00192,E00102,16
P00219,E00102,188
P00262,E00102,282
P00409,E00102,265
P00051,E00103,59
P00089,E00103,35
P00154,E00103,18
P00186,E00103,21
P00219,E00103,198
P00246,E00103,297
P00262,E00103,190
P00124,E00104,2
P00212,E00104,2
P00219,E00104,32
P00262,E00104,35
P00121,E00105,2
P00138,E00105,2
P00219,E00105,27
P00275,E00105,32
P00115,E00106,2
P00177,E00106,2
P00262,E00106,24
P00357,E00106,24
P00052,E00107,88
P00104,E00107,30
P00165,E00107,22
P00193,E00107,16
P00214,E00107,262
P00219,E00107,195
P00262,E00107,190
P00058,E00108,56
P00100,E00108,33
P00168,E00108,14
P00193,E00108,19
P00219,E00108,245
P00262,E00108,251
P00392,E00108,196
P00093,E00109,2
P00169,E00109,2
P00216,E00109,27
P00262,E00109,26
P00122,E00110,2
P00169,E00110,2
P00219,E00110,36
P00428,E00110,30
P00111,E00111,2
P00169,E00111,2
P00219,E00111,35
P00262,E00111,27
P00122,E00112,2
P00132,E00112,2
P00219,E00112,23
P00262,E00112,33
P00066,E00113,81
P00123,E00113,27
P00169,E00113,22
P00199,E00113,17
P00219,E00113,210
P00262,E00113,243
P00428,E00113,203
P00005,E00114,7
P00114,E00114,2
P00199,E00114,4
P00219,E00114,54
P00262,E00114,66
P00051,E00115,74
P00100,E00115,37
P00130,E00115,19
P00201,E00115,16
P00219,E00115,261
P00262,E00115,181
P00289,E00115,277
P00095,E00116,2
P00169,E00116,2
P00219,E00116,29
P00262,E00116,28
P00105,E00117,2
P00169,E00117,2
P00219,E00117,28
P00262,E00117,37
P00106,E00118,2
P00160,E00118,2
P00262,E00118,26
P00428,E00118,36
P00039,E00119,10
P00084,E00119,2
P00159,E00119,4
P00219,E00119,58
P00262,E00119,60
P00054,E00120,9
P00122,E00120,2
P00202,E00120,4
P00262,E00120,58
P00409,E00120,70
P00051,E00121,87
P00111,E00121,33
P00169,E00121,17
P00182,E00121,16
P00262,E00121,237
P00351,E00121,294
P00422,E00121,275
P00034,E00122,8
P00118,E00122,2
P00193,E00122,3
P00262,E00122,52
P00326,E00122,59
P00038,E00123,74
P00117,E00123,28
P00147,E00123,21
P00168,E00123,14
P00219,E00123,220
P00262,E00123,272
P00422,E00123,292
P00108,E00124,2
P00174,E00124,2
P00219,E00124,32
P00262,E00124,31
P00051,E00125,59
P00089,E00125,28
P00169,E00125,21
P00199,E00125,17
P00219,E00125,276
P00262,E00125,183
P00409,E00125,187
P00088,E00126,2
P00166,E00126,2
P00262,E00126,29
P00409,E00126,36
P00039,E00127,71
P00106,E00127,42
P00159,E00127,16
P00181,E00127,16
P00219,E00127,211
P00262,E00127,282
P00428,E00127,248
P00100,E00128,2
P00146,E00128,2
P00219,E00128,27
P00262,E00128,23
P00122,E00129,2
P00193,E00129,2
P00219,E00129,30
P00428,E00129,35
P00051,E00130,7
P00108,E00130,2
P00166,E00130,4
P00262,E00130,52
P00418,E00130,59
P00061,E00131,9
P00109,E00131,2
P00166,E00131,4
P00219,E00131,58
P00262,E00131,52
P00050,E00132,64
P00122,E00132,35
P00169,E00132,19
P00199,E00132,17
P00219,E00132,260
P00262,E00132,273
P00428,E00132,255
P00051,E00133,58
P00115,E00133,27
P00154,E00133,16
P00168,E00133,14
P00219,E00133,240
P00246,E00133,299
P00262,E00133,277
P00051,E00134,81
P00111,E00134,31
P00168,E00134,15
P00199,E00134,15
P00219,E00134,220
P00262,E00134,211
P00409,E00134,263
P00074,E00135,89
P00122,E00135,36
P00138,E00135,21
P00169,E00135,20
P00219,E00135,297
P00262,E00135,231
P00428,E00135,187
P00051,E00136,56
P00106,E00136,34
P00138,E00136,17
P00190,E00136,21
P00219,E00136,228
P00254,E00136,186
P00262,E00136,203
P00116,E00137,2
P00166,E00137,2
P00219,E00137,31
P00248,E00137,24
P00041,E00138,68
P00096,E00138,36
P00146,E00138,20
P00164,E00138,22
P00239,E00138,250
P00262,E00138,200
P00428,E00138,256
P00002,E00139,8
P00117,E00139,2
P00146,E00139,3
P00262,E00139,59
P00415,E00139,67
P00019,E00140,7
P00124,E00140,2
P00169,E00140,3
P00219,E00140,67
P00262,E00140,52
P00051,E00141,7
P00084,E00141,2
P00169,E00141,3
P00262,E00141,67
P00428,E00141,57
P00100,E00142,2
P00169,E00142,2
P00219,E00142,23
P00348,E00142,32
P00051,E00143,7
P00127,E00143,2
P00143,E00143,3
P00219,E00143,55
P00262,E00143,74
P00118,E00144,2
P00145,E00144,2
P00262,E00144,26
P00325,E00144,27
P00051,E00145,9
P00129,E00145,2
P00210,E00145,5
P00262,E00145,46
P00272,E00145,60
P00106,E00146,2
P00206,E00146,2
P00219,E00146,24
P00361,E00146,33
P00016,E00147,63
P00093,E00147,40
P00192,E00147,15
P00199,E00147,16
P00219,E00147,216
P00262,E00147,218
P00428,E00147,265
P00115,E00148,2
P00146,E00148,2
P00219,E00148,33
P00262,E00148,23
P00105,E00149,2
P00136,E00149,2
P00219,E00149,32
P00262,E00149,24
P00051,E00150,8
P00125,E00150,2
P00138,E00150,4
P00219,E00150,71
P00262,E00150,68
P00056,E00151,7
P00118,E00151,2
P00160,E00151,5
P00219,E00151,49
P00262,E00151,63
P00039,E00152,7
P00118,E00152,2
P00169,E00152,5
P00219,E00152,70
P00262,E00152,64
P00067,E00153,9
P00090,E00153,2
P00168,E00153,5
P00219,E00153,46
P00262,E00153,68
P00065,E00154,8
P00115,E00154,2
P00193,E00154,4
P00219,E00154,73
P00262,E00154,72
P00051,E00155,86
P00084,E00155,37
P00193,E00155,15
P00203,E00155,15
P00219,E00155,281
P00262,E00155,226
P00274,E00155,230
P00051,E00156,64
P00100,E00156,34
P00160,E00156,18
P00192,E00156,19
P00219,E00156,225
P00262,E00156,209
P00368,E00156,295
P00100,E00157,2
P00194,E00157,2
P00219,E00157,24
P00262,E00157,23
P00051,E00158,68
P00126,E00158,43
P00169,E00158,17
P00171,E00158,20
P00238,E00158,212
P00262,E00158,298
P00406,E00158,245
P00051,E00159,58
P00093,E00159,40
P00169,E00159,15
P00199,E00159,21
P00219,E00159,229
P00262,E00159,293
P00374,E00159,203
P00002,E00160,10
P00112,E00160,2
P00139,E00160,5
P00219,E00160,68
P00262,E00160,53
P00051,E00161,61
P00114,E00161,29
P00163,E00161,22
P00169,E00161,18
P00219,E00161,296
P00262,E00161,198
P00422,E00161,282
P00100,E00162,2
P00166,E00162,2
P00219,E00162,26
P00262,E00162,29
P00052,E00163,87
P00094,E00163,32
P00169,E00163,17
P00199,E00163,16
P00219,E00163,224
P00262,E00163,253
P00418,E00163,199
