facility_id,product_id,share_of_product_volume_pct,lead_time_weeks,inventory_weeks_on_hand
F00303,E00001,55.6,4,1
F00304,E00001,44.4,3,1
F00303,E00002,100.0,3,3
F00303,E00003,100.0,3,4
F00303,E00004,51.3,2,1
F00304,E00004,48.7,6,6
F00303,E00005,58.9,3,4
F00304,E00005,41.1,3,4
F00303,E00006,43.1,5,2
F00304,E00006,56.9,5,6
F00305,E00007,100.0,5,6
F00305,E00008,100.0,4,5
F00305,E00009,100.0,3,4
F00305,E00010,100.0,4,2
F00305,E00011,100.0,3,1
F00305,E00012,100.0,4,6
F00305,E00013,100.0,2,5
F00309,E00014,100.0,3,4
F00306,E00015,100.0,6,3
F00308,E00016,100.0,3,3
F00308,E00017,20.9,2,6
F00309,E00017,79.1,4,3
F00306,E00018,79.1,6,3
F00309,E00018,20.9,6,1
F00306,E00019,57.9,6,1
F00308,E00019,42.1,3,3
F00306,E00020,100.0,6,6
F00311,E00021,100.0,5,6
F00311,E00022,100.0,6,1
F00312,E00023,100.0,6,5
F00313,E00024,95.8,5,6
F00316,E00024,4.2,2,2
F00313,E00025,35.0,2,6
F00314,E00025,65.0,3,1
F00313,E00026,8.8,3,1
F00315,E00026,61.9,3,4
F00316,E00026,29.3,3,5
F00315,E00027,100.0,4,3
F00313,E00028,62.7,2,4
F00315,E00028,37.3,3,5
F00313,E00029,55.6,6,2
F00316,E00029,44.4,2,6
F00313,E00030,73.3,3,5
F00316,E00030,26.7,4,5
F00317,E00031,30.7,5,4
F00318,E00031,42.0,4,6
F00320,E00031,27.3,2,5
F00318,E00032,100.0,6,2
F00319,E00033,100.0,3,2
F00318,E00034,24.7,4,1
F00319,E00034,52.5,4,2
F00320,E00034,22.8,6,6
F00319,E00035,100.0,2,2
F00320,E00036,100.0,4,5
F00321,E00037,100.0,3,1
F00321,E00038,100.0,5,6
F00322,E00039,80.3,3,3
F00323,E00039,19.7,4,2
F00323,E00040,100.0,2,1
F00323,E00041,100.0,3,1
F00322,E00042,57.3,4,5
F00323,E00042,42.7,4,6
F00322,E00043,75.5,2,5
F00323,E00043,24.5,5,5
F00322,E00044,19.2,6,4
F00323,E00044,80.8,3,6
F00324,E00045,100.0,6,3
F00325,E00046,100.0,5,3
F00328,E00047,100.0,3,5
F00328,E00048,100.0,6,1
F00328,E00049,100.0,3,6
F00328,E00050,100.0,3,1
F00328,E00051,100.0,2,4
F00328,E00052,100.0,4,4
F00328,E00053,100.0,3,3
F00332,E00054,100.0,3,4
F00329,E00055,100.0,3,2
F00331,E00056,100.0,2,5
F00329,E00057,77.9,4,4
F00332,E00057,22.1,2,2
F00332,E00058,100.0,2,5
F00329,E00059,12.4,6,2
F00331,E00059,5.0,3,2
F00332,E00059,82.6,5,1
F00333,E00060,100.0,4,1
F00333,E00061,100.0,3,6
F00333,E00062,100.0,3,3
F00334,E00063,51.6,5,4
F00335,E00063,48.4,3,3
F00334,E00064,27.0,2,4
F00335,E00064,73.0,3,3
F00334,E00065,100.0,3,4
F00334,E00066,35.8,3,5
F00335,E00066,64.2,2,2
F00334,E00067,100.0,6,1
F00334,E00068,86.9,3,5
F00335,E00068,13.1,4,3
F00334,E00069,78.1,5,1
F00335,E00069,21.9,6,6
F00336,E00070,100.0,3,5
F00336,E00071,100.0,2,6
F00340,E00072,100.0,4,6
F00337,E00073,96.6,5,2
F00339,E00073,3.4,2,3
F00337,E00074,100.0,3,1
F00341,E00075,100.0,3,4
F00341,E00076,100.0,2,6
F00341,E00077,100.0,4,1
F00341,E00078,100.0,5,3
F00342,E00079,100.0,3,4
F00342,E00080,100.0,2,3
F00342,E00081,100.0,6,5
F00342,E00082,100.0,2,2
F00343,E00083,100.0,6,6
F00343,E00084,100.0,4,4
F00346,E00085,100.0,4,3
F00346,E00086,100.0,2,3
F00350,E00087,100.0,6,4
F00349,E00088,51.2,2,3
F00350,E00088,48.8,5,4
F00350,E00089,100.0,3,4
F00349,E00090,78.3,5,1
F00350,E00090,21.7,5,2
F00350,E00091,100.0,5,5
F00351,E00092,38.8,3,4
F00353,E00092,61.2,3,4
F00351,E00093,13.0,5,6
F00352,E00093,71.7,6,3
F00353,E00093,15.3,3,5
F00351,E00094,58.1,4,4
F00352,E00094,19.8,5,1
F00353,E00094,22.1,4,5
F00352,E00095,100.0,4,2
F00351,E00096,56.1,4,5
F00352,E00096,43.9,2,6
F00352,E00097,100.0,3,5
F00354,E00098,39.9,3,6
F00357,E00098,60.1,2,6
F00354,E00099,100.0,5,2
F00356,E00100,100.0,2,4
F00357,E00101,100.0,5,2
F00359,E00102,100.0,6,5
F00358,E00103,8.3,3,6
F00359,E00103,91.7,5,3
F00358,E00104,100.0,2,6
F00359,E00105,100.0,3,5
F00358,E00106,1.1,6,5
F00359,E00106,98.9,5,6
F00359,E00107,100.0,4,1
F00358,E00108,35.6,5,5
F00359,E00108,64.4,4,6
F00360,E00109,7.5,6,1
F00362,E00109,60.9,3,3
F00363,E00109,31.6,5,4
F00361,E00110,21.7,6,3
F00363,E00110,78.3,2,2
F00360,E00111,100.0,5,3
F00360,E00112,100.0,4,5
F00362,E00113,13.4,5,3
F00363,E00113,86.6,3,3
F00361,E00114,73.2,2,4
F00362,E00114,26.8,6,3
F00365,E00115,100.0,4,3
F00365,E00116,52.4,2,3
F00366,E00116,47.6,2,5
F00365,E00117,72.6,3,2
F00367,E00117,27.4,4,6
F00364,E00118,100.0,5,4
F00367,E00119,100.0,5,6
F00365,E00120,100.0,2,2
F00371,E00121,100.0,2,6
F00368,E00122,100.0,6,2
F00370,E00123,100.0,5,6
F00372,E00124,54.3,6,3
F00373,E00124,45.7,6,2
F00372,E00125,100.0,3,3
F00375,E00126,66.7,5,5
F00377,E00126,33.3,2,1
F00374,E00127,49.4,5,6
F00376,E00127,50.6,2,3
F00375,E00128,23.3,2,5
F00376,E00128,76.7,3,3
F00376,E00129,78.1,2,2
F00377,E00129,21.9,5,4
F00380,E00130,100.0,5,1
F00380,E00131,100.0,3,4
F00380,E00132,100.0,5,4
F00380,E00133,100.0,2,6
F00380,E00134,100.0,3,4
F00380,E00135,100.0,3,5
F00380,E00136,100.0,4,3
F00381,E00137,41.4,6,5
F00384,E00137,58.6,2,4
F00381,E00138,38.7,4,2
F00384,E00138,61.3,3,1
F00383,E00139,100.0,5,2
F00381,E00140,100.0,4,4
F00386,E00141,100.0,2,2
F00386,E00142,100.0,5,1
F00386,E00143,100.0,2,6
F00386,E00144,100.0,4,3
F00388,E00145,100.0,4,5
F00387,E00146,73.1,6,6
F00388,E00146,26.9,2,5
F00390,E00147,11.1,4,1
F00391,E00147,57.5,6,2
F00392,E00147,31.4,2,6
F00391,E00148,100.0,5,6
F00391,E00149,100.0,3,3
F00394,E00150,28.0,6,3
F00395,E00150,72.0,4,3
F00395,E00151,100.0,6,4
F00393,E00152,8.9,2,6
F00394,E00152,60.3,3,5
F00395,E00152,30.8,6,5
F00393,E00153,59.7,2,4
F00394,E00153,19.0,5,4
F00395,E00153,21.3,3,5
F00393,E00154,100.0,4,5
F00393,E00155,100.0,2,1
F00396,E00156,53.6,6,4
F00397,E00156,46.4,2,3
F00396,E00157,100.0,5,1
F00400,E00158,100.0,2,3
F00401,E00159,100.0,5,4
F00401,E00160,100.0,3,4
F00400,E00161,100.0,6,1
F00402,E00162,100.0,4,3
F00402,E00163,100.0,6,3
F00402,E00164,100.0,2,5
F00402,E00165,100.0,3,5
F00402,E00166,100.0,4,1
F00402,E00167,100.0,2,3
F00403,E00168,100.0,3,2
F00403,E00169,100.0,6,2
F00403,E00170,18.5,2,4
F00404,E00170,43.5,2,3
F00406,E00170,38.0,4,4
F00404,E00171,100.0,2,5
F00403,E00172,100.0,3,1
F00407,E00173,100.0,2,5
F00407,E00174,20.6,5,5
F00408,E00174,79.4,2,6
F00408,E00175,100.0,5,5
F00407,E00176,100.0,4,6
F00409,E00177,100.0,6,1
F00409,E00178,100.0,6,3
F00409,E00179,100.0,4,4
F00409,E00180,100.0,3,4
F00409,E00181,100.0,4,1
F00409,E00182,100.0,3,5
F00409,E00183,100.0,4,2
