component_part_id,parent_part_id,quantity
P00447,P00001,5
P00459,P00001,1
P00447,P00002,7
P00460,P00002,1
P00436,P00003,4
P00457,P00003,1
P00436,P00004,4
P00456,P00004,1
P00436,P00005,7
P00457,P00005,1
P00439,P00006,4
P00454,P00006,1
P00436,P00007,6
P00472,P00007,1
P00439,P00008,4
P00463,P00008,1
P00436,P00009,6
P00460,P00009,1
P00440,P00010,5
P00460,P00010,1
P00439,P00011,7
P00460,P00011,1
P00440,P00012,5
P00472,P00012,1
P00436,P00013,7
P00460,P00013,1
P00436,P00014,6
P00460,P00014,1
P00439,P00015,6
P00465,P00015,1
P00437,P00016,6
P00457,P00016,1
P00436,P00017,7
P00457,P00017,1
P00442,P00018,7
P00459,P00018,1
P00436,P00019,4
P00467,P00019,1
P00446,P00020,4
P00451,P00020,1
P00436,P00021,8
P00449,P00021,1
P00442,P00022,6
P00457,P00022,1
P00436,P00023,5
P00460,P00023,1
P00447,P00024,4
P00475,P00024,1
P00436,P00025,4
P00453,P00025,1
P00440,P00026,8
P00473,P00026,1
P00436,P00027,6
P00462,P00027,1
P00436,P00028,5
P00469,P00028,1
P00438,P00029,8
P00472,P00029,1
P00436,P00030,5
P00461,P00030,1
P00443,P00031,8
P00471,P00031,1
P00436,P00032,8
P00472,P00032,1
P00436,P00033,7
P00471,P00033,1
P00436,P00034,5
P00472,P00034,1
P00436,P00035,8
P00449,P00035,1
P00436,P00036,4
P00472,P00036,1
P00439,P00037,7
P00472,P00037,1
P00437,P00038,5
P00476,P00038,1
P00436,P00039,6
P00460,P00039,1
P00436,P00040,4
P00467,P00040,1
P00436,P00041,4
P00460,P00041,1
P00436,P00042,8
P00456,P00042,1
P00445,P00043,5
P00462,P00043,1
P00443,P00044,4
P00449,P00044,1
P00439,P00045,6
P00449,P00045,1
P00436,P00046,4
P00472,P00046,1
P00445,P00047,6
P00457,P00047,1
P00439,P00048,5
P00472,P00048,1
P00447,P00049,6
P00463,P00049,1
P00436,P00050,7
P00462,P00050,1
P00445,P00051,7
P00465,P00051,1
P00447,P00052,5
P00472,P00052,1
P00436,P00053,4
P00469,P00053,1
P00447,P00054,5
P00472,P00054,1
P00436,P00055,7
P00455,P00055,1
P00436,P00056,4
P00451,P00056,1
P00440,P00057,6
P00470,P00057,1
P00436,P00058,8
P00460,P00058,1
P00439,P00059,4
P00473,P00059,1
P00436,P00060,5
P00472,P00060,1
P00436,P00061,4
P00469,P00061,1
P00436,P00062,4
P00471,P00062,1
P00436,P00063,8
P00460,P00063,1
P00436,P00064,7
P00460,P00064,1
P00436,P00065,5
P00472,P00065,1
P00436,P00066,4
P00472,P00066,1
P00436,P00067,6
P00462,P00067,1
P00442,P00068,6
P00462,P00068,1
P00447,P00069,7
P00449,P00069,1
P00436,P00070,7
P00454,P00070,1
P00436,P00071,6
P00453,P00071,1
P00439,P00072,7
P00472,P00072,1
P00436,P00073,6
P00468,P00073,1
P00436,P00074,6
P00470,P00074,1
P00436,P00075,4
P00470,P00075,1
P00439,P00076,4
P00467,P00076,1
P00445,P00077,7
P00449,P00077,1
P00446,P00078,5
P00461,P00078,1
P00446,P00079,4
P00457,P00079,1
P00444,P00080,6
P00472,P00080,1
P00436,P00081,6
P00464,P00081,1
P00436,P00082,7
P00470,P00082,1
P00441,P00083,4
P00472,P00083,1
P00440,P00084,7
P00460,P00084,1
P00460,P00085,1
P00472,P00086,1
P00469,P00087,1
P00456,P00088,1
P00460,P00089,1
P00455,P00090,1
P00472,P00091,1
P00457,P00092,1
P00468,P00093,1
P00472,P00094,1
P00477,P00095,1
P00460,P00096,1
P00472,P00097,1
P00469,P00098,1
P00449,P00099,1
P00460,P00100,1
P00460,P00101,1
P00452,P00102,1
P00460,P00103,1
P00452,P00104,1
P00472,P00105,1
P00460,P00106,1
P00455,P00107,1
P00467,P00108,1
P00472,P00109,1
P00475,P00110,1
P00473,P00111,1
P00472,P00112,1
P00460,P00113,1
P00462,P00114,1
P00460,P00115,1
P00475,P00116,1
P00451,P00117,1
P00464,P00118,1
P00457,P00119,1
P00472,P00120,1
P00460,P00121,1
P00472,P00122,1
P00475,P00123,1
P00455,P00124,1
P00472,P00125,1
P00460,P00126,1
P00460,P00127,1
P00457,P00128,1
P00468,P00129,1
P00460,P00130,1
P00472,P00131,1
P00472,P00132,1
P00460,P00133,1
P00449,P00134,1
P00449,P00135,1
P00457,P00136,1
P00476,P00137,1
P00460,P00138,1
P00472,P00139,1
P00475,P00140,1
P00460,P00141,1
P00465,P00142,1
P00472,P00143,1
P00468,P00144,1
P00451,P00145,1
P00472,P00146,1
P00474,P00147,1
P00472,P00148,1
P00472,P00149,1
P00472,P00150,1
P00468,P00151,1
P00457,P00152,1
P00474,P00153,1
P00452,P00154,1
P00472,P00155,1
P00460,P00156,1
P00469,P00157,1
P00472,P00158,1
P00472,P00159,1
P00454,P00160,1
P00468,P00161,1
P00457,P00162,1
P00451,P00163,1
P00462,P00164,1
P00477,P00165,1
P00477,P00166,1
P00465,P00167,1
P00472,P00168,1
P00457,P00169,1
P00457,P00170,1
P00471,P00171,1
P00472,P00172,1
P00472,P00173,1
P00451,P00174,1
P00460,P00175,1
P00449,P00176,1
P00472,P00177,1
P00459,P00178,1
P00460,P00179,1
P00466,P00180,1
P00449,P00181,1
P00460,P00182,1
P00472,P00183,1
P00457,P00184,1
P00465,P00185,1
P00477,P00186,1
P00452,P00187,1
P00457,P00188,1
P00470,P00189,1
P00467,P00190,1
P00477,P00191,1
P00449,P00192,1
P00472,P00193,1
P00461,P00194,1
P00457,P00195,1
P00462,P00196,1
P00460,P00197,1
P00455,P00198,1
P00457,P00199,1
P00458,P00200,1
P00464,P00201,1
P00450,P00202,1
P00450,P00203,1
P00460,P00204,1
P00471,P00205,1
P00477,P00206,1
P00449,P00207,1
P00477,P00208,1
P00470,P00209,1
P00473,P00210,1
