event_id,facility_id,distance_km,capacity_loss_pct,recovery_weeks,reported_at,data_source,confidence
V001,F00040,72.7,30.0,8,2025-03-14,third_party,estimated
V001,F00041,25.7,70.0,5,2025-03-11,third_party,estimated
V001,F00046,71.8,30.0,4,2025-03-14,third_party,estimated
V001,F00062,13.7,80.0,12,2025-03-15,third_party,estimated
V001,F00063,75.5,30.0,7,2025-03-15,third_party,estimated
V001,F00187,37.4,60.9,24,2025-03-24,supplier_disclosed,confirmed
V001,F00192,78.9,30.0,7,2025-03-15,third_party,estimated
V001,F00193,21.4,70.0,13,2025-03-13,third_party,estimated
V001,F00198,15.1,80.0,28,2025-03-11,third_party,estimated
V001,F00202,21.0,70.0,19,2025-03-11,third_party,estimated
V001,F00203,77.4,29.8,12,2025-03-22,supplier_disclosed,confirmed
V001,F00264,31.8,70.0,10,2025-03-12,third_party,estimated
V001,F00274,40.2,60.0,9,2025-03-11,third_party,estimated
V001,F00275,16.4,80.0,9,2025-03-13,third_party,estimated
V001,F00300,76.2,30.0,5,2025-03-11,third_party,estimated
V001,F00301,36.6,60.0,4,2025-03-13,third_party,estimated
V001,F00306,16.9,80.0,12,2025-03-12,third_party,estimated
V001,F00308,68.3,40.0,5,2025-03-11,third_party,estimated
V001,F00345,79.9,30.0,2,2025-03-13,third_party,estimated
V001,F00348,37.1,61.1,1,2025-03-27,supplier_disclosed,confirmed
V001,F00349,45.0,60.0,2,2025-03-12,third_party,estimated
V001,F00350,68.6,36.7,1,2025-03-25,supplier_disclosed,confirmed
V001,F00354,11.6,80.0,1,2025-03-12,third_party,estimated
V001,F00355,33.5,64.0,2,2025-03-20,supplier_disclosed,confirmed
V001,F00360,32.2,65.0,2,2025-03-19,supplier_disclosed,confirmed
V001,F00363,17.5,76.4,5,2025-03-27,supplier_disclosed,confirmed
V001,F00365,77.8,29.5,2,2025-03-19,supplier_disclosed,confirmed
V001,F00368,72.6,30.0,2,2025-03-13,third_party,estimated
V001,F00371,19.7,74.7,1,2025-03-19,supplier_disclosed,confirmed
V001,F00379,19.5,70.0,5,2025-03-12,third_party,estimated
V001,F00380,21.8,73.0,5,2025-03-28,supplier_disclosed,confirmed
V002,F00009,4.9,70.0,7,2025-06-05,third_party,estimated
V002,F00011,3.0,70.0,10,2025-06-07,third_party,estimated
V002,F00036,5.3,70.0,11,2025-06-04,third_party,estimated
V002,F00099,1.1,70.0,13,2025-06-05,third_party,estimated
V002,F00115,4.9,70.0,7,2025-06-07,third_party,estimated
V002,F00163,7.5,65.9,19,2025-06-21,supplier_disclosed,confirmed
V002,F00235,4.8,70.0,12,2025-06-04,third_party,estimated
V002,F00397,9.3,64.3,2,2025-06-23,supplier_disclosed,confirmed
V003,F00001,28.6,30.0,2,2025-09-07,supplier_disclosed,confirmed
V003,F00013,24.5,30.0,4,2025-08-22,third_party,estimated
V003,F00023,7.0,50.0,3,2025-08-22,third_party,estimated
V003,F00033,22.5,35.3,3,2025-09-08,supplier_disclosed,confirmed
V003,F00044,32.4,30.0,2,2025-08-23,third_party,estimated
V003,F00049,14.1,42.7,5,2025-09-03,supplier_disclosed,confirmed
V003,F00056,28.6,29.9,5,2025-08-25,supplier_disclosed,confirmed
V003,F00058,24.9,30.0,2,2025-08-22,third_party,estimated
V003,F00060,13.0,40.0,5,2025-08-20,third_party,estimated
V003,F00061,8.0,50.0,3,2025-08-21,third_party,estimated
V003,F00069,29.1,30.0,3,2025-08-21,third_party,estimated
V003,F00075,18.9,40.0,8,2025-08-20,third_party,estimated
V003,F00086,19.3,40.0,7,2025-08-23,third_party,estimated
V003,F00087,10.4,50.0,7,2025-08-23,third_party,estimated
V003,F00102,28.8,30.0,3,2025-08-19,third_party,estimated
V003,F00103,20.9,40.0,6,2025-08-23,third_party,estimated
V003,F00104,23.9,30.0,7,2025-08-20,third_party,estimated
V003,F00119,29.1,30.0,3,2025-08-23,third_party,estimated
V003,F00128,9.6,50.0,6,2025-08-23,third_party,estimated
V003,F00131,6.3,50.0,10,2025-08-21,third_party,estimated
V003,F00171,12.8,40.0,4,2025-08-22,third_party,estimated
V003,F00173,12.2,44.3,11,2025-08-27,supplier_disclosed,confirmed
V003,F00174,13.1,43.5,5,2025-09-04,supplier_disclosed,confirmed
V003,F00175,16.7,40.0,4,2025-08-23,third_party,estimated
V003,F00182,26.3,30.0,9,2025-08-20,third_party,estimated
V003,F00183,5.0,50.0,14,2025-08-20,third_party,estimated
V003,F00186,5.8,50.0,7,2025-08-19,third_party,estimated
V003,F00225,10.0,50.0,6,2025-08-20,third_party,estimated
V003,F00226,22.2,35.6,8,2025-08-25,supplier_disclosed,confirmed
V003,F00227,30.2,30.0,4,2025-08-19,third_party,estimated
V003,F00228,32.1,30.0,6,2025-08-20,third_party,estimated
V003,F00229,30.5,30.0,6,2025-08-19,third_party,estimated
V003,F00230,18.1,40.0,7,2025-08-19,third_party,estimated
V003,F00232,21.8,40.0,5,2025-08-23,third_party,estimated
V003,F00233,33.5,30.0,3,2025-08-20,third_party,estimated
V003,F00243,4.6,50.0,10,2025-08-21,third_party,estimated
V003,F00244,34.8,24.6,3,2025-08-29,supplier_disclosed,confirmed
V003,F00245,25.2,30.0,9,2025-08-21,third_party,estimated
V003,F00247,27.5,30.0,3,2025-08-20,third_party,estimated
V003,F00248,33.9,30.0,6,2025-08-23,third_party,estimated
V003,F00249,27.3,31.1,7,2025-09-03,supplier_disclosed,confirmed
V003,F00250,31.5,30.0,6,2025-08-22,third_party,estimated
V003,F00265,25.7,32.5,3,2025-09-06,supplier_disclosed,confirmed
V003,F00266,7.6,50.0,8,2025-08-19,third_party,estimated
V003,F00269,15.1,40.0,3,2025-08-21,third_party,estimated
V003,F00270,26.1,30.0,6,2025-08-19,third_party,estimated
V003,F00289,30.2,30.0,4,2025-08-19,third_party,estimated
V003,F00296,26.3,30.0,3,2025-08-20,third_party,estimated
V003,F00297,26.1,30.0,2,2025-08-23,third_party,estimated
V003,F00298,4.7,50.0,7,2025-08-21,third_party,estimated
V003,F00313,14.3,40.0,2,2025-08-21,third_party,estimated
V003,F00317,21.2,40.0,5,2025-08-22,third_party,estimated
V004,F00369,10.4,65.7,1,2025-10-25,supplier_disclosed,confirmed
V005,F00048,27.0,41.5,2,2025-09-14,supplier_disclosed,confirmed
V005,F00064,20.0,45.0,7,2025-09-17,supplier_disclosed,confirmed
V005,F00189,22.9,40.0,11,2025-09-04,third_party,estimated
V005,F00195,20.7,44.6,10,2025-09-20,supplier_disclosed,confirmed
V005,F00196,21.9,44.0,12,2025-09-21,supplier_disclosed,confirmed
V005,F00273,23.8,40.0,4,2025-09-03,third_party,estimated
V005,F00276,17.6,50.0,6,2025-09-04,third_party,estimated
V005,F00277,23.5,43.3,8,2025-09-19,supplier_disclosed,confirmed
V005,F00307,26.9,40.0,2,2025-09-03,third_party,estimated
V005,F00309,23.3,40.0,5,2025-09-06,third_party,estimated
V005,F00312,23.7,43.2,2,2025-09-20,supplier_disclosed,confirmed
V005,F00314,23.0,40.0,3,2025-09-06,third_party,estimated
V005,F00321,20.9,40.0,2,2025-09-02,third_party,estimated
V005,F00328,21.2,40.0,2,2025-09-04,third_party,estimated
V005,F00330,25.1,40.0,2,2025-09-03,third_party,estimated
V005,F00352,15.5,47.2,3,2025-09-08,supplier_disclosed,confirmed
V005,F00357,22.9,43.6,2,2025-09-08,supplier_disclosed,confirmed
V005,F00375,21.3,40.0,1,2025-09-03,third_party,estimated
V005,F00411,16.1,50.0,3,2025-09-04,third_party,estimated
