facility_id,part_id,share_of_part_volume_pct,lead_time_weeks,inventory_weeks_on_hand,wafers_per_month
F00193,P00001,100.0,18,3,10176.0
F00193,P00002,100.0,15,7,12416.0
F00198,P00003,100.0,20,10,4098.0
F00193,P00004,19.1,18,9,1485.0
F00200,P00004,20.5,20,9,442.0
F00202,P00004,60.4,18,5,3969.0
F00202,P00005,100.0,18,1,5328.0
F00193,P00006,4.3,15,5,547.0
F00200,P00006,95.7,13,2,5905.0
F00172,P00007,51.2,19,1,3343.0
F00193,P00007,48.8,15,9,4817.0
F00156,P00008,66.8,15,8,9728.0
F00198,P00008,33.2,12,10,4841.0
F00193,P00009,42.3,17,2,6012.0
F00200,P00009,57.7,12,4,1593.0
F00200,P00010,44.0,13,5,730.0
F00202,P00010,56.0,16,6,6142.0
F00200,P00011,100.0,12,8,1576.0
F00193,P00012,15.1,16,1,1032.0
F00202,P00012,84.9,19,5,9000.0
F00198,P00013,66.4,13,2,8145.0
F00202,P00013,33.6,19,3,1219.0
F00198,P00014,100.0,16,8,5294.0
F00200,P00015,100.0,15,9,6221.0
F00151,P00016,44.5,13,5,3986.0
F00160,P00016,35.6,16,3,2367.0
F00198,P00016,19.9,12,8,1425.0
F00193,P00017,100.0,14,9,6837.0
F00202,P00018,100.0,14,1,1992.0
F00160,P00019,100.0,12,9,1195.0
F00193,P00020,100.0,20,4,14130.0
F00193,P00021,33.3,15,4,4810.0
F00200,P00021,66.7,19,4,1827.0
F00193,P00022,78.9,12,1,1668.0
F00200,P00022,21.1,19,5,789.0
F00193,P00023,100.0,14,1,10582.0
F00151,P00024,22.9,20,2,1559.0
F00199,P00024,77.1,14,10,9016.0
F00172,P00025,58.3,16,3,4856.0
F00195,P00025,41.7,19,8,596.0
F00198,P00026,100.0,18,1,4275.0
F00202,P00027,100.0,16,3,2120.0
F00176,P00028,100.0,15,1,4946.0
F00199,P00029,100.0,20,8,11048.0
F00153,P00030,71.4,12,6,3376.0
F00202,P00030,28.6,14,2,1505.0
F00156,P00031,95.5,18,10,6862.0
F00202,P00031,4.5,19,4,498.0
F00193,P00032,52.1,18,10,5941.0
F00202,P00032,47.9,20,4,854.0
F00200,P00033,100.0,19,9,5931.0
F00193,P00034,27.4,20,8,2507.0
F00202,P00034,72.6,16,9,7019.0
F00156,P00035,42.9,18,7,6457.0
F00172,P00035,5.8,14,9,94.0
F00193,P00035,51.3,16,3,7228.0
F00193,P00036,15.3,13,6,975.0
F00202,P00036,84.7,16,8,4595.0
F00156,P00037,9.4,17,5,439.0
F00202,P00037,90.6,18,8,8589.0
F00199,P00038,55.0,19,6,5406.0
F00202,P00038,45.0,13,3,2028.0
F00156,P00039,100.0,14,10,6209.0
F00172,P00040,50.8,15,2,3229.0
F00193,P00040,49.2,14,3,5325.0
F00176,P00041,49.3,20,10,624.0
F00198,P00041,50.7,16,6,4429.0
F00193,P00042,100.0,20,2,2265.0
F00156,P00043,41.4,12,2,6277.0
F00198,P00043,58.6,14,4,3566.0
F00202,P00044,100.0,19,6,4126.0
F00193,P00045,52.8,17,5,3175.0
F00202,P00045,47.2,12,2,910.0
F00193,P00046,14.9,15,9,2062.0
F00198,P00046,18.2,19,4,1596.0
F00202,P00046,66.9,18,3,2528.0
F00151,P00047,100.0,18,5,9605.0
F00176,P00048,19.4,18,4,1210.0
F00198,P00048,44.8,12,7,4855.0
F00202,P00048,35.8,20,4,3722.0
F00193,P00049,28.5,20,8,2339.0
F00200,P00049,70.6,13,3,1584.0
F00202,P00049,0.9,12,5,60.0
F00198,P00050,100.0,16,10,7908.0
F00202,P00051,100.0,12,3,6944.0
F00193,P00052,35.6,19,9,3259.0
F00200,P00052,64.4,15,10,4860.0
F00193,P00053,14.0,15,3,1430.0
F00200,P00053,59.7,19,4,798.0
F00202,P00053,26.3,19,4,1422.0
F00193,P00054,52.6,15,6,1513.0
F00202,P00054,47.4,20,1,2987.0
F00202,P00055,100.0,20,10,4289.0
F00151,P00056,100.0,12,5,6077.0
F00176,P00057,23.1,17,10,946.0
F00200,P00057,49.0,19,8,1706.0
F00202,P00057,27.9,18,2,1355.0
F00156,P00058,31.5,12,2,2915.0
F00167,P00058,68.5,15,3,1577.0
F00199,P00059,100.0,12,4,4586.0
F00172,P00060,100.0,12,2,1633.0
F00193,P00061,76.9,20,8,6860.0
F00200,P00061,23.1,19,5,1667.0
F00151,P00062,88.3,17,1,13352.0
F00199,P00062,11.7,18,6,868.0
F00193,P00063,100.0,20,4,9086.0
F00181,P00064,84.1,15,6,2491.0
F00200,P00064,15.9,17,1,691.0
F00176,P00065,100.0,18,9,6179.0
F00198,P00066,61.6,20,4,4629.0
F00202,P00066,38.4,17,4,2148.0
F00198,P00067,65.6,13,6,9598.0
F00200,P00067,34.4,13,5,456.0
F00193,P00068,49.3,17,4,4286.0
F00202,P00068,50.7,14,10,5288.0
F00193,P00069,82.6,16,2,6981.0
F00200,P00069,17.4,17,1,489.0
F00193,P00070,100.0,19,3,12613.0
F00151,P00071,70.3,18,8,7536.0
F00202,P00071,29.7,19,9,2877.0
F00181,P00072,52.7,19,6,895.0
F00200,P00072,47.3,16,1,2604.0
F00193,P00073,48.0,14,8,6513.0
F00200,P00073,52.0,15,7,4202.0
F00172,P00074,100.0,13,9,4621.0
F00193,P00075,39.6,15,4,5445.0
F00200,P00075,55.8,12,6,4160.0
F00202,P00075,4.6,20,5,358.0
F00156,P00076,1.6,13,9,230.0
F00193,P00076,98.4,13,4,13650.0
F00156,P00077,81.7,13,6,8897.0
F00193,P00077,18.3,20,7,980.0
F00153,P00078,100.0,19,10,2683.0
F00193,P00079,100.0,17,4,5867.0
F00193,P00080,59.2,20,10,5019.0
F00200,P00080,23.2,12,10,1757.0
F00202,P00080,17.6,20,8,1394.0
F00202,P00081,100.0,13,7,2256.0
F00202,P00082,100.0,20,8,9541.0
F00193,P00083,100.0,14,6,3746.0
F00156,P00084,60.7,16,5,3709.0
F00160,P00084,21.1,18,5,1268.0
F00199,P00084,18.2,15,1,1422.0
F00200,P00085,100.0,16,1,5111.0
F00202,P00086,100.0,15,2,4684.0
F00156,P00087,33.2,13,4,1480.0
F00172,P00087,58.2,15,7,2093.0
F00198,P00087,8.6,19,3,914.0
F00202,P00088,100.0,13,4,1732.0
F00156,P00089,29.0,17,5,1029.0
F00199,P00089,71.0,18,2,7277.0
F00151,P00090,88.1,17,9,9716.0
F00202,P00090,11.9,20,10,1354.0
F00156,P00091,71.3,15,2,4764.0
F00198,P00091,28.7,15,9,2241.0
F00156,P00092,32.8,20,7,1248.0
F00172,P00092,35.4,20,8,2045.0
F00198,P00092,31.8,13,6,1516.0
F00151,P00093,100.0,16,1,9307.0
F00198,P00094,19.8,18,6,881.0
F00202,P00094,80.2,20,2,4389.0
F00202,P00095,100.0,18,9,3150.0
F00198,P00096,100.0,17,1,12510.0
F00172,P00097,100.0,12,10,5596.0
F00172,P00098,93.6,15,5,8377.0
F00198,P00098,6.4,16,8,317.0
F00193,P00099,48.6,13,6,4334.0
F00202,P00099,51.4,16,6,5118.0
F00160,P00100,100.0,19,4,3530.0
F00176,P00101,100.0,16,2,4609.0
F00200,P00102,53.7,12,10,2608.0
F00202,P00102,46.3,18,8,3414.0
F00193,P00103,42.0,19,10,3375.0
F00202,P00103,58.0,13,2,5348.0
F00172,P00104,57.1,15,6,2006.0
F00202,P00104,42.9,12,7,4298.0
F00199,P00105,100.0,19,9,13593.0
F00200,P00106,51.4,17,2,3279.0
F00202,P00106,48.6,12,2,2176.0
F00193,P00107,56.0,15,7,6967.0
F00200,P00107,24.3,19,8,1120.0
F00202,P00107,19.7,15,4,1128.0
F00172,P00108,40.9,14,1,4341.0
F00200,P00108,59.1,20,7,3128.0
F00202,P00109,100.0,19,10,6238.0
F00172,P00110,100.0,16,4,4922.0
F00151,P00111,100.0,19,6,3897.0
F00202,P00112,100.0,16,7,11959.0
F00156,P00113,100.0,12,7,15342.0
F00202,P00114,100.0,15,3,9921.0
F00193,P00115,57.8,18,9,8448.0
F00200,P00115,42.2,20,10,3041.0
F00193,P00116,100.0,20,7,12135.0
F00176,P00117,100.0,16,4,5700.0
F00202,P00118,100.0,17,6,11743.0
F00151,P00119,86.1,12,10,4927.0
F00199,P00119,10.5,18,5,1061.0
F00202,P00119,3.4,12,3,310.0
F00176,P00120,100.0,13,2,6443.0
F00193,P00121,49.5,19,3,2770.0
F00200,P00121,21.8,12,5,599.0
F00202,P00121,28.7,18,6,1032.0
F00193,P00122,36.3,12,8,3289.0
F00202,P00122,63.7,20,4,2771.0
F00151,P00123,100.0,18,4,10703.0
F00193,P00124,10.2,19,9,1425.0
F00202,P00124,89.8,15,2,7690.0
F00193,P00125,32.4,18,4,2433.0
F00200,P00125,67.6,19,1,2331.0
F00193,P00126,28.8,15,2,2614.0
F00198,P00126,63.0,16,6,5582.0
F00200,P00126,8.2,16,6,530.0
F00193,P00127,55.8,14,4,1611.0
F00202,P00127,44.2,18,3,3911.0
F00202,P00128,100.0,16,10,10777.0
F00202,P00129,100.0,15,6,1611.0
F00193,P00130,31.9,15,7,1843.0
F00200,P00130,68.1,12,5,5330.0
F00193,P00131,49.6,19,10,3928.0
F00202,P00131,50.4,12,8,4824.0
F00156,P00132,100.0,15,1,7102.0
F00150,P00133,100.0,15,8,8188.0
F00195,P00134,54.6,14,2,1367.0
F00199,P00134,45.4,20,5,1902.0
F00176,P00135,100.0,17,8,3838.0
F00172,P00136,47.1,19,9,3028.0
F00198,P00136,52.9,19,5,3321.0
F00193,P00137,100.0,15,7,9604.0
F00156,P00138,36.9,13,3,4419.0
F00176,P00138,31.6,18,4,853.0
F00193,P00138,31.5,14,2,3372.0
F00156,P00139,53.3,14,6,8050.0
F00199,P00139,46.7,17,1,1673.0
F00193,P00140,17.7,15,7,2336.0
F00202,P00140,82.3,16,9,2804.0
F00181,P00141,2.9,12,2,269.0
F00193,P00141,21.8,13,2,450.0
F00198,P00141,75.3,15,2,8343.0
F00191,P00142,100.0,14,7,9188.0
F00156,P00143,100.0,14,4,5682.0
F00150,P00144,69.0,18,1,2185.0
F00176,P00144,31.0,12,8,673.0
F00190,P00145,100.0,16,6,4482.0
F00174,P00146,100.0,20,6,4866.0
F00181,P00147,100.0,13,3,3648.0
F00156,P00148,94.1,15,6,7793.0
F00198,P00148,5.9,17,6,597.0
F00172,P00149,71.4,12,10,8228.0
F00193,P00149,23.8,20,8,950.0
F00202,P00149,4.8,16,7,398.0
F00151,P00150,77.2,17,1,11073.0
F00191,P00150,22.8,19,6,2121.0
F00200,P00151,100.0,13,5,5082.0
F00172,P00152,5.4,15,3,184.0
F00198,P00152,50.8,20,1,2999.0
F00202,P00152,43.8,19,6,5228.0
F00172,P00153,1.4,12,10,52.0
F00193,P00153,98.6,14,4,6803.0
F00193,P00154,100.0,15,5,7878.0
F00203,P00155,100.0,17,9,881.0
F00153,P00156,100.0,16,6,3876.0
F00193,P00157,100.0,15,8,10810.0
F00156,P00158,100.0,15,9,8576.0
F00156,P00159,83.2,20,2,2084.0
F00176,P00159,16.8,16,10,1264.0
F00172,P00160,47.1,18,4,3598.0
F00198,P00160,52.9,17,4,7837.0
F00172,P00161,82.3,14,10,3727.0
F00176,P00161,17.7,14,6,838.0
F00160,P00162,68.3,16,8,3297.0
F00172,P00162,16.6,16,10,1472.0
F00193,P00162,15.1,13,7,753.0
F00172,P00163,100.0,18,7,3724.0
F00172,P00164,100.0,16,6,7417.0
F00193,P00165,12.1,16,4,894.0
F00198,P00165,54.5,15,3,7076.0
F00202,P00165,33.4,13,1,3397.0
F00154,P00166,62.4,15,1,1294.0
F00191,P00166,37.6,13,4,3240.0
F00202,P00167,100.0,20,9,11119.0
F00198,P00168,100.0,19,5,14057.0
F00150,P00169,29.4,19,8,1601.0
F00167,P00169,16.4,17,10,537.0
F00198,P00169,54.2,20,4,4538.0
F00152,P00170,100.0,20,2,2217.0
F00156,P00171,100.0,14,7,4098.0
F00156,P00172,88.4,17,7,8393.0
F00193,P00172,11.6,13,4,1542.0
F00193,P00173,59.6,17,5,5335.0
F00200,P00173,40.4,14,6,1317.0
F00156,P00174,31.9,19,5,4751.0
F00172,P00174,27.3,13,5,1388.0
F00176,P00174,40.8,18,1,2577.0
F00172,P00175,37.2,17,3,1243.0
F00200,P00175,11.8,12,5,327.0
F00202,P00175,51.0,18,7,3690.0
F00200,P00176,100.0,20,6,6207.0
F00193,P00177,17.5,16,6,1656.0
F00198,P00177,82.5,16,5,5594.0
F00156,P00178,7.6,19,4,1055.0
F00200,P00178,92.4,19,10,1572.0
F00156,P00179,100.0,13,4,13093.0
F00151,P00180,8.0,15,7,269.0
F00159,P00180,22.8,15,9,1172.0
F00193,P00180,69.2,12,8,4439.0
F00193,P00181,4.3,13,9,374.0
F00202,P00181,95.7,18,1,1886.0
F00172,P00182,12.6,20,10,1366.0
F00198,P00182,87.4,15,4,8286.0
F00153,P00183,100.0,16,4,1935.0
F00172,P00184,36.8,19,3,698.0
F00198,P00184,63.2,15,7,6869.0
F00151,P00185,35.0,13,4,5269.0
F00156,P00185,65.0,17,7,6708.0
F00156,P00186,28.2,12,8,3552.0
F00193,P00186,15.1,14,9,1018.0
F00199,P00186,56.7,17,5,3525.0
F00151,P00187,37.1,16,4,2090.0
F00154,P00187,45.4,16,1,1167.0
F00174,P00187,17.5,13,8,894.0
F00154,P00188,89.2,14,7,5758.0
F00193,P00188,10.8,14,4,395.0
F00167,P00189,59.2,14,4,1248.0
F00202,P00189,40.8,20,7,1047.0
F00156,P00190,9.0,12,4,676.0
F00198,P00190,91.0,20,6,7940.0
F00153,P00191,51.9,20,9,3652.0
F00195,P00191,48.1,20,10,499.0
F00193,P00192,100.0,16,6,5967.0
F00156,P00193,20.1,15,6,3039.0
F00202,P00193,79.9,13,7,8032.0
F00151,P00194,100.0,12,3,10677.0
F00172,P00195,100.0,20,9,8233.0
F00151,P00196,67.8,13,9,8874.0
F00169,P00196,6.3,12,1,412.0
F00177,P00196,25.9,14,9,1323.0
F00150,P00197,100.0,15,5,10295.0
F00193,P00198,100.0,15,3,11569.0
F00153,P00199,67.4,15,3,1247.0
F00172,P00199,32.6,13,7,2369.0
F00167,P00200,100.0,14,2,2798.0
F00181,P00201,61.1,20,7,5277.0
F00198,P00201,38.9,16,10,4619.0
F00156,P00202,70.1,12,6,3051.0
F00198,P00202,29.9,14,3,2363.0
F00176,P00203,20.9,20,8,978.0
F00199,P00203,79.1,14,2,4857.0
F00179,P00204,100.0,16,7,7629.0
F00159,P00205,100.0,18,1,11218.0
F00198,P00206,100.0,18,9,11607.0
F00176,P00207,9.0,13,2,273.0
F00193,P00207,91.0,20,5,6910.0
F00154,P00208,100.0,18,4,3008.0
F00156,P00209,100.0,18,5,6109.0
F00169,P00210,100.0,18,7,1594.0
F00157,P00211,7.3,16,4,553.0
F00173,P00211,87.3,17,9,5607.0
F00191,P00211,5.4,18,6,268.0
F00175,P00212,35.8,14,4,4954.0
F00190,P00212,64.2,14,9,1155.0
F00183,P00213,100.0,14,5,8472.0
F00156,P00214,39.1,13,4,4798.0
F00161,P00214,28.9,12,7,1165.0
F00176,P00214,32.0,12,2,2299.0
F00173,P00215,100.0,14,7,13538.0
F00171,P00216,100.0,13,6,2838.0
F00157,P00217,100.0,18,1,7003.0
F00181,P00218,100.0,16,9,7498.0
F00179,P00219,100.0,16,5,7154.0
F00181,P00220,14.7,17,9,1238.0
F00190,P00220,85.3,13,9,2288.0
F00159,P00221,100.0,17,9,2675.0
F00149,P00222,28.8,13,7,1481.0
F00151,P00222,29.2,17,9,3575.0
F00199,P00222,42.0,18,3,2949.0
F00188,P00223,100.0,13,9,11637.0
F00202,P00224,100.0,19,3,4733.0
F00183,P00225,26.3,16,1,355.0
F00199,P00225,46.4,16,1,4108.0
F00202,P00225,27.3,16,3,2816.0
F00154,P00226,100.0,14,5,8116.0
F00173,P00227,93.5,18,4,2211.0
F00175,P00227,6.5,14,1,164.0
F00172,P00228,100.0,15,5,6333.0
F00154,P00229,40.1,12,8,2795.0
F00156,P00229,59.9,15,7,2333.0
F00159,P00230,61.8,18,1,3531.0
F00199,P00230,38.2,13,2,4609.0
F00149,P00231,20.1,17,7,655.0
F00154,P00231,79.9,17,5,2473.0
F00175,P00232,21.7,20,2,2924.0
F00181,P00232,62.1,17,3,3002.0
F00202,P00232,16.2,13,2,1663.0
F00172,P00233,95.9,15,3,8194.0
F00179,P00233,4.1,20,7,182.0
F00151,P00234,100.0,15,10,2943.0
F00151,P00235,54.7,20,1,7568.0
F00179,P00235,4.1,12,5,330.0
F00198,P00235,41.2,13,2,1184.0
F00190,P00236,100.0,15,4,5639.0
F00150,P00237,32.6,20,8,1962.0
F00183,P00237,63.5,15,5,5347.0
F00199,P00237,3.9,20,3,325.0
F00172,P00238,100.0,15,10,4583.0
F00149,P00239,54.1,14,4,4259.0
F00201,P00239,45.9,18,3,1708.0
F00150,P00240,71.4,16,2,1054.0
F00190,P00240,28.6,16,5,1178.0
F00167,P00241,39.9,19,7,418.0
F00183,P00241,29.8,19,9,2567.0
F00186,P00241,30.3,19,3,1587.0
F00153,P00242,77.4,13,4,4491.0
F00172,P00242,2.4,15,1,118.0
F00175,P00242,20.2,12,3,1985.0
F00174,P00243,21.2,12,4,1385.0
F00185,P00243,45.0,14,7,1423.0
F00193,P00243,33.8,15,7,2868.0
F00189,P00244,100.0,12,10,2394.0
F00160,P00245,100.0,19,9,4271.0
F00197,P00246,100.0,14,2,3788.0
F00153,P00247,100.0,12,2,2666.0
F00190,P00248,36.9,14,2,443.0
F00199,P00248,63.1,18,7,1855.0
F00168,P00249,71.8,14,5,6650.0
F00200,P00249,28.2,15,4,818.0
F00155,P00250,100.0,19,8,2685.0
F00159,P00251,24.0,17,9,3488.0
F00198,P00251,76.0,19,5,8715.0
F00156,P00252,51.0,14,2,6103.0
F00162,P00252,49.0,20,5,361.0
F00156,P00253,26.9,13,8,1001.0
F00179,P00253,59.2,13,9,2991.0
F00193,P00253,13.9,19,2,845.0
F00173,P00254,4.3,19,10,454.0
F00200,P00254,95.7,20,6,1996.0
F00190,P00255,100.0,13,9,904.0
F00174,P00256,100.0,17,6,11043.0
F00149,P00257,29.4,12,2,2620.0
F00154,P00257,61.3,15,8,2999.0
F00182,P00257,9.3,20,10,1102.0
F00149,P00258,32.4,20,9,2712.0
F00157,P00258,20.1,14,1,1760.0
F00174,P00258,47.5,14,5,5169.0
F00164,P00259,100.0,13,6,9721.0
F00156,P00260,26.1,16,6,563.0
F00198,P00260,73.9,15,9,2408.0
F00172,P00261,26.0,14,6,2379.0
F00179,P00261,74.0,12,5,6184.0
F00151,P00262,75.5,19,5,11002.0
F00159,P00262,24.5,18,3,2726.0
F00169,P00263,100.0,14,6,5248.0
F00193,P00264,100.0,12,1,8539.0
F00175,P00265,44.5,19,1,1309.0
F00183,P00265,35.9,20,9,1624.0
F00193,P00265,19.6,16,6,689.0
F00183,P00266,84.6,15,6,7635.0
F00184,P00266,15.4,13,6,1573.0
F00154,P00267,100.0,19,7,10217.0
F00172,P00268,100.0,16,4,10149.0
F00168,P00269,95.3,16,4,4379.0
F00172,P00269,4.7,18,6,174.0
F00173,P00270,100.0,14,5,2058.0
F00153,P00271,100.0,16,4,3455.0
F00194,P00272,100.0,14,4,3316.0
F00175,P00273,67.9,12,10,6972.0
F00183,P00273,12.7,12,1,389.0
F00193,P00273,19.4,12,9,1233.0
F00173,P00274,67.6,18,8,6729.0
F00191,P00274,32.4,18,2,873.0
F00151,P00275,90.0,17,8,2349.0
F00173,P00275,10.0,17,5,895.0
F00157,P00276,51.6,12,7,4529.0
F00186,P00276,29.5,12,3,910.0
F00193,P00276,18.9,20,5,2082.0
F00159,P00277,70.2,18,4,2439.0
F00172,P00277,29.8,12,1,2410.0
F00164,P00278,57.4,15,4,5123.0
F00201,P00278,42.6,16,5,1511.0
F00153,P00279,62.1,19,7,2586.0
F00198,P00279,37.9,16,7,1789.0
F00169,P00280,44.6,20,8,3809.0
F00193,P00280,55.4,12,5,7992.0
F00164,P00281,20.0,14,6,709.0
F00188,P00281,38.9,12,2,2571.0
F00194,P00281,41.1,12,7,688.0
F00175,P00282,100.0,13,3,7736.0
F00154,P00283,39.1,20,4,5120.0
F00175,P00283,19.5,20,7,2809.0
F00202,P00283,41.4,20,6,4675.0
F00165,P00284,66.1,14,4,4228.0
F00179,P00284,33.9,20,7,2780.0
F00151,P00285,100.0,13,7,14228.0
F00169,P00286,100.0,20,4,2180.0
F00200,P00287,100.0,20,9,2534.0
F00186,P00288,100.0,18,3,3515.0
F00172,P00289,42.2,20,10,1074.0
F00181,P00289,57.8,17,9,6655.0
F00155,P00290,27.6,15,8,706.0
F00173,P00290,46.1,12,9,1444.0
F00174,P00290,26.3,20,7,3187.0
F00154,P00291,78.6,19,1,5148.0
F00198,P00291,21.4,16,9,1921.0
F00173,P00292,63.5,12,6,2763.0
F00189,P00292,36.5,19,8,4254.0
F00174,P00293,64.4,13,9,7275.0
F00183,P00293,35.6,20,1,2964.0
F00174,P00294,50.0,12,4,4737.0
F00202,P00294,50.0,20,3,1818.0
F00175,P00295,100.0,16,7,4659.0
F00191,P00296,93.0,18,7,2548.0
F00199,P00296,7.0,20,9,688.0
F00175,P00297,49.5,20,7,1509.0
F00200,P00297,39.3,14,7,569.0
F00202,P00297,11.2,14,5,863.0
F00175,P00298,100.0,14,4,7898.0
F00159,P00299,63.2,17,2,6271.0
F00173,P00299,36.8,20,2,1287.0
F00160,P00300,41.5,17,4,2157.0
F00174,P00300,33.3,16,10,4176.0
F00199,P00300,25.2,17,8,792.0
F00162,P00301,41.4,12,9,1156.0
F00164,P00301,58.6,20,5,4324.0
F00151,P00302,100.0,18,2,11248.0
F00159,P00303,34.5,17,9,3156.0
F00174,P00303,65.5,13,8,8521.0
F00160,P00304,100.0,17,6,5428.0
F00169,P00305,22.4,15,9,917.0
F00179,P00305,51.7,16,4,4599.0
F00197,P00305,25.9,19,3,833.0
F00160,P00306,10.4,16,3,723.0
F00183,P00306,89.6,13,4,3698.0
F00200,P00307,100.0,18,6,4260.0
F00181,P00308,100.0,20,7,11849.0
F00203,P00309,100.0,20,8,2607.0
F00160,P00310,2.7,16,10,44.0
F00201,P00310,97.3,12,5,11738.0
F00161,P00311,100.0,17,5,1570.0
F00152,P00312,49.0,16,2,1003.0
F00165,P00312,51.0,20,3,2501.0
F00167,P00313,100.0,19,5,1577.0
F00184,P00314,100.0,13,2,2269.0
F00158,P00315,100.0,20,10,2184.0
F00157,P00316,100.0,20,1,8235.0
F00169,P00317,28.9,19,2,2411.0
F00202,P00317,71.1,19,10,7466.0
F00175,P00318,9.4,16,3,1205.0
F00184,P00318,90.6,16,9,9628.0
F00152,P00319,73.6,18,7,1377.0
F00179,P00319,26.4,18,4,469.0
F00173,P00320,78.8,18,7,8413.0
F00191,P00320,21.2,13,2,1062.0
F00154,P00321,16.0,13,6,863.0
F00159,P00321,29.7,15,8,3852.0
F00185,P00321,54.3,12,7,1689.0
F00169,P00322,100.0,13,4,1553.0
F00174,P00323,90.3,14,7,8245.0
F00190,P00323,9.7,20,2,228.0
F00183,P00324,100.0,13,1,7653.0
F00151,P00325,20.3,17,8,1771.0
F00157,P00325,19.8,14,2,386.0
F00186,P00325,59.9,13,4,1546.0
F00159,P00326,39.9,17,1,3431.0
F00172,P00326,60.1,13,5,5631.0
F00152,P00327,100.0,16,7,1375.0
F00194,P00328,10.6,12,7,697.0
F00199,P00328,38.8,16,3,4394.0
F00202,P00328,50.6,12,6,1609.0
F00188,P00329,100.0,19,7,10711.0
F00188,P00330,78.7,15,8,4514.0
F00190,P00330,21.3,13,6,574.0
F00156,P00331,19.3,18,6,1500.0
F00190,P00331,3.2,20,3,34.0
F00197,P00331,77.5,19,5,1224.0
F00174,P00332,100.0,15,6,2015.0
F00150,P00333,72.9,16,4,2180.0
F00162,P00333,27.1,12,1,844.0
F00172,P00334,100.0,15,3,5467.0
F00149,P00335,45.2,13,6,5805.0
F00183,P00335,54.8,17,9,1261.0
F00173,P00336,100.0,18,4,9698.0
F00150,P00337,100.0,20,4,2368.0
F00159,P00338,47.5,20,4,4631.0
F00160,P00338,47.4,19,5,2092.0
F00175,P00338,5.1,20,8,404.0
F00172,P00339,100.0,17,7,4168.0
F00179,P00340,100.0,20,3,4352.0
F00164,P00341,100.0,20,4,12220.0
F00201,P00342,100.0,14,10,4009.0
F00203,P00343,100.0,17,5,2529.0
F00150,P00344,75.2,17,8,2747.0
F00157,P00344,24.8,15,3,681.0
F00157,P00345,100.0,15,1,2728.0
F00176,P00346,60.5,14,5,3589.0
F00181,P00346,21.1,18,8,1669.0
F00183,P00346,18.4,15,2,1317.0
F00197,P00347,100.0,13,5,7445.0
F00161,P00348,76.7,20,6,3254.0
F00164,P00348,23.3,13,2,2818.0
F00165,P00349,100.0,15,8,11031.0
F00181,P00350,64.9,18,7,4610.0
F00202,P00350,35.1,12,6,915.0
F00150,P00351,35.7,20,7,2905.0
F00154,P00351,17.1,17,8,2259.0
F00201,P00351,47.2,14,8,5825.0
F00166,P00352,54.4,18,7,785.0
F00179,P00352,23.7,16,5,1867.0
F00183,P00352,21.9,13,1,1315.0
F00177,P00353,12.7,14,3,504.0
F00182,P00353,87.3,19,2,8305.0
F00156,P00354,100.0,14,6,10733.0
F00156,P00355,20.1,13,4,2647.0
F00199,P00355,66.3,16,5,4203.0
F00200,P00355,13.6,17,8,1099.0
F00149,P00356,100.0,12,9,5504.0
F00198,P00357,100.0,13,6,14381.0
F00178,P00358,100.0,13,10,941.0
F00188,P00359,33.8,14,5,823.0
F00202,P00359,66.2,12,2,3411.0
F00149,P00360,33.0,13,8,871.0
F00160,P00360,35.9,17,5,508.0
F00179,P00360,31.1,19,9,2515.0
F00156,P00361,100.0,19,8,2581.0
F00164,P00362,28.6,16,6,1155.0
F00189,P00362,8.1,14,6,794.0
F00201,P00362,63.3,14,2,1425.0
F00155,P00363,100.0,16,9,1928.0
F00193,P00364,100.0,16,1,13785.0
F00200,P00365,100.0,18,9,2460.0
F00172,P00366,42.3,15,3,4431.0
F00181,P00366,7.8,14,2,693.0
F00183,P00366,49.9,13,1,4062.0
F00159,P00367,100.0,13,2,2275.0
F00159,P00368,80.6,20,7,2723.0
F00202,P00368,19.4,13,4,2042.0
F00179,P00369,20.1,12,5,589.0
F00181,P00369,36.2,15,6,907.0
F00200,P00369,43.7,19,4,2668.0
F00153,P00370,29.5,15,7,1239.0
F00169,P00370,57.3,17,8,1717.0
F00176,P00370,13.2,15,9,264.0
F00168,P00371,68.7,14,5,3513.0
F00199,P00371,31.3,12,1,3457.0
F00167,P00372,100.0,12,6,3057.0
F00201,P00373,100.0,19,6,8440.0
F00176,P00374,89.8,12,8,1368.0
F00186,P00374,10.2,18,8,284.0
F00151,P00375,30.3,12,9,1538.0
F00159,P00375,35.6,19,5,3766.0
F00173,P00375,34.1,18,1,1033.0
F00176,P00376,33.8,14,7,923.0
F00191,P00376,66.2,17,10,2327.0
F00165,P00377,95.6,16,7,9123.0
F00201,P00377,4.4,13,8,282.0
F00151,P00378,100.0,16,10,10133.0
F00157,P00379,50.8,13,1,1391.0
F00179,P00379,48.2,17,7,1454.0
F00204,P00379,1.0,18,5,14.0
F00179,P00380,100.0,14,7,2463.0
F00156,P00381,100.0,15,10,3846.0
F00174,P00382,32.6,14,9,3304.0
F00195,P00382,62.9,20,3,984.0
F00201,P00382,4.5,16,8,160.0
F00175,P00383,100.0,18,3,5264.0
F00154,P00384,100.0,18,4,5027.0
F00150,P00385,67.3,14,8,3146.0
F00204,P00385,32.7,17,10,2689.0
F00173,P00386,68.6,12,3,3123.0
F00175,P00386,31.4,13,1,2498.0
F00172,P00387,31.7,13,5,994.0
F00202,P00387,68.3,12,7,2277.0
F00176,P00388,100.0,12,9,2676.0
F00175,P00389,21.2,14,1,1926.0
F00199,P00389,78.8,14,10,1854.0
F00164,P00390,51.6,16,6,1418.0
F00171,P00390,48.4,20,8,1837.0
F00183,P00391,100.0,13,1,8391.0
F00184,P00392,100.0,20,6,7843.0
F00165,P00393,100.0,13,6,5452.0
F00202,P00394,100.0,16,4,5340.0
F00151,P00395,100.0,18,4,3379.0
F00199,P00396,100.0,16,6,12416.0
F00161,P00397,52.7,18,2,607.0
F00178,P00397,28.2,12,2,207.0
F00193,P00397,19.1,12,2,2755.0
F00191,P00398,34.5,20,9,623.0
F00199,P00398,65.5,12,10,1786.0
F00166,P00399,60.0,16,9,1303.0
F00169,P00399,18.3,14,1,1290.0
F00193,P00399,21.7,18,7,1140.0
F00158,P00400,54.9,16,1,2515.0
F00202,P00400,45.1,13,2,4323.0
F00202,P00401,100.0,19,3,11602.0
F00165,P00402,100.0,14,9,10479.0
F00176,P00403,57.3,13,8,2018.0
F00200,P00403,42.7,20,6,1582.0
F00183,P00404,100.0,17,1,9060.0
F00156,P00405,76.4,16,9,6930.0
F00157,P00405,23.6,15,10,1969.0
F00164,P00406,100.0,16,7,8975.0
F00157,P00407,100.0,18,5,2981.0
F00162,P00408,41.8,15,1,2101.0
F00199,P00408,58.2,12,9,7763.0
F00179,P00409,72.8,12,6,5728.0
F00188,P00409,27.2,20,6,1715.0
F00153,P00410,100.0,14,10,2451.0
F00196,P00411,100.0,18,8,8679.0
F00156,P00412,100.0,15,8,11591.0
F00200,P00413,100.0,14,2,1325.0
F00172,P00414,100.0,20,10,5693.0
F00168,P00415,100.0,17,1,8213.0
F00176,P00416,51.0,16,1,3536.0
F00193,P00416,49.0,18,7,5386.0
F00173,P00417,30.8,16,10,3441.0
F00193,P00417,69.2,20,6,7961.0
F00175,P00418,100.0,14,9,10358.0
F00174,P00419,100.0,15,9,11380.0
F00153,P00420,33.7,16,2,2241.0
F00179,P00420,66.3,12,8,3291.0
F00173,P00421,68.3,12,7,7976.0
F00186,P00421,31.7,19,8,1490.0
F00150,P00422,12.2,16,6,446.0
F00152,P00422,77.5,13,7,2630.0
F00200,P00422,10.3,18,5,157.0
F00182,P00423,36.9,17,4,3424.0
F00193,P00423,20.3,18,2,2229.0
F00204,P00423,42.8,20,7,1126.0
F00157,P00424,36.7,20,2,3717.0
F00174,P00424,40.3,13,1,5045.0
F00183,P00424,23.0,18,5,625.0
F00152,P00425,100.0,15,5,4236.0
F00150,P00426,100.0,16,3,5151.0
F00158,P00427,100.0,19,1,4789.0
F00204,P00428,100.0,15,9,2797.0
F00151,P00429,19.1,16,5,2743.0
F00172,P00429,80.9,18,5,1583.0
F00193,P00430,100.0,15,9,12109.0
F00150,P00431,61.8,13,9,1163.0
F00201,P00431,38.2,19,8,1336.0
F00197,P00432,52.1,20,5,2146.0
F00199,P00432,47.9,19,10,5651.0
F00157,P00433,100.0,18,10,2876.0
F00156,P00434,61.0,20,3,3894.0
F00173,P00434,39.0,18,1,1568.0
F00172,P00435,41.4,15,1,2362.0
F00182,P00435,58.6,16,3,1781.0
F00211,P00436,100.0,14,8,5643.0
F00213,P00437,100.0,13,9,7480.0
F00213,P00438,100.0,12,3,7027.0
F00211,P00439,36.3,13,4,1512.0
F00212,P00439,63.7,17,6,1931.0
F00217,P00440,56.9,13,2,11008.0
F00219,P00440,43.1,15,10,2368.0
F00215,P00441,100.0,12,1,6762.0
F00221,P00442,100.0,15,4,19212.0
F00222,P00443,100.0,19,3,7096.0
F00220,P00444,84.2,12,5,11664.0
F00222,P00444,15.8,18,8,1919.0
F00221,P00445,79.3,14,3,8235.0
F00222,P00445,20.7,14,5,4041.0
F00227,P00446,100.0,12,1,4576.0
F00224,P00447,100.0,12,10,19988.0
F00225,P00448,52.4,18,5,1926.0
F00227,P00448,47.6,19,9,4401.0
F00054,P00449,100.0,14,4,
F00054,P00450,100.0,19,7,
F00054,P00451,100.0,14,10,
F00054,P00452,100.0,19,10,
F00055,P00453,100.0,19,4,
F00055,P00454,100.0,15,6,
F00055,P00455,100.0,14,5,
F00055,P00456,100.0,16,9,
F00056,P00457,23.6,13,10,
F00057,P00457,76.4,13,5,
F00056,P00458,40.8,13,5,
F00057,P00458,59.2,15,6,
F00056,P00459,100.0,16,1,
F00056,P00460,51.3,12,1,
F00057,P00460,48.7,12,1,
F00058,P00461,100.0,15,4,
F00058,P00462,37.1,16,3,
F00059,P00462,62.9,14,6,
F00058,P00463,72.5,13,7,
F00059,P00463,27.5,15,10,
F00060,P00464,100.0,15,4,
F00060,P00465,100.0,12,10,
F00060,P00466,100.0,18,10,
F00060,P00467,100.0,19,10,
F00061,P00468,66.6,14,5,
F00062,P00468,33.4,15,6,
F00062,P00469,100.0,20,5,
F00062,P00470,100.0,19,6,
F00062,P00471,100.0,13,10,
F00063,P00472,31.7,13,8,
F00064,P00472,68.3,12,1,
F00063,P00473,100.0,18,1,
F00064,P00474,100.0,15,1,
F00065,P00475,100.0,12,5,
F00065,P00476,100.0,15,9,
F00065,P00477,100.0,14,3,
