facility_id,part_id,step,qualification_months,spare_capacity_pct,data_source,confidence
F00210,P00001,fabrication,10,5.0,own_system,confirmed
F00263,P00001,packaging,7,19.3,own_system,confirmed
F00194,P00002,fabrication,7,20.4,own_system,confirmed
F00182,P00003,fabrication,9,27.7,own_system,confirmed
F00196,P00006,fabrication,12,28.6,own_system,confirmed
F00272,P00006,packaging,7,13.2,own_system,confirmed
F00189,P00007,fabrication,16,6.9,own_system,confirmed
F00260,P00009,packaging,8,28.7,own_system,confirmed
F00281,P00010,packaging,5,20.3,own_system,confirmed
F00195,P00012,fabrication,7,15.2,own_system,confirmed
F00271,P00013,packaging,4,28.0,own_system,confirmed
F00260,P00014,packaging,6,15.8,own_system,confirmed
F00163,P00015,fabrication,13,18.2,own_system,confirmed
F00271,P00015,packaging,3,8.1,own_system,confirmed
F00189,P00016,fabrication,13,12.5,own_system,confirmed
F00193,P00017,fabrication,15,9.9,own_system,confirmed
F00190,P00018,fabrication,13,24.0,own_system,confirmed
F00280,P00018,packaging,8,5.8,own_system,confirmed
F00268,P00020,packaging,7,16.2,own_system,confirmed
F00266,P00021,packaging,3,27.1,own_system,confirmed
F00168,P00022,fabrication,18,8.9,own_system,confirmed
F00173,P00023,fabrication,12,23.7,own_system,confirmed
F00269,P00023,packaging,8,5.3,own_system,confirmed
F00161,P00026,fabrication,6,13.6,own_system,confirmed
F00259,P00026,packaging,7,22.4,own_system,confirmed
F00189,P00027,fabrication,14,14.4,own_system,confirmed
F00269,P00027,packaging,7,11.5,own_system,confirmed
F00274,P00028,packaging,4,15.6,own_system,confirmed
F00190,P00029,fabrication,12,7.8,own_system,confirmed
F00265,P00031,packaging,9,25.9,own_system,confirmed
F00163,P00032,fabrication,6,9.6,own_system,confirmed
F00270,P00033,packaging,8,8.6,own_system,confirmed
F00194,P00035,fabrication,10,17.7,own_system,confirmed
F00258,P00036,packaging,9,12.1,own_system,confirmed
F00205,P00038,fabrication,7,25.3,own_system,confirmed
F00281,P00038,packaging,5,26.0,own_system,confirmed
F00190,P00039,fabrication,7,25.3,own_system,confirmed
F00163,P00040,fabrication,16,27.0,own_system,confirmed
F00274,P00040,packaging,5,10.8,own_system,confirmed
F00279,P00041,packaging,5,20.1,own_system,confirmed
F00203,P00042,fabrication,16,5.7,own_system,confirmed
F00260,P00043,packaging,6,5.4,own_system,confirmed
F00203,P00047,fabrication,13,25.1,own_system,confirmed
F00195,P00048,fabrication,11,11.7,own_system,confirmed
F00189,P00049,fabrication,18,10.4,own_system,confirmed
F00259,P00049,packaging,8,10.6,own_system,confirmed
F00160,P00050,fabrication,13,24.6,own_system,confirmed
F00210,P00053,fabrication,7,29.0,own_system,confirmed
F00270,P00053,packaging,3,25.5,own_system,confirmed
F00161,P00055,fabrication,15,9.0,own_system,confirmed
F00275,P00055,packaging,9,26.2,own_system,confirmed
F00203,P00056,fabrication,16,7.5,own_system,confirmed
F00277,P00057,packaging,8,17.7,own_system,confirmed
F00282,P00059,packaging,3,18.0,own_system,confirmed
F00189,P00062,fabrication,18,8.7,own_system,confirmed
F00282,P00062,packaging,6,29.1,own_system,confirmed
F00283,P00063,packaging,4,19.7,own_system,confirmed
F00189,P00064,fabrication,16,7.2,own_system,confirmed
F00190,P00066,fabrication,13,10.4,own_system,confirmed
F00165,P00067,fabrication,10,26.3,own_system,confirmed
F00192,P00068,fabrication,11,5.6,own_system,confirmed
F00275,P00068,packaging,8,26.5,own_system,confirmed
F00261,P00069,packaging,4,8.9,own_system,confirmed
F00277,P00070,packaging,6,19.0,own_system,confirmed
F00194,P00074,fabrication,15,17.5,own_system,confirmed
F00194,P00075,fabrication,15,14.1,own_system,confirmed
F00180,P00079,fabrication,9,26.0,own_system,confirmed
F00263,P00079,packaging,6,27.5,own_system,confirmed
F00283,P00081,packaging,4,8.8,own_system,confirmed
F00193,P00082,fabrication,15,26.6,own_system,confirmed
F00195,P00085,fabrication,17,26.0,own_system,confirmed
F00302,P00085,packaging,8,16.9,own_system,confirmed
F00319,P00087,packaging,7,17.5,own_system,confirmed
F00190,P00088,fabrication,18,28.5,own_system,confirmed
F00320,P00088,packaging,9,7.9,own_system,confirmed
F00193,P00089,fabrication,12,10.8,own_system,confirmed
F00288,P00090,packaging,6,24.1,own_system,confirmed
F00183,P00091,fabrication,18,22.7,own_system,confirmed
F00291,P00091,packaging,8,16.9,own_system,confirmed
F00286,P00092,packaging,3,15.6,own_system,confirmed
F00150,P00093,fabrication,14,27.6,own_system,confirmed
F00293,P00096,packaging,8,27.8,own_system,confirmed
F00299,P00097,packaging,8,19.7,own_system,confirmed
F00297,P00098,packaging,6,23.0,own_system,confirmed
F00196,P00099,fabrication,9,27.1,own_system,confirmed
F00194,P00101,fabrication,9,22.8,own_system,confirmed
F00296,P00101,packaging,5,13.2,own_system,confirmed
F00187,P00102,fabrication,8,26.9,own_system,confirmed
F00210,P00103,fabrication,16,17.3,own_system,confirmed
F00298,P00103,packaging,7,24.7,own_system,confirmed
F00187,P00105,fabrication,12,27.2,own_system,confirmed
F00183,P00106,fabrication,18,25.2,own_system,confirmed
F00300,P00106,packaging,3,28.0,own_system,confirmed
F00300,P00108,packaging,3,20.1,own_system,confirmed
F00161,P00109,fabrication,15,14.2,own_system,confirmed
F00301,P00114,packaging,4,23.8,own_system,confirmed
F00301,P00115,packaging,9,13.3,own_system,confirmed
F00165,P00117,fabrication,16,12.2,own_system,confirmed
F00290,P00117,packaging,4,11.3,own_system,confirmed
F00189,P00119,fabrication,9,18.4,own_system,confirmed
F00301,P00119,packaging,4,12.1,own_system,confirmed
F00183,P00120,fabrication,11,14.3,own_system,confirmed
F00321,P00120,packaging,8,21.1,own_system,confirmed
F00192,P00121,fabrication,18,17.2,own_system,confirmed
F00289,P00123,packaging,4,10.0,own_system,confirmed
F00205,P00124,fabrication,8,26.7,own_system,confirmed
F00195,P00125,fabrication,11,15.5,own_system,confirmed
F00320,P00128,packaging,6,14.9,own_system,confirmed
F00301,P00129,packaging,4,24.0,own_system,confirmed
F00287,P00131,packaging,5,7.6,own_system,confirmed
F00187,P00132,fabrication,7,26.2,own_system,confirmed
F00296,P00134,packaging,6,20.0,own_system,confirmed
F00201,P00135,fabrication,17,23.5,own_system,confirmed
F00317,P00135,packaging,8,22.1,own_system,confirmed
F00163,P00136,fabrication,9,13.5,own_system,confirmed
F00290,P00138,packaging,3,8.6,own_system,confirmed
F00163,P00140,fabrication,7,7.2,own_system,confirmed
F00287,P00140,packaging,8,12.1,own_system,confirmed
F00306,P00141,packaging,5,20.5,own_system,confirmed
F00210,P00142,fabrication,15,15.9,own_system,confirmed
F00190,P00143,fabrication,8,12.9,own_system,confirmed
F00296,P00143,packaging,7,28.5,own_system,confirmed
F00302,P00144,packaging,5,10.9,own_system,confirmed
F00311,P00145,packaging,5,28.1,own_system,confirmed
F00160,P00147,fabrication,13,7.9,own_system,confirmed
F00321,P00147,packaging,6,8.9,own_system,confirmed
F00150,P00149,fabrication,6,24.1,own_system,confirmed
F00150,P00150,fabrication,7,22.3,own_system,confirmed
F00193,P00152,fabrication,16,5.3,own_system,confirmed
F00292,P00152,packaging,7,27.2,own_system,confirmed
F00150,P00154,fabrication,10,16.5,own_system,confirmed
F00288,P00154,packaging,4,5.0,own_system,confirmed
F00210,P00155,fabrication,8,19.8,own_system,confirmed
F00189,P00157,fabrication,12,15.8,own_system,confirmed
F00318,P00157,packaging,5,24.7,own_system,confirmed
F00187,P00159,fabrication,17,15.0,own_system,confirmed
F00295,P00159,packaging,3,6.1,own_system,confirmed
F00193,P00162,fabrication,12,24.9,own_system,confirmed
F00293,P00162,packaging,7,17.8,own_system,confirmed
F00312,P00163,packaging,6,5.8,own_system,confirmed
F00296,P00164,packaging,8,29.7,own_system,confirmed
F00312,P00165,packaging,6,24.7,own_system,confirmed
F00195,P00166,fabrication,16,8.2,own_system,confirmed
F00161,P00167,fabrication,18,22.4,own_system,confirmed
F00294,P00167,packaging,6,11.8,own_system,confirmed
F00169,P00168,fabrication,11,13.8,own_system,confirmed
F00160,P00169,fabrication,11,15.5,own_system,confirmed
F00299,P00170,packaging,7,8.6,own_system,confirmed
F00320,P00173,packaging,5,11.9,own_system,confirmed
F00190,P00175,fabrication,16,5.5,own_system,confirmed
F00316,P00175,packaging,4,9.9,own_system,confirmed
F00305,P00176,packaging,9,8.3,own_system,confirmed
F00292,P00179,packaging,9,18.2,own_system,confirmed
F00317,P00180,packaging,6,17.1,own_system,confirmed
F00207,P00181,fabrication,6,10.4,own_system,confirmed
F00201,P00182,fabrication,16,16.0,own_system,confirmed
F00163,P00183,fabrication,10,7.5,own_system,confirmed
F00297,P00185,packaging,8,27.6,own_system,confirmed
F00150,P00187,fabrication,7,14.5,own_system,confirmed
F00316,P00189,packaging,5,17.9,own_system,confirmed
F00305,P00190,packaging,4,20.9,own_system,confirmed
F00192,P00194,fabrication,7,16.2,own_system,confirmed
F00302,P00194,packaging,8,17.5,own_system,confirmed
F00310,P00195,packaging,8,8.8,own_system,confirmed
F00291,P00197,packaging,4,10.9,own_system,confirmed
F00193,P00199,fabrication,18,14.5,own_system,confirmed
F00198,P00205,fabrication,8,11.5,own_system,confirmed
F00310,P00205,packaging,6,7.2,own_system,confirmed
F00198,P00207,fabrication,8,17.8,own_system,confirmed
F00189,P00208,fabrication,11,23.0,own_system,confirmed
F00312,P00209,packaging,5,8.3,own_system,confirmed
F00311,P00210,packaging,3,29.8,own_system,confirmed
F00150,P00211,fabrication,15,18.2,own_system,confirmed
F00306,P00212,packaging,5,14.9,own_system,confirmed
F00194,P00213,fabrication,15,8.3,own_system,confirmed
F00310,P00215,packaging,4,23.9,own_system,confirmed
F00178,P00217,fabrication,12,18.1,own_system,confirmed
F00310,P00217,packaging,5,17.3,own_system,confirmed
F00292,P00219,packaging,7,8.7,own_system,confirmed
F00293,P00222,packaging,9,6.9,own_system,confirmed
F00172,P00227,fabrication,16,25.2,own_system,confirmed
F00296,P00228,packaging,6,28.3,own_system,confirmed
F00196,P00229,fabrication,15,17.3,own_system,confirmed
F00293,P00229,packaging,8,19.5,own_system,confirmed
F00288,P00230,packaging,5,21.0,own_system,confirmed
F00204,P00233,fabrication,8,5.7,own_system,confirmed
F00289,P00233,packaging,4,9.2,own_system,confirmed
F00188,P00234,fabrication,10,9.1,own_system,confirmed
F00300,P00234,packaging,6,23.2,own_system,confirmed
F00319,P00236,packaging,9,10.9,own_system,confirmed
F00170,P00237,fabrication,18,21.6,own_system,confirmed
F00315,P00237,packaging,7,17.7,own_system,confirmed
F00200,P00241,fabrication,16,8.1,own_system,confirmed
F00285,P00241,packaging,6,26.3,own_system,confirmed
F00208,P00242,fabrication,14,8.9,own_system,confirmed
F00318,P00242,packaging,7,10.3,own_system,confirmed
F00310,P00243,packaging,8,19.8,own_system,confirmed
F00304,P00245,packaging,7,13.5,own_system,confirmed
F00301,P00246,packaging,9,8.2,own_system,confirmed
F00176,P00248,fabrication,17,17.2,own_system,confirmed
F00204,P00250,fabrication,8,29.9,own_system,confirmed
F00308,P00253,packaging,3,13.0,own_system,confirmed
F00183,P00254,fabrication,12,23.5,own_system,confirmed
F00288,P00256,packaging,5,23.1,own_system,confirmed
F00312,P00257,packaging,4,18.4,own_system,confirmed
F00149,P00258,fabrication,14,15.7,own_system,confirmed
F00296,P00258,packaging,9,8.3,own_system,confirmed
F00173,P00259,fabrication,6,14.6,own_system,confirmed
F00183,P00260,fabrication,13,9.0,own_system,confirmed
F00155,P00262,fabrication,11,6.7,own_system,confirmed
F00168,P00263,fabrication,12,26.0,own_system,confirmed
F00306,P00263,packaging,4,27.9,own_system,confirmed
F00191,P00264,fabrication,10,8.5,own_system,confirmed
F00173,P00266,fabrication,17,17.0,own_system,confirmed
F00184,P00267,fabrication,15,12.7,own_system,confirmed
F00303,P00268,packaging,6,23.5,own_system,confirmed
F00321,P00269,packaging,3,17.8,own_system,confirmed
F00175,P00272,fabrication,18,7.0,own_system,confirmed
F00288,P00272,packaging,6,9.1,own_system,confirmed
F00170,P00273,fabrication,13,18.6,own_system,confirmed
F00205,P00275,fabrication,15,27.4,own_system,confirmed
F00303,P00275,packaging,9,19.5,own_system,confirmed
F00173,P00278,fabrication,8,17.8,own_system,confirmed
F00297,P00278,packaging,4,21.7,own_system,confirmed
F00200,P00279,fabrication,13,9.5,own_system,confirmed
F00205,P00281,fabrication,18,14.9,own_system,confirmed
F00321,P00282,packaging,3,28.7,own_system,confirmed
F00196,P00285,fabrication,8,10.9,own_system,confirmed
F00173,P00286,fabrication,10,26.2,own_system,confirmed
F00290,P00286,packaging,5,24.0,own_system,confirmed
F00207,P00287,fabrication,18,18.0,own_system,confirmed
F00305,P00288,packaging,3,5.8,own_system,confirmed
F00202,P00290,fabrication,10,22.0,own_system,confirmed
F00295,P00290,packaging,3,10.4,own_system,confirmed
F00182,P00294,fabrication,15,27.0,own_system,confirmed
F00288,P00295,packaging,3,27.0,own_system,confirmed
F00191,P00298,fabrication,14,23.1,own_system,confirmed
F00175,P00299,fabrication,7,23.3,own_system,confirmed
F00185,P00301,fabrication,8,16.9,own_system,confirmed
F00190,P00302,fabrication,18,28.0,own_system,confirmed
F00288,P00302,packaging,7,13.8,own_system,confirmed
F00170,P00303,fabrication,7,12.6,own_system,confirmed
F00313,P00305,packaging,3,13.8,own_system,confirmed
F00159,P00306,fabrication,14,28.9,own_system,confirmed
F00311,P00306,packaging,9,8.4,own_system,confirmed
F00187,P00315,fabrication,6,6.1,own_system,confirmed
F00202,P00316,fabrication,7,14.4,own_system,confirmed
F00319,P00316,packaging,7,23.2,own_system,confirmed
F00301,P00319,packaging,5,18.4,own_system,confirmed
F00160,P00320,fabrication,13,18.8,own_system,confirmed
F00160,P00321,fabrication,11,9.6,own_system,confirmed
F00298,P00322,packaging,5,24.6,own_system,confirmed
F00188,P00324,fabrication,6,11.0,own_system,confirmed
F00284,P00325,packaging,4,11.4,own_system,confirmed
F00295,P00326,packaging,7,28.4,own_system,confirmed
F00313,P00328,packaging,8,27.9,own_system,confirmed
F00320,P00330,packaging,5,28.8,own_system,confirmed
F00198,P00331,fabrication,6,12.5,own_system,confirmed
F00167,P00332,fabrication,10,15.7,own_system,confirmed
F00179,P00333,fabrication,6,28.0,own_system,confirmed
F00177,P00335,fabrication,7,10.2,own_system,confirmed
F00310,P00335,packaging,9,19.2,own_system,confirmed
F00206,P00336,fabrication,12,5.8,own_system,confirmed
F00204,P00339,fabrication,8,11.9,own_system,confirmed
F00196,P00341,fabrication,10,10.0,own_system,confirmed
F00286,P00341,packaging,5,16.5,own_system,confirmed
F00317,P00343,packaging,5,26.2,own_system,confirmed
F00195,P00346,fabrication,12,27.4,own_system,confirmed
F00192,P00348,fabrication,16,20.9,own_system,confirmed
F00171,P00350,fabrication,17,17.3,own_system,confirmed
F00180,P00352,fabrication,10,18.3,own_system,confirmed
F00207,P00354,fabrication,18,13.2,own_system,confirmed
F00185,P00355,fabrication,15,5.3,own_system,confirmed
F00195,P00356,fabrication,17,18.4,own_system,confirmed
F00293,P00356,packaging,9,14.4,own_system,confirmed
F00294,P00357,packaging,6,26.5,own_system,confirmed
F00207,P00359,fabrication,12,27.7,own_system,confirmed
F00198,P00360,fabrication,17,11.3,own_system,confirmed
F00207,P00361,fabrication,8,28.5,own_system,confirmed
F00305,P00362,packaging,8,11.8,own_system,confirmed
F00308,P00363,packaging,6,23.5,own_system,confirmed
F00196,P00364,fabrication,13,23.9,own_system,confirmed
F00321,P00364,packaging,8,26.5,own_system,confirmed
F00153,P00365,fabrication,15,19.6,own_system,confirmed
F00167,P00366,fabrication,8,21.2,own_system,confirmed
F00187,P00368,fabrication,14,14.4,own_system,confirmed
F00150,P00369,fabrication,6,13.6,own_system,confirmed
F00150,P00371,fabrication,15,10.4,own_system,confirmed
F00150,P00373,fabrication,18,6.9,own_system,confirmed
F00289,P00375,packaging,6,20.5,own_system,confirmed
F00294,P00377,packaging,8,16.4,own_system,confirmed
F00295,P00378,packaging,6,18.8,own_system,confirmed
F00182,P00380,fabrication,7,25.9,own_system,confirmed
F00176,P00381,fabrication,6,24.3,own_system,confirmed
F00314,P00381,packaging,9,18.2,own_system,confirmed
F00188,P00383,fabrication,7,11.9,own_system,confirmed
F00200,P00386,fabrication,16,11.4,own_system,confirmed
F00198,P00387,fabrication,9,28.3,own_system,confirmed
F00288,P00387,packaging,9,15.3,own_system,confirmed
F00203,P00388,fabrication,13,19.4,own_system,confirmed
F00294,P00392,packaging,5,18.8,own_system,confirmed
F00284,P00394,packaging,7,8.0,own_system,confirmed
F00304,P00395,packaging,6,26.1,own_system,confirmed
F00173,P00396,fabrication,8,10.4,own_system,confirmed
F00181,P00397,fabrication,13,14.0,own_system,confirmed
F00165,P00399,fabrication,14,28.3,own_system,confirmed
F00188,P00401,fabrication,11,25.5,own_system,confirmed
F00312,P00401,packaging,8,21.0,own_system,confirmed
F00197,P00402,fabrication,6,28.2,own_system,confirmed
F00204,P00406,fabrication,10,21.7,own_system,confirmed
F00182,P00407,fabrication,9,12.2,own_system,confirmed
F00199,P00408,fabrication,10,21.5,own_system,confirmed
F00304,P00408,packaging,9,10.6,own_system,confirmed
F00189,P00411,fabrication,12,19.9,own_system,confirmed
F00311,P00411,packaging,4,7.9,own_system,confirmed
F00307,P00412,packaging,5,26.6,own_system,confirmed
F00299,P00413,packaging,4,26.6,own_system,confirmed
F00289,P00418,packaging,7,11.8,own_system,confirmed
F00177,P00419,fabrication,15,11.5,own_system,confirmed
F00177,P00421,fabrication,7,5.3,own_system,confirmed
F00313,P00421,packaging,6,21.2,own_system,confirmed
F00307,P00427,packaging,3,9.5,own_system,confirmed
F00209,P00429,fabrication,10,20.5,own_system,confirmed
F00205,P00430,fabrication,9,25.8,own_system,confirmed
F00304,P00430,packaging,3,11.5,own_system,confirmed
F00192,P00433,fabrication,18,19.3,own_system,confirmed
F00167,P00436,fabrication,17,18.4,own_system,confirmed
F00291,P00437,packaging,3,10.9,own_system,confirmed
F00204,P00438,fabrication,7,29.3,own_system,confirmed
F00320,P00438,packaging,4,26.2,own_system,confirmed
F00177,P00439,fabrication,16,28.7,own_system,confirmed
F00310,P00439,packaging,9,12.2,own_system,confirmed
F00176,P00440,fabrication,6,18.4,own_system,confirmed
F00184,P00441,fabrication,12,16.7,own_system,confirmed
F00156,P00442,fabrication,10,29.4,own_system,confirmed
F00218,P00449,fabrication,18,29.3,own_system,confirmed
F00223,P00453,fabrication,8,20.9,own_system,confirmed
F00227,P00455,fabrication,14,23.4,own_system,confirmed
F00226,P00456,fabrication,8,22.2,own_system,confirmed
F00226,P00457,fabrication,12,12.5,own_system,confirmed
F00226,P00458,fabrication,14,11.7,own_system,confirmed
F00227,P00461,fabrication,16,8.8,own_system,confirmed
F00229,P00467,fabrication,9,26.2,own_system,confirmed
F00052,P00482,fabrication,10,23.8,own_system,confirmed
F00060,P00492,fabrication,18,10.5,own_system,confirmed
