company_id,name,role,subtype,hq_country,ownership,founded_year,employees
C00001,Nyroux Wafers,materials,wafers,JPN,public,1982,3866
C00002,Nyrenium Wafers,materials,wafers,JPN,private,2014,8076
C00003,Noriant Wafers,materials,wafers,JPN,public,1998,745
C00004,Faloark Wafers,materials,wafers,JPN,public,2017,651
C00005,Sylanark Wafers,materials,wafers,JPN,public,2007,419
C00006,Norarent Wafers,materials,wafers,JPN,private,1988,1923
C00007,Davenys Wafers,materials,wafers,JPN,private,1999,3727
C00008,Coreux Wafers,materials,wafers,JPN,private,1968,23048
C00009,Halirios Wafers,materials,wafers,JPN,private,1990,543
C00010,Fenirell Silicon,materials,polysilicon,CHN,state_owned,1970,1030
C00011,Joriseon Silicon,materials,polysilicon,CHN,public,1991,591
C00012,Pyraent Silicon,materials,polysilicon,USA,public,1981,1889
C00013,Falelys Silicon,materials,polysilicon,USA,public,1975,1456
C00014,Brynisys Chemicals,materials,photoresist,JPN,public,1976,946
C00015,Alvuix Chemicals,materials,photoresist,JPN,private,1965,3735
C00016,Falirara Chemicals,materials,photoresist,JPN,private,1986,1270
C00017,Selenion Chemicals,materials,photoresist,KOR,private,2016,3763
C00018,Rynirux Chemicals,materials,photoresist,KOR,public,2010,4667
C00019,Breveara Chemicals,materials,photoresist,USA,private,2010,15275
C00020,Caelirara Chemicals,materials,photoresist,USA,public,1991,1838
C00021,Quinorium Materials,materials,specialty_gases,CHN,private,1998,483
C00022,Caelelet Materials,materials,specialty_gases,CHN,state_owned,2013,2167
C00023,Brynorond Materials,materials,specialty_gases,DEU,public,1973,2521
C00024,Rynent Materials,materials,specialty_gases,DEU,public,2014,496
C00025,Kavorium Materials,materials,specialty_gases,JPN,public,2005,596
C00026,Irarium Materials,materials,specialty_gases,JPN,public,2005,1725
C00027,Wynaret Materials,materials,specialty_gases,TWN,private,1969,1253
C00028,Fenirond Materials,materials,specialty_gases,TWN,private,1976,687
C00029,Thalell Chemicals,materials,wet_chemicals,CHN,state_owned,2016,7323
C00030,Davuark Chemicals,materials,wet_chemicals,CHN,private,1965,4065
C00031,Iriell Chemicals,materials,wet_chemicals,JPN,public,2014,437
C00032,Velisix Chemicals,materials,wet_chemicals,JPN,public,1989,2430
C00033,Thalanios Chemicals,materials,wet_chemicals,TWN,public,2001,104
C00034,Obrirex Chemicals,materials,wet_chemicals,TWN,public,2016,2134
C00035,Kavaora Chemicals,materials,wet_chemicals,USA,public,2008,4662
C00036,Wynareon Chemicals,materials,wet_chemicals,USA,public,1985,1398
C00037,Gryanane Materials,materials,substrates,JPN,public,2019,3856
C00038,Mevorant Materials,materials,substrates,JPN,public,1968,2105
C00039,Velenet Materials,materials,substrates,JPN,private,1983,17386
C00040,Ithaeth Materials,materials,substrates,KOR,public,1976,167
C00041,Loraux Materials,materials,substrates,KOR,public,1973,6808
C00042,Quinell Materials,materials,substrates,KOR,public,1986,3134
C00043,Draell Materials,materials,substrates,TWN,private,1976,27803
C00044,Pelelium Materials,materials,substrates,TWN,public,2014,271
C00045,Ithorark Materials,materials,cmp_slurry,JPN,public,2021,735
C00046,Thalirys Materials,materials,cmp_slurry,JPN,public,2014,1252
C00047,Wynoryn Materials,materials,cmp_slurry,TWN,public,1996,65
C00048,Ithenane Materials,materials,cmp_slurry,TWN,public,2013,2816
C00049,Elanark Materials,materials,cmp_slurry,USA,private,2015,1837
C00050,Syluix Materials,materials,cmp_slurry,USA,private,1992,2474
C00051,Yarenent Lithography,equipment,lithography,JPN,public,1981,1933
C00052,Quinoane Lithography,equipment,lithography,JPN,private,1992,2806
C00053,Wynanux Lithography,equipment,lithography,NLD,public,2012,26403
C00054,Brynuant Lithography,equipment,lithography,NLD,public,1988,2990
C00055,Eskisent Systems,equipment,etch,CHN,private,1997,6000
C00056,Wenaex Systems,equipment,etch,CHN,public,1972,2472
C00057,Davenora Systems,equipment,etch,JPN,public,1971,2001
C00058,Mevoex Systems,equipment,etch,JPN,private,1967,4921
C00059,Thaleark Systems,equipment,etch,KOR,private,1971,10671
C00060,Thalireth Systems,equipment,etch,KOR,private,1969,153
C00061,Yarorion Systems,equipment,etch,USA,public,1982,564
C00062,Brevanys Systems,equipment,etch,USA,public,1998,788
C00063,Nyroane Systems,equipment,etch,USA,public,1987,3951
C00064,Araeth Equipment,equipment,deposition,CHN,public,1996,7716
C00065,Mevoell Equipment,equipment,deposition,CHN,private,2016,1184
C00066,Fenelium Equipment,equipment,deposition,DEU,public,2020,37732
C00067,Rynorond Equipment,equipment,deposition,DEU,public,1987,1135
C00068,Faleant Equipment,equipment,deposition,JPN,public,1978,4659
C00069,Yaryn Equipment,equipment,deposition,JPN,public,1970,1575
C00070,Wynaryn Equipment,equipment,deposition,KOR,public,1976,1181
C00071,Uliara Equipment,equipment,deposition,KOR,private,1971,781
C00072,Selisent Equipment,equipment,deposition,USA,private,1968,1629
C00073,Draelios Equipment,equipment,deposition,USA,private,2015,287
C00074,Sylient Instruments,equipment,metrology,CHN,private,2005,171
C00075,Nyroet Instruments,equipment,metrology,CHN,state_owned,1965,2619
C00076,Falireth Instruments,equipment,metrology,DEU,public,1976,449
C00077,Coranix Instruments,equipment,metrology,DEU,public,1992,834
C00078,Araret Instruments,equipment,metrology,JPN,public,1988,1058
C00079,Arenion Instruments,equipment,metrology,JPN,private,1975,782
C00080,Kavoet Instruments,equipment,metrology,USA,private,2001,3608
C00081,Zoriora Instruments,equipment,metrology,USA,private,2009,2562
C00082,Rosayn Solutions,equipment,cleaning,DEU,public,1970,320
C00083,Caeloreth Solutions,equipment,cleaning,DEU,private,1986,739
C00084,Brynix Solutions,equipment,cleaning,JPN,public,1998,3787
C00085,Brynoark Solutions,equipment,cleaning,JPN,private,1967,1290
C00086,Thaloys Solutions,equipment,cleaning,USA,public,2006,1071
C00087,Meviet Solutions,equipment,cleaning,USA,public,1986,22657
C00088,Mevenark Equipment,equipment,ion_implant,CHN,public,1976,1351
C00089,Wynirark Equipment,equipment,ion_implant,CHN,public,2017,555
C00090,Quinorane Equipment,equipment,ion_implant,USA,public,1999,5970
C00091,Ireara Equipment,equipment,ion_implant,USA,private,2018,3588
C00092,Keleix Equipment,equipment,ion_implant,USA,public,2015,4392
C00093,Nyrelios Precision,equipment,assembly_tools,JPN,private,1993,951
C00094,Falueth Precision,equipment,assembly_tools,JPN,public,2012,3461
C00095,Mevorova Precision,equipment,assembly_tools,JPN,private,1968,2013
C00096,Arenell Precision,equipment,assembly_tools,JPN,public,1995,875
C00097,Rosisora Precision,equipment,assembly_tools,SGP,public,1979,398
C00098,Pelarova Precision,equipment,assembly_tools,SGP,private,1970,1501
C00099,Obriux Precision,equipment,assembly_tools,USA,public,2017,714
C00100,Nyrenant Precision,equipment,assembly_tools,USA,public,1996,8839
C00101,Caelanyn Design,eda_ip,eda,GBR,private,1981,1075
C00102,Gryenyn Design,eda_ip,eda,GBR,private,2016,3644
C00103,Kavirion Design,eda_ip,eda,USA,private,1979,157
C00104,Lorirux Design,eda_ip,eda,USA,private,2000,4512
C00105,Mevorell Design,eda_ip,eda,USA,public,1967,627
C00106,Lunenion Design,eda_ip,eda,USA,private,2019,1731
C00107,Lunaex Labs,eda_ip,ip,USA,public,1983,5001
C00108,Lunova Labs,eda_ip,ip,USA,public,1993,1803
C00109,Gryiseon Labs,eda_ip,ip,USA,private,1990,4533
C00110,Loruyn Labs,eda_ip,ip,USA,public,1974,6692
C00111,Coriex Foundry,foundry,foundry,CHN,public,1978,6065
C00112,Nyreix Foundry,foundry,foundry,CHN,state_owned,1979,7795
C00113,Alvays Foundry,foundry,foundry,CHN,private,1979,5357
C00114,Mevient Foundry,foundry,foundry,CHN,public,1994,14018
C00115,Fenelant Foundry,foundry,foundry,JPN,private,1969,2097
C00116,Syliset Foundry,foundry,foundry,JPN,public,2021,1832
C00117,Davova Foundry,foundry,foundry,KOR,private,1986,231
C00118,Hesirant Foundry,foundry,foundry,KOR,private,1996,15348
C00119,Caelisane Foundry,foundry,foundry,KOR,public,1972,1398
C00120,Ryniell Foundry,foundry,foundry,KOR,private,2017,17529
C00121,Zelaond Foundry,foundry,foundry,TWN,public,1985,1157
C00122,Hesorios Foundry,foundry,foundry,TWN,public,1965,943
C00123,Zelelios Foundry,foundry,foundry,TWN,public,1969,2425
C00124,Lunarora Foundry,foundry,foundry,TWN,private,1987,1465
C00125,Tavoant Foundry,foundry,foundry,USA,public,2011,640
C00126,Belarent Foundry,foundry,foundry,USA,public,1981,3779
C00127,Lunorova Memory,memory,dram_hbm,CHN,public,2005,1007
C00128,Xaniys Memory,memory,dram_hbm,CHN,state_owned,2007,20430
C00129,Draelane Memory,memory,dram_hbm,JPN,public,2009,241
C00130,Zoruark Memory,memory,dram_hbm,JPN,private,2002,1074
C00131,Maraet Memory,memory,dram_hbm,KOR,public,1982,1145
C00132,Joroex Memory,memory,dram_hbm,KOR,public,2009,4951
C00133,Seleova Memory,memory,nand,CHN,private,1985,7046
C00134,Fenanant Memory,memory,nand,CHN,public,1978,3063
C00135,Norelys Memory,memory,nand,USA,public,1968,27655
C00136,Nyranios Memory,memory,nand,USA,public,1981,10594
C00137,Corisent Packaging,packaging,advanced_packaging,CHN,public,2000,9384
C00138,Thalirell Packaging,packaging,advanced_packaging,CHN,state_owned,1976,5776
C00139,Lunirium Packaging,packaging,advanced_packaging,KOR,private,2021,3140
C00140,Corenix Packaging,packaging,advanced_packaging,KOR,public,1997,1996
C00141,Galorios Packaging,packaging,advanced_packaging,TWN,private,2017,3823
C00142,Zoriara Packaging,packaging,advanced_packaging,TWN,private,2010,24110
C00143,Aririum Packaging,packaging,advanced_packaging,TWN,public,1978,262
C00144,Velisova Packaging,packaging,advanced_packaging,TWN,public,2011,7986
C00145,Velaneth Packaging,packaging,advanced_packaging,USA,public,1988,6285
C00146,Pyrion Packaging,packaging,advanced_packaging,USA,public,1997,9833
C00147,Eskiseon Technologies,packaging,standard_packaging,CHN,public,2007,244
C00148,Lunirex Technologies,packaging,standard_packaging,CHN,public,1997,1129
C00149,Eskiet Technologies,packaging,standard_packaging,CHN,public,1977,5521
C00150,Coriane Technologies,packaging,standard_packaging,KOR,private,1993,13211
C00151,Wynond Technologies,packaging,standard_packaging,KOR,public,2002,11439
C00152,Calaneth Technologies,packaging,standard_packaging,MYS,public,2010,932
C00153,Rynenion Technologies,packaging,standard_packaging,MYS,public,2009,10503
C00154,Elelark Technologies,packaging,standard_packaging,SGP,private,2007,1718
C00155,Lunuara Technologies,packaging,standard_packaging,SGP,public,1974,1691
C00156,Yaraova Technologies,packaging,standard_packaging,TWN,private,2019,7102
C00157,Gryarex Technologies,packaging,standard_packaging,TWN,private,1975,7699
C00158,Lunanond Technologies,packaging,standard_packaging,TWN,public,1974,1398
C00159,Iriseth Technologies,packaging,standard_packaging,USA,private,2013,3664
C00160,Zelaex Technologies,packaging,standard_packaging,USA,public,2004,564
C00161,Gryiset Compute,chip_designer,ai,CAN,public,1982,2197
C00162,Aroreth Compute,chip_designer,ai,CAN,private,1979,670
C00163,Caelenora Compute,chip_designer,ai,CHN,private,1988,577
C00164,Davirell Compute,chip_designer,ai,CHN,private,1965,539
C00165,Meveova Compute,chip_designer,ai,CHN,public,1979,1088
C00166,Wenarios Compute,chip_designer,ai,GBR,public,2007,1119
C00167,Iroet Compute,chip_designer,ai,GBR,private,2016,823
C00168,Uluet Compute,chip_designer,ai,GBR,public,1965,10129
C00169,Zorarara Compute,chip_designer,ai,KOR,public,1998,1356
C00170,Nororora Compute,chip_designer,ai,KOR,public,1991,11836
C00171,Mevoryn Compute,chip_designer,ai,TWN,public,2021,3117
C00172,Ulenell Compute,chip_designer,ai,TWN,public,1970,1385
C00173,Noranium Compute,chip_designer,ai,TWN,public,1992,304
C00174,Noryn Compute,chip_designer,ai,TWN,public,2009,219
C00175,Arirent Compute,chip_designer,ai,TWN,public,2018,182
C00176,Cororark Compute,chip_designer,ai,TWN,private,1977,524
C00177,Ulaix Compute,chip_designer,ai,USA,private,1988,9691
C00178,Sylorova Compute,chip_designer,ai,USA,private,2010,3275
C00179,Halelix Compute,chip_designer,ai,USA,public,1989,642
C00180,Kavenond Compute,chip_designer,ai,USA,public,2002,476
C00181,Vorisara Compute,chip_designer,ai,USA,public,1998,2328
C00182,Wyniys Compute,chip_designer,ai,USA,private,2018,2923
C00183,Ithanora Compute,chip_designer,ai,USA,private,1981,1578
C00184,Vorenix Compute,chip_designer,ai,USA,private,1974,4221
C00185,Nyrenet Compute,chip_designer,ai,USA,private,1999,1525
C00186,Syloyn Microsystems,chip_designer,cpu,CHN,state_owned,1985,2243
C00187,Kelark Microsystems,chip_designer,cpu,CHN,public,1997,1475
C00188,Uloeth Microsystems,chip_designer,cpu,KOR,private,2018,396
C00189,Brevanara Microsystems,chip_designer,cpu,KOR,private,1977,14370
C00190,Quinelant Microsystems,chip_designer,cpu,TWN,public,2021,1753
C00191,Hesuora Microsystems,chip_designer,cpu,TWN,public,1995,1363
C00192,Tavoreth Microsystems,chip_designer,cpu,USA,private,2003,9609
C00193,Quinelex Microsystems,chip_designer,cpu,USA,public,1990,666
C00194,Mariond Microsystems,chip_designer,cpu,USA,public,1998,6145
C00195,Noriara Microsystems,chip_designer,cpu,USA,private,2010,1028
C00196,Ulion Microsystems,chip_designer,cpu,USA,public,1975,4445
C00197,Rosaeth Microsystems,chip_designer,cpu,USA,public,1990,259
C00198,Fenoark Microsystems,chip_designer,cpu,USA,public,1966,6599
C00199,Gryelet Microsystems,chip_designer,cpu,USA,public,1971,2691
C00200,Mevorios Microsystems,chip_designer,cpu,USA,private,2017,5148
C00201,Irenion Photonics,chip_designer,network,CAN,public,2014,4554
C00202,Tavirara Photonics,chip_designer,network,CAN,private,1990,3612
C00203,Thalirux Photonics,chip_designer,network,CHN,private,1993,42688
C00204,Ithelova Photonics,chip_designer,network,CHN,state_owned,1980,1036
C00205,Keluix Photonics,chip_designer,network,CHN,public,2008,817
C00206,Uluys Photonics,chip_designer,network,CHN,public,1978,2869
C00207,Loranet Photonics,chip_designer,network,CHN,public,2000,905
C00208,Vorelux Photonics,chip_designer,network,CHN,public,1986,1587
C00209,Kavoent Photonics,chip_designer,network,CHN,private,2019,4067
C00210,Joreneth Photonics,chip_designer,network,GBR,public,1989,1327
C00211,Lunaora Photonics,chip_designer,network,GBR,public,1994,1324
C00212,Kavisara Photonics,chip_designer,network,ISR,public,1970,5162
C00213,Vorara Photonics,chip_designer,network,ISR,public,1982,2059
C00214,Ularix Photonics,chip_designer,network,KOR,private,2018,181
C00215,Arueth Photonics,chip_designer,network,KOR,public,1989,912
C00216,Kavenora Photonics,chip_designer,network,TWN,public,1979,1167
C00217,Xanisora Photonics,chip_designer,network,TWN,public,1983,1823
C00218,Pyrelux Photonics,chip_designer,network,TWN,public,1995,312
C00219,Alvelora Photonics,chip_designer,network,USA,public,1982,4973
C00220,Hesenux Photonics,chip_designer,network,USA,public,1983,2588
C00221,Weneix Photonics,chip_designer,network,USA,private,1987,1828
C00222,Obrorane Photonics,chip_designer,network,USA,public,1971,16491
C00223,Corelys Photonics,chip_designer,network,USA,private,2001,36051
C00224,Ryneys Photonics,chip_designer,network,USA,public,1999,5865
C00225,Keluent Photonics,chip_designer,network,USA,public,2014,3267
C00226,Zorirant Devices,chip_designer,power,CAN,public,2000,4351
C00227,Belorux Devices,chip_designer,power,CAN,public,1999,914
C00228,Pyriova Devices,chip_designer,power,CHN,private,2005,5832
C00229,Rosorark Devices,chip_designer,power,CHN,state_owned,2011,9340
C00230,Calorux Devices,chip_designer,power,CHN,state_owned,1978,674
C00231,Gryareon Devices,chip_designer,power,CHN,public,2014,1202
C00232,Velisell Devices,chip_designer,power,CHN,state_owned,1974,310
C00233,Sylelux Devices,chip_designer,power,CHN,public,1992,491
C00234,Calisios Devices,chip_designer,power,CHN,public,1985,11329
C00235,Hesenix Devices,chip_designer,power,CHN,private,2009,801
C00236,Selisys Devices,chip_designer,power,CHN,state_owned,1991,186
C00237,Orlisyn Devices,chip_designer,power,ISR,public,1973,369
C00238,Wenirix Devices,chip_designer,power,ISR,private,2021,666
C00239,Pyret Devices,chip_designer,power,ISR,public,2007,5284
C00240,Xanoark Devices,chip_designer,power,ISR,private,1988,7107
C00241,Syliora Devices,chip_designer,power,ISR,private,2018,3340
C00242,Loriet Devices,chip_designer,power,ISR,public,1973,1122
C00243,Gryora Devices,chip_designer,power,JPN,public,1976,2998
C00244,Pyreleth Devices,chip_designer,power,JPN,public,1984,815
C00245,Galisara Devices,chip_designer,power,KOR,private,2016,5852
C00246,Meviret Devices,chip_designer,power,KOR,public,1970,642
C00247,Zelanond Devices,chip_designer,power,TWN,public,2012,334
C00248,Ulelora Devices,chip_designer,power,TWN,public,1981,949
C00249,Galorark Devices,chip_designer,power,TWN,private,1979,7123
C00250,Eskanane Devices,chip_designer,power,TWN,public,1972,428
C00251,Norelium Devices,chip_designer,power,TWN,private,2003,17422
C00252,Nyriseon Devices,chip_designer,power,TWN,private,2005,123
C00253,Wenoell Devices,chip_designer,power,USA,public,2007,11981
C00254,Vorirex Devices,chip_designer,power,USA,public,1970,531
C00255,Obroant Devices,chip_designer,power,USA,public,2019,2366
C00256,Vorelet Devices,chip_designer,power,USA,private,1996,834
C00257,Zelelion Devices,chip_designer,power,USA,private,1972,4726
C00258,Daviane Devices,chip_designer,power,USA,public,1982,357
C00259,Seliane Devices,chip_designer,power,USA,private,1972,5133
C00260,Vorisent Devices,chip_designer,power,USA,public,1976,6423
C00261,Quineth Servers,server_maker,server_maker,CHN,state_owned,1987,734
C00262,Jorux Servers,server_maker,server_maker,CHN,state_owned,2009,8251
C00263,Wynorios Servers,server_maker,server_maker,CHN,public,1983,2374
C00264,Pyriux Servers,server_maker,server_maker,CHN,public,2015,4320
C00265,Falanex Servers,server_maker,server_maker,CHN,public,1998,1269
C00266,Aroeth Servers,server_maker,server_maker,CHN,public,1983,532
C00267,Itharell Servers,server_maker,server_maker,CHN,state_owned,1988,2255
C00268,Caelaell Servers,server_maker,server_maker,CHN,private,1973,1749
C00269,Peliark Servers,server_maker,server_maker,CHN,public,1986,265
C00270,Sylent Servers,server_maker,server_maker,JPN,private,1979,797
C00271,Nyryn Servers,server_maker,server_maker,JPN,private,2016,6208
C00272,Kelenora Servers,server_maker,server_maker,JPN,private,1965,1742
C00273,Velelium Servers,server_maker,server_maker,TWN,private,2003,2648
C00274,Brynelux Servers,server_maker,server_maker,TWN,private,2008,360
C00275,Brynaix Servers,server_maker,server_maker,TWN,public,1982,869
C00276,Lorieth Servers,server_maker,server_maker,TWN,public,2001,1623
C00277,Galarova Servers,server_maker,server_maker,TWN,public,2012,2467
C00278,Gryaneth Servers,server_maker,server_maker,TWN,private,2001,1057
C00279,Pyroant Servers,server_maker,server_maker,TWN,public,2013,2359
C00280,Taviond Servers,server_maker,server_maker,TWN,public,1977,3900
C00281,Ithelet Servers,server_maker,server_maker,TWN,public,1974,31833
C00282,Kavelium Servers,server_maker,server_maker,TWN,public,2015,720
C00283,Wynirys Servers,server_maker,server_maker,TWN,public,1973,4833
C00284,Veluora Servers,server_maker,server_maker,TWN,public,2006,8093
C00285,Xanarix Servers,server_maker,server_maker,TWN,private,1995,282
C00286,Coroix Servers,server_maker,server_maker,TWN,private,2006,1037
C00287,Wenenova Servers,server_maker,server_maker,USA,private,1969,1307
C00288,Obrarios Servers,server_maker,server_maker,USA,public,1999,30691
C00289,Quineon Servers,server_maker,server_maker,USA,private,1982,2084
C00290,Lorenium Servers,server_maker,server_maker,USA,public,2009,915
C00291,Xaneark Servers,server_maker,server_maker,USA,public,2007,2847
C00292,Lunirora Servers,server_maker,server_maker,USA,private,1996,955
C00293,Norarova Servers,server_maker,server_maker,USA,private,1987,10954
C00294,Ararux Servers,server_maker,server_maker,USA,public,2019,724
C00295,Joranys Servers,server_maker,server_maker,USA,public,2000,940
C00296,Selaell Servers,server_maker,server_maker,USA,private,1979,354
C00297,Thaliova Servers,server_maker,server_maker,USA,private,2005,1603
C00298,Ithuyn Servers,server_maker,server_maker,USA,private,2008,413
C00299,Rynanys Servers,server_maker,server_maker,USA,private,1990,3242
C00300,Kaveora Servers,server_maker,server_maker,USA,public,1975,1611
