supplier_company_id,facility_id,supply_category,qualification_months,spare_capacity_pct
C00028,F00001,specialty_gases,7,26.1
C00027,F00005,specialty_gases,5,26.5
C00025,F00008,specialty_gases,9,22.6
C00010,F00009,polysilicon,13,7.4
C00013,F00011,polysilicon,10,5.3
C00013,F00014,polysilicon,7,31.8
C00023,F00014,specialty_gases,7,33.3
C00021,F00019,specialty_gases,4,34.1
C00012,F00020,polysilicon,13,17.0
C00012,F00021,polysilicon,13,14.8
C00012,F00022,polysilicon,12,8.3
C00010,F00023,polysilicon,4,32.8
C00021,F00023,specialty_gases,9,29.5
C00012,F00024,polysilicon,12,27.5
C00028,F00024,specialty_gases,6,26.2
C00024,F00026,specialty_gases,3,8.8
C00027,F00027,specialty_gases,15,5.2
C00023,F00029,specialty_gases,7,29.3
C00012,F00030,polysilicon,6,29.3
C00021,F00030,specialty_gases,6,5.3
C00028,F00031,specialty_gases,15,14.5
C00012,F00032,polysilicon,10,26.4
C00011,F00035,polysilicon,11,8.2
C00026,F00035,specialty_gases,7,23.2
C00028,F00036,specialty_gases,7,23.9
C00024,F00037,specialty_gases,11,34.5
C00012,F00038,polysilicon,5,16.6
C00024,F00039,specialty_gases,7,21.1
C00012,F00040,polysilicon,7,19.4
C00012,F00041,polysilicon,3,11.5
C00011,F00042,polysilicon,9,13.5
C00024,F00042,specialty_gases,8,7.7
C00028,F00044,specialty_gases,3,9.8
C00010,F00046,polysilicon,5,11.9
C00025,F00049,specialty_gases,9,26.8
C00023,F00054,specialty_gases,9,5.1
C00013,F00057,polysilicon,15,11.2
C00022,F00064,specialty_gases,6,17.4
C00023,F00066,specialty_gases,6,17.7
C00013,F00067,polysilicon,11,8.8
C00022,F00067,specialty_gases,8,26.8
C00011,F00069,polysilicon,7,23.1
C00023,F00069,specialty_gases,6,16.7
C00023,F00072,specialty_gases,10,23.2
C00025,F00073,specialty_gases,7,26.8
C00048,F00149,cmp_slurry,4,34.2
C00056,F00150,etch,6,12.0
C00076,F00150,metrology,10,12.2
C00022,F00150,specialty_gases,6,19.6
C00049,F00150,cmp_slurry,14,9.6
C00004,F00151,wafers,4,13.3
C00019,F00151,photoresist,12,10.9
C00033,F00151,wet_chemicals,3,24.2
C00018,F00152,photoresist,9,7.7
C00068,F00153,deposition,3,28.0
C00082,F00153,cleaning,3,32.6
C00092,F00153,ion_implant,13,16.0
C00020,F00153,photoresist,6,32.3
C00056,F00154,etch,4,13.0
C00005,F00154,wafers,4,15.5
C00033,F00154,wet_chemicals,10,12.4
C00053,F00155,lithography,30,14.8
C00063,F00155,etch,6,15.8
C00092,F00155,ion_implant,8,32.8
C00007,F00155,wafers,15,24.6
C00032,F00155,wet_chemicals,14,30.1
C00045,F00155,cmp_slurry,13,20.2
C00055,F00156,etch,12,34.1
C00048,F00156,cmp_slurry,3,10.3
C00062,F00157,etch,5,8.1
C00080,F00157,metrology,3,8.6
C00084,F00157,cleaning,13,29.3
C00003,F00157,wafers,8,5.3
C00054,F00158,lithography,13,18.4
C00058,F00158,etch,7,6.9
C00009,F00158,wafers,10,18.2
C00024,F00158,specialty_gases,4,24.7
C00029,F00158,wet_chemicals,14,10.7
C00064,F00159,deposition,8,30.5
C00081,F00159,metrology,11,23.4
C00087,F00159,cleaning,15,24.7
C00027,F00159,specialty_gases,15,14.2
C00032,F00159,wet_chemicals,13,20.3
C00046,F00159,cmp_slurry,12,26.2
C00060,F00160,etch,5,26.7
C00087,F00160,cleaning,6,9.7
C00091,F00160,ion_implant,9,10.1
C00008,F00160,wafers,14,24.5
C00049,F00160,cmp_slurry,9,32.2
C00068,F00161,deposition,9,7.7
C00082,F00161,cleaning,8,25.3
C00003,F00161,wafers,12,7.7
C00018,F00161,photoresist,5,33.5
C00051,F00162,lithography,17,28.6
C00063,F00162,etch,8,14.2
C00031,F00162,wet_chemicals,10,12.3
C00045,F00162,cmp_slurry,11,23.0
C00081,F00163,metrology,11,19.6
C00017,F00163,photoresist,9,12.7
C00036,F00163,wet_chemicals,11,8.9
C00051,F00164,lithography,13,32.6
C00034,F00164,wet_chemicals,15,31.8
C00066,F00165,deposition,11,10.4
C00092,F00165,ion_implant,9,28.2
C00029,F00165,wet_chemicals,3,29.5
C00047,F00165,cmp_slurry,10,22.5
C00060,F00166,etch,8,13.5
C00078,F00166,metrology,14,26.2
C00024,F00166,specialty_gases,12,5.7
C00070,F00167,deposition,4,26.3
C00015,F00167,photoresist,3,31.2
C00021,F00167,specialty_gases,7,32.0
C00050,F00167,cmp_slurry,13,6.6
C00071,F00168,deposition,6,10.5
C00075,F00168,metrology,4,11.9
C00086,F00168,cleaning,7,29.1
C00052,F00169,lithography,18,14.6
C00059,F00169,etch,6,15.8
C00082,F00169,cleaning,4,6.3
C00027,F00169,specialty_gases,9,21.0
C00051,F00171,lithography,25,30.0
C00088,F00171,ion_implant,7,9.6
C00017,F00171,photoresist,14,14.2
C00078,F00172,metrology,4,11.3
C00086,F00172,cleaning,6,34.8
C00089,F00172,ion_implant,9,11.9
C00014,F00172,photoresist,8,23.3
C00053,F00173,lithography,23,14.2
C00058,F00173,etch,7,30.3
C00089,F00173,ion_implant,10,27.6
C00002,F00173,wafers,14,15.4
C00017,F00173,photoresist,12,23.8
C00054,F00174,lithography,23,18.2
C00067,F00174,deposition,7,11.7
C00088,F00174,ion_implant,12,16.5
C00024,F00174,specialty_gases,15,30.3
C00035,F00174,wet_chemicals,14,15.0
C00048,F00174,cmp_slurry,15,25.0
C00058,F00175,etch,8,14.7
C00024,F00175,specialty_gases,6,19.9
C00084,F00176,cleaning,7,14.1
C00002,F00176,wafers,15,25.7
C00020,F00176,photoresist,11,32.5
C00028,F00176,specialty_gases,12,5.7
C00048,F00176,cmp_slurry,12,18.4
C00066,F00177,deposition,6,7.8
C00078,F00177,metrology,14,20.1
C00090,F00177,ion_implant,5,10.7
C00007,F00177,wafers,7,16.4
C00036,F00177,wet_chemicals,11,10.4
C00075,F00178,metrology,10,25.7
C00002,F00178,wafers,5,17.0
C00090,F00179,ion_implant,6,17.5
C00015,F00179,photoresist,10,14.2
C00024,F00179,specialty_gases,15,8.6
C00062,F00180,etch,13,15.2
C00066,F00180,deposition,10,9.0
C00083,F00180,cleaning,11,31.2
C00030,F00180,wet_chemicals,11,33.0
C00067,F00181,deposition,15,18.6
C00003,F00181,wafers,10,21.0
C00050,F00181,cmp_slurry,13,10.3
C00054,F00182,lithography,18,5.2
C00088,F00182,ion_implant,15,6.9
C00004,F00182,wafers,10,16.6
C00026,F00182,specialty_gases,9,12.4
C00049,F00182,cmp_slurry,15,9.9
C00052,F00183,lithography,26,34.4
C00062,F00183,etch,9,12.8
C00087,F00183,cleaning,15,9.7
C00091,F00183,ion_implant,9,12.4
C00023,F00183,specialty_gases,3,12.7
C00032,F00183,wet_chemicals,10,22.2
C00051,F00184,lithography,12,7.9
C00064,F00184,deposition,6,34.1
C00081,F00184,metrology,15,28.8
C00089,F00184,ion_implant,7,8.5
C00001,F00184,wafers,14,16.9
C00017,F00184,photoresist,3,19.5
C00048,F00184,cmp_slurry,11,7.3
C00051,F00185,lithography,16,22.8
C00055,F00185,etch,9,34.8
C00075,F00185,metrology,11,9.0
C00082,F00185,cleaning,13,27.1
C00023,F00185,specialty_gases,7,25.4
C00050,F00185,cmp_slurry,10,23.5
C00074,F00186,metrology,7,17.2
C00002,F00186,wafers,4,5.8
C00016,F00186,photoresist,7,15.4
C00022,F00186,specialty_gases,13,6.8
C00033,F00186,wet_chemicals,11,12.1
C00061,F00188,etch,7,33.5
C00069,F00188,deposition,6,26.1
C00075,F00188,metrology,10,14.5
C00004,F00188,wafers,3,32.4
C00020,F00188,photoresist,14,15.8
C00062,F00189,etch,10,31.8
C00080,F00189,metrology,8,34.2
C00051,F00190,lithography,23,26.2
C00071,F00190,deposition,5,25.9
C00008,F00190,wafers,14,21.7
C00035,F00190,wet_chemicals,6,14.7
C00045,F00190,cmp_slurry,14,15.8
C00076,F00191,metrology,8,16.2
C00006,F00191,wafers,3,6.9
C00061,F00193,etch,11,17.6
C00015,F00193,photoresist,8,28.9
C00026,F00193,specialty_gases,13,28.0
C00036,F00194,wet_chemicals,3,18.8
C00059,F00195,etch,3,15.0
C00064,F00195,deposition,10,11.8
C00087,F00195,cleaning,4,15.9
C00090,F00195,ion_implant,12,18.7
C00028,F00195,specialty_gases,11,5.4
C00033,F00195,wet_chemicals,10,16.4
C00045,F00195,cmp_slurry,8,15.0
C00002,F00196,wafers,5,29.9
C00054,F00197,lithography,21,15.4
C00056,F00197,etch,6,29.4
C00028,F00197,specialty_gases,14,7.0
C00061,F00198,etch,7,17.0
C00002,F00198,wafers,14,25.3
C00019,F00198,photoresist,14,12.2
C00023,F00198,specialty_gases,15,19.6
C00029,F00198,wet_chemicals,8,7.0
C00060,F00199,etch,13,12.4
C00081,F00199,metrology,15,14.5
C00089,F00199,ion_implant,15,21.4
C00003,F00199,wafers,12,31.8
C00034,F00199,wet_chemicals,6,16.6
C00046,F00199,cmp_slurry,3,26.5
C00075,F00200,metrology,10,31.6
C00034,F00200,wet_chemicals,7,25.2
C00045,F00200,cmp_slurry,10,33.0
C00070,F00201,deposition,4,23.8
C00017,F00201,photoresist,14,27.6
C00028,F00201,specialty_gases,15,23.2
C00046,F00201,cmp_slurry,10,5.5
C00069,F00202,deposition,8,34.3
C00085,F00202,cleaning,3,21.6
C00020,F00202,photoresist,14,8.6
C00024,F00202,specialty_gases,7,15.0
C00048,F00202,cmp_slurry,14,7.8
C00063,F00203,etch,11,10.7
C00081,F00203,metrology,11,34.0
C00084,F00203,cleaning,15,8.0
C00027,F00203,specialty_gases,8,24.4
C00088,F00204,ion_implant,6,20.6
C00048,F00204,cmp_slurry,3,23.3
C00080,F00205,metrology,4,32.2
C00082,F00205,cleaning,15,32.7
C00031,F00205,wet_chemicals,12,21.0
C00054,F00206,lithography,12,9.2
C00063,F00206,etch,13,30.3
C00002,F00206,wafers,3,23.2
C00067,F00207,deposition,4,24.9
C00003,F00207,wafers,10,27.8
C00064,F00208,deposition,13,9.7
C00075,F00208,metrology,9,11.9
C00092,F00208,ion_implant,4,18.7
C00020,F00208,photoresist,11,8.3
C00029,F00208,wet_chemicals,5,5.6
C00074,F00209,metrology,10,15.7
C00073,F00210,deposition,7,31.9
C00080,F00210,metrology,12,12.3
C00005,F00210,wafers,8,31.0
C00017,F00210,photoresist,4,9.8
C00034,F00210,wet_chemicals,11,33.4
C00085,F00211,cleaning,9,31.9
C00016,F00211,photoresist,12,32.2
C00068,F00212,deposition,3,13.4
C00020,F00212,photoresist,15,8.1
C00027,F00212,specialty_gases,4,6.9
C00071,F00213,deposition,6,24.3
C00075,F00213,metrology,5,30.9
C00082,F00213,cleaning,3,13.6
C00014,F00213,photoresist,13,27.3
C00053,F00214,lithography,19,5.8
C00070,F00214,deposition,10,30.3
C00009,F00214,wafers,10,13.3
C00057,F00215,etch,12,10.4
C00066,F00215,deposition,6,22.0
C00080,F00215,metrology,15,11.9
C00019,F00215,photoresist,14,11.4
C00029,F00215,wet_chemicals,11,23.7
C00054,F00216,lithography,29,17.0
C00061,F00216,etch,13,31.4
C00071,F00216,deposition,8,17.3
C00005,F00216,wafers,6,32.6
C00053,F00217,lithography,18,9.1
C00002,F00217,wafers,12,10.0
C00036,F00217,wet_chemicals,5,19.8
C00054,F00218,lithography,22,9.2
C00075,F00218,metrology,9,9.2
C00091,F00218,ion_implant,12,13.8
C00053,F00219,lithography,23,12.2
C00080,F00219,metrology,6,33.2
C00090,F00219,ion_implant,14,7.5
C00079,F00220,metrology,14,17.3
C00001,F00220,wafers,9,11.5
C00014,F00220,photoresist,5,19.4
C00019,F00221,photoresist,6,9.3
C00035,F00221,wet_chemicals,15,8.9
C00061,F00222,etch,5,15.5
C00089,F00222,ion_implant,4,11.7
C00022,F00222,specialty_gases,9,13.0
C00058,F00223,etch,5,32.9
C00082,F00223,cleaning,12,7.8
C00002,F00223,wafers,15,8.9
C00015,F00223,photoresist,13,25.0
C00001,F00224,wafers,14,28.7
C00019,F00224,photoresist,5,20.7
C00063,F00225,etch,9,17.9
C00065,F00225,deposition,5,9.8
C00077,F00225,metrology,13,33.4
C00022,F00225,specialty_gases,4,15.7
C00001,F00226,wafers,14,17.4
C00015,F00226,photoresist,5,7.4
C00027,F00226,specialty_gases,5,10.9
C00071,F00227,deposition,4,31.0
C00019,F00227,photoresist,10,18.4
C00032,F00227,wet_chemicals,14,18.4
C00051,F00228,lithography,29,22.4
C00082,F00228,cleaning,11,25.9
C00003,F00228,wafers,12,29.5
C00014,F00228,photoresist,9,21.0
C00059,F00229,etch,10,6.5
C00091,F00229,ion_implant,6,30.6
C00061,F00230,etch,3,28.5
C00074,F00230,metrology,7,14.1
C00003,F00230,wafers,6,31.0
C00051,F00231,lithography,27,18.7
C00059,F00231,etch,7,28.3
C00072,F00231,deposition,13,25.5
C00078,F00231,metrology,14,32.5
C00086,F00231,cleaning,14,17.6
C00004,F00231,wafers,14,22.9
C00030,F00231,wet_chemicals,12,23.9
C00053,F00232,lithography,23,9.0
C00063,F00232,etch,10,30.6
C00071,F00232,deposition,5,9.6
C00079,F00232,metrology,13,26.9
C00082,F00232,cleaning,8,5.1
C00092,F00233,ion_implant,8,32.1
C00003,F00233,wafers,10,23.0
C00015,F00233,photoresist,12,10.8
C00025,F00233,specialty_gases,13,13.6
C00064,F00234,deposition,6,19.6
C00016,F00234,photoresist,7,32.1
C00035,F00235,wet_chemicals,15,25.5
C00051,F00236,lithography,28,9.5
C00059,F00236,etch,3,22.6
C00088,F00236,ion_implant,4,32.4
C00007,F00236,wafers,9,16.6
C00025,F00236,specialty_gases,10,19.5
C00054,F00237,lithography,15,10.5
C00089,F00237,ion_implant,8,12.5
C00021,F00237,specialty_gases,7,17.1
C00032,F00237,wet_chemicals,14,19.7
C00055,F00238,etch,15,23.2
C00034,F00238,wet_chemicals,15,33.9
C00053,F00239,lithography,16,14.7
C00076,F00239,metrology,9,28.6
C00083,F00239,cleaning,14,6.3
C00002,F00239,wafers,8,19.9
C00063,F00241,etch,7,33.8
C00086,F00241,cleaning,7,25.5
C00002,F00241,wafers,12,32.2
C00093,F00242,assembly_tools,13,7.4
C00031,F00242,wet_chemicals,15,28.6
C00098,F00244,assembly_tools,11,12.1
C00039,F00245,substrates,6,8.4
C00029,F00245,wet_chemicals,10,19.5
C00044,F00250,substrates,12,6.5
C00033,F00250,wet_chemicals,9,11.9
C00033,F00251,wet_chemicals,12,14.7
C00031,F00252,wet_chemicals,15,10.4
C00041,F00253,substrates,10,31.4
C00036,F00254,wet_chemicals,14,21.2
C00099,F00255,assembly_tools,13,26.7
C00100,F00256,assembly_tools,10,21.9
C00036,F00256,wet_chemicals,10,16.8
C00100,F00257,assembly_tools,10,19.9
C00041,F00257,substrates,15,9.3
C00094,F00258,assembly_tools,10,15.1
C00099,F00259,assembly_tools,3,33.4
C00096,F00260,assembly_tools,15,29.4
C00094,F00261,assembly_tools,13,9.4
C00040,F00261,substrates,11,8.9
C00040,F00262,substrates,9,13.3
C00033,F00264,wet_chemicals,8,11.4
C00038,F00265,substrates,9,21.4
C00034,F00267,wet_chemicals,3,29.8
C00099,F00270,assembly_tools,10,11.8
C00043,F00270,substrates,8,9.1
C00035,F00270,wet_chemicals,6,5.8
C00098,F00271,assembly_tools,15,16.4
C00034,F00272,wet_chemicals,11,16.4
C00097,F00273,assembly_tools,8,8.6
C00039,F00274,substrates,4,34.3
C00099,F00276,assembly_tools,7,18.6
C00037,F00276,substrates,14,23.6
C00033,F00276,wet_chemicals,4,17.4
C00097,F00277,assembly_tools,7,13.9
C00036,F00277,wet_chemicals,7,33.1
C00033,F00278,wet_chemicals,11,7.7
C00041,F00279,substrates,7,7.2
C00099,F00281,assembly_tools,12,21.6
C00038,F00281,substrates,8,20.8
C00036,F00281,wet_chemicals,12,31.1
C00095,F00283,assembly_tools,15,19.9
C00029,F00284,wet_chemicals,3,31.2
C00034,F00286,wet_chemicals,6,16.7
C00100,F00289,assembly_tools,9,31.3
C00037,F00289,substrates,8,14.5
C00032,F00289,wet_chemicals,8,25.0
C00038,F00290,substrates,3,5.2
C00036,F00291,wet_chemicals,3,34.1
C00033,F00294,wet_chemicals,10,8.1
C00096,F00296,assembly_tools,3,25.6
C00094,F00298,assembly_tools,10,33.4
C00034,F00300,wet_chemicals,10,17.5
C00032,F00302,wet_chemicals,9,12.8
